"file","default_export","named_exports"
".\backup_20250812_202705\api.config.ts","no",
".\backup_20250812_202705\apiClient.ts","yes",
".\backup_20250812_202705\AuthContext.tsx","yes",
".\backup_20250812_202705\StatsPage.tsx","yes",
".\backup_20250818003243\src\api\products\[id].ts","yes",
".\backup_20250818003243\src\api\products.ts","yes",
".\backup_20250818003243\src\api\realApi.ts","no",
".\backup_20250818003243\src\api\types.ts","no",
".\backup_20250818003243\src\auth\components\AuthPage.tsx","yes",
".\backup_20250818003243\src\auth\components\LoginForm.tsx","yes",
".\backup_20250818003243\src\auth\components\RegisterForm.tsx","yes",
".\backup_20250818003243\src\auth\context\AuthContext.tsx","no",
".\backup_20250818003243\src\auth\hooks\useAuth.ts","yes",
".\backup_20250818003243\src\auth\hooks\useAuth.tsx","no",
".\backup_20250818003243\src\auth\types\AuthTypes.ts","no",
".\backup_20250818003243\src\chat\DeepSeekChat.tsx","no",
".\backup_20250818003243\src\chat\UpgradeModal.tsx","no",
".\backup_20250818003243\src\components\Admin\ImportProgress.tsx","yes",
".\backup_20250818003243\src\components\Admin\LogViewer.tsx","yes",
".\backup_20250818003243\src\components\Admin\ProductTable.tsx","yes",
".\backup_20250818003243\src\components\Admin\StatsCard.tsx","yes",
".\backup_20250818003243\src\components\analysis\AIChat.tsx","no",
".\backup_20250818003243\src\components\analysis\AlternativesSuggestions.tsx","no",
".\backup_20250818003243\src\components\analysis\CosmeticAnalysisDisplay.tsx","yes",
".\backup_20250818003243\src\components\analysis\CosmeticsAnalyzer.ts","no",
".\backup_20250818003243\src\components\analysis\index.ts","no",
".\backup_20250818003243\src\components\analysis\NovaAlert.tsx","no",
".\backup_20250818003243\src\components\analysis\ProgressiveAnalysis.tsx","yes",
".\backup_20250818003243\src\components\analysis\QuickStatsWidget.tsx","yes",
".\backup_20250818003243\src\components\analysis\ScientificScore.tsx","no",
".\backup_20250818003243\src\components\analysis\ScoreGauge.tsx","no",
".\backup_20250818003243\src\components\analysis\UnifiedAnalysisResult.tsx","yes",
".\backup_20250818003243\src\components\chat\ChatWidget.tsx","no",
".\backup_20250818003243\src\components\common\Badge.tsx","yes",
".\backup_20250818003243\src\components\common\Button.tsx","yes",
".\backup_20250818003243\src\components\common\LoadingSpinner.tsx","yes",
".\backup_20250818003243\src\components\dashboard\CommunityComparison.tsx","yes",
".\backup_20250818003243\src\components\dashboard\DailyAnalysesChart.tsx","yes",
".\backup_20250818003243\src\components\dashboard\RecommendationsSection.tsx","yes",
".\backup_20250818003243\src\components\dashboard\WeeklySummary.tsx","yes",
".\backup_20250818003243\src\components\gdpr\ConsentManager.tsx","yes",
".\backup_20250818003243\src\components\product\ProductIngredientsSection.tsx","no",
".\backup_20250818003243\src\components\profile\PreferencesTab.tsx","no",
".\backup_20250818003243\src\components\quota\QuotaAlert.tsx","yes",
".\backup_20250818003243\src\components\quota\QuotaBanner.tsx","no",
".\backup_20250818003243\src\components\quota\QuotaBar.tsx","no",
".\backup_20250818003243\src\components\scanner\BarcodeScanner.tsx","yes",
".\backup_20250818003243\src\components\scanner\CategoryAutoDetector.tsx","yes",
".\backup_20250818003243\src\components\scanner\EnhancedBarcodeScanner.tsx","yes",
".\backup_20250818003243\src\components\scanner\ManualSearch.tsx","yes",
".\backup_20250818003243\src\components\scanner\PhotoCapture.tsx","yes",
".\backup_20250818003243\src\components\search\SearchExperience.tsx","yes",
".\backup_20250818003243\src\components\ui\LoadingStates.tsx","no",
".\backup_20250818003243\src\components\upgrade\SmartUpgradeModal.tsx","no",
".\backup_20250818003243\src\components\AdvancedFilters.tsx","yes",
".\backup_20250818003243\src\components\AffiliateButton.tsx","yes",
".\backup_20250818003243\src\components\AlgoliaProductCard.tsx","yes",
".\backup_20250818003243\src\components\AnalysisResultCard.tsx","no",
".\backup_20250818003243\src\components\CategoryCard.tsx","yes",
".\backup_20250818003243\src\components\CategoryFilter.tsx","yes",
".\backup_20250818003243\src\components\CategoryNavigation.tsx","yes",
".\backup_20250818003243\src\components\CategorySelector.tsx","yes",
".\backup_20250818003243\src\components\ChatBot.tsx","yes",
".\backup_20250818003243\src\components\ConfidenceBadge.tsx","yes",
".\backup_20250818003243\src\components\CookieBanner.tsx","yes",
".\backup_20250818003243\src\components\EcoScoreBadge.tsx","yes",
".\backup_20250818003243\src\components\EmailVerificationBanner.tsx","no",
".\backup_20250818003243\src\components\EnvironmentScore.tsx","yes",
".\backup_20250818003243\src\components\ErrorBoundary.tsx","yes",
".\backup_20250818003243\src\components\ErrorMessage.tsx","yes",
".\backup_20250818003243\src\components\EthicalScoreBadge.tsx","yes",
".\backup_20250818003243\src\components\Footer.tsx","yes",
".\backup_20250818003243\src\components\HealthScoreCircle.tsx","yes",
".\backup_20250818003243\src\components\LanguageSelector.tsx","yes",
".\backup_20250818003243\src\components\Layout.tsx","no",
".\backup_20250818003243\src\components\Navbar.tsx","yes",
".\backup_20250818003243\src\components\NoResultsFound.tsx","yes",
".\backup_20250818003243\src\components\NovaBadge.tsx","no",
".\backup_20250818003243\src\components\NovaDetails.tsx","yes",
".\backup_20250818003243\src\components\NovaResults.tsx","yes",
".\backup_20250818003243\src\components\PartnerLinks.tsx","yes",
".\backup_20250818003243\src\components\PhotoCapture.tsx","yes",
".\backup_20250818003243\src\components\PremiumUpgradeModal.tsx","yes",
".\backup_20250818003243\src\components\PrivateRoute.tsx","no",
".\backup_20250818003243\src\components\ProductCard.tsx","yes",
".\backup_20250818003243\src\components\ProductCardSkeleton.tsx","yes",
".\backup_20250818003243\src\components\ProductDetail.tsx","yes",
".\backup_20250818003243\src\components\ProductHit.tsx","yes",
".\backup_20250818003243\src\components\PWAInstallBanner.tsx","yes",
".\backup_20250818003243\src\components\ResultCard.tsx","yes",
".\backup_20250818003243\src\components\ScanFloatingButton.tsx","yes",
".\backup_20250818003243\src\components\SEOHead.tsx","no",
".\backup_20250818003243\src\components\SimilarProductsCarousel.tsx","yes",
".\backup_20250818003243\src\components\TranslatedContent.tsx","no",
".\backup_20250818003243\src\components\UltraProcessingPanel.tsx","yes",
".\backup_20250818003243\src\components\UltraTransformResults.tsx","yes",
".\backup_20250818003243\src\config\api.config.ts","no",
".\backup_20250818003243\src\config\constants.ts","no",
".\backup_20250818003243\src\cosmetics\CertificationBadges.tsx","yes",
".\backup_20250818003243\src\cosmetics\IngredientsList.tsx","yes",
".\backup_20250818003243\src\data\ingredientsKnowledge.ts","no",
".\backup_20250818003243\src\data\mockData.ts","no",
".\backup_20250818003243\src\dev\devTools.ts","no",
".\backup_20250818003243\src\hooks\index.ts","no",
".\backup_20250818003243\src\hooks\use-debounce.ts","no",
".\backup_20250818003243\src\hooks\use-toast.ts","no",
".\backup_20250818003243\src\hooks\useAdmin.ts","yes",
".\backup_20250818003243\src\hooks\useAnalysis.ts","no",
".\backup_20250818003243\src\hooks\useAuth.tsx","no",
".\backup_20250818003243\src\hooks\useCamera.ts","no",
".\backup_20250818003243\src\hooks\useChat.ts","no",
".\backup_20250818003243\src\hooks\useDebounce.ts","no",
".\backup_20250818003243\src\hooks\useEmailValidation.ts","no",
".\backup_20250818003243\src\hooks\useIngredientsEnrichment.ts","no",
".\backup_20250818003243\src\hooks\useIntersectionObserver.ts","no",
".\backup_20250818003243\src\hooks\useNovaApi.ts","yes",
".\backup_20250818003243\src\hooks\useProductAnalysis.ts","no",
".\backup_20250818003243\src\hooks\useProductCache.ts","yes",
".\backup_20250818003243\src\hooks\usePWA.ts","no",
".\backup_20250818003243\src\hooks\useQuota.ts","no",
".\backup_20250818003243\src\hooks\useScanner.ts","no",
".\backup_20250818003243\src\hooks\useSEO.ts","no",
".\backup_20250818003243\src\hooks\useSimilarProducts.ts","yes",
".\backup_20250818003243\src\hooks\useUniversalSearch.ts","yes",
".\backup_20250818003243\src\hooks\useUserAnalytics.ts","yes",
".\backup_20250818003243\src\i18n\locales\en.ts","no",
".\backup_20250818003243\src\i18n\locales\fr.ts","yes",
".\backup_20250818003243\src\i18n\index.ts","yes",
".\backup_20250818003243\src\lib\api\analysis.ts","no",
".\backup_20250818003243\src\lib\algolia.ts","yes",
".\backup_20250818003243\src\pages\Auth\LoginPage.tsx","no",
".\backup_20250818003243\src\pages\Auth\RegisterPage.tsx","no",
".\backup_20250818003243\src\pages\AboutPage.tsx","yes",
".\backup_20250818003243\src\pages\AdminDashboard.tsx","yes",
".\backup_20250818003243\src\pages\AiPreferencesPage.tsx","yes",
".\backup_20250818003243\src\pages\AnalysisDevPage.tsx","no",
".\backup_20250818003243\src\pages\CategoryPage.tsx","yes",
".\backup_20250818003243\src\pages\ChatPage.tsx","yes",
".\backup_20250818003243\src\pages\CosmeticAnalysisPage.tsx","yes",
".\backup_20250818003243\src\pages\DashboardPage.tsx","yes",
".\backup_20250818003243\src\pages\DetergentAnalysisPage.tsx","yes",
".\backup_20250818003243\src\pages\EmailVerificationPage.tsx","yes",
".\backup_20250818003243\src\pages\FavoritesPage.tsx","yes",
".\backup_20250818003243\src\pages\HistoryPage.tsx","yes",
".\backup_20250818003243\src\pages\HomePage.tsx","yes",
".\backup_20250818003243\src\pages\LegalPage.tsx","yes",
".\backup_20250818003243\src\pages\LoginPage.tsx","yes",
".\backup_20250818003243\src\pages\ManualAnalysisPage.tsx","yes",
".\backup_20250818003243\src\pages\MultiCategoriesPage.tsx","yes",
".\backup_20250818003243\src\pages\MultiScanPage.tsx","yes",
".\backup_20250818003243\src\pages\PricingPage.tsx","yes",
".\backup_20250818003243\src\pages\PrivacyPage.tsx","yes",
".\backup_20250818003243\src\pages\ProductDetailPage.tsx","no",
".\backup_20250818003243\src\pages\ProductNotFoundPage.tsx","yes",
".\backup_20250818003243\src\pages\ProductPage.tsx","yes",
".\backup_20250818003243\src\pages\ProfilePage.tsx","yes",
".\backup_20250818003243\src\pages\RegisterPage.tsx","yes",
".\backup_20250818003243\src\pages\Results.tsx","yes",
".\backup_20250818003243\src\pages\ResultsPage.tsx","yes",
".\backup_20250818003243\src\pages\ScanPage.tsx","yes",
".\backup_20250818003243\src\pages\SearchPage.tsx","yes",
".\backup_20250818003243\src\pages\SettingsPage.tsx","yes",
".\backup_20250818003243\src\pages\TermsPage.tsx","yes",
".\backup_20250818003243\src\pages\UnifiedResultsPage.tsx","yes",
".\backup_20250818003243\src\pages\UniversalSearchPage.tsx","no",
".\backup_20250818003243\src\pages\UniversalSearchService.ts","yes",
".\backup_20250818003243\src\router\AppRouter.tsx","yes",
".\backup_20250818003243\src\services\ai\AIAnalysisService.ts","no",
".\backup_20250818003243\src\services\ai\DeepSeekChat.tsx","no",
".\backup_20250818003243\src\services\ai\DeepSeekClient.ts","no",
".\backup_20250818003243\src\services\ai\DeepSeekECOLOJIAService.ts","no",
".\backup_20250818003243\src\services\ai\novaClassifier.ts","yes",
".\backup_20250818003243\src\services\ai\ultraTransformService.ts","yes",
".\backup_20250818003243\src\services\algolia\client.ts","yes",
".\backup_20250818003243\src\services\chat\ChatService.ts","yes",
".\backup_20250818003243\src\services\search\EnhancedSearchInterface.tsx","yes",
".\backup_20250818003243\src\services\search\UniversalSearchService.ts","yes",
".\backup_20250818003243\src\services\security\SecureProxyService.ts","no",
".\backup_20250818003243\src\services\.ts","no",
".\backup_20250818003243\src\services\adminApi.ts","yes",
".\backup_20250818003243\src\services\aiAnalysisService.ts","yes",
".\backup_20250818003243\src\services\aiService.ts","yes",
".\backup_20250818003243\src\services\analysisService.ts","yes",
".\backup_20250818003243\src\services\analyticsService.ts","yes",
".\backup_20250818003243\src\services\api.ts","yes",
".\backup_20250818003243\src\services\apiClient.ts","yes",
".\backup_20250818003243\src\services\cloudinaryService.ts","no",
".\backup_20250818003243\src\services\configService.ts","yes",
".\backup_20250818003243\src\services\dashboardService.ts","yes",
".\backup_20250818003243\src\services\demoMode.ts","yes",
".\backup_20250818003243\src\services\demoService.ts","yes",
".\backup_20250818003243\src\services\EmailService.ts","no",
".\backup_20250818003243\src\services\emailValidationService.ts","yes",
".\backup_20250818003243\src\services\errorHandling.ts","no",
".\backup_20250818003243\src\services\fallbackService.ts","yes",
".\backup_20250818003243\src\services\historyService.ts","yes",
".\backup_20250818003243\src\services\mockService.ts","yes",
".\backup_20250818003243\src\services\multiCategoryApi.ts","yes",
".\backup_20250818003243\src\services\novaAdapter.ts","no",
".\backup_20250818003243\src\services\ocrService.ts","yes",
".\backup_20250818003243\src\services\paymentService.ts","yes",
".\backup_20250818003243\src\services\productService.ts","yes",
".\backup_20250818003243\src\services\scanService.ts","no",
".\backup_20250818003243\src\services\searchService.ts","yes",
".\backup_20250818003243\src\services\UserAnalytics.ts","yes",
".\backup_20250818003243\src\services\userService.ts","no",
".\backup_20250818003243\src\services\visionService.ts","yes",
".\backup_20250818003243\src\store\authStore.ts","no",
".\backup_20250818003243\src\store\productStore.ts","no",
".\backup_20250818003243\src\types\admin.ts","no",
".\backup_20250818003243\src\types\categories.ts","no",
".\backup_20250818003243\src\types\chat.types.ts","no",
".\backup_20250818003243\src\types\index.ts","no",
".\backup_20250818003243\src\types\mockData.ts","no",
".\backup_20250818003243\src\types\quagga2.d.ts","yes",
".\backup_20250818003243\src\types\search.ts","no",
".\backup_20250818003243\src\types\user.ts","no",
".\backup_20250818003243\src\utils\algoliaAdapter.ts","no",
".\backup_20250818003243\src\utils\bugFixes.ts","no",
".\backup_20250818003243\src\utils\normalizeAlgoliaProduct.ts","no",
".\backup_20250818003243\src\utils\performance.ts","no",
".\backup_20250818003243\src\utils\scannerControl.ts","no",
".\backup_20250818003243\src\utils\setupMocks.ts","no",
".\backup_20250818003243\src\App.complex.tsx","yes",
".\backup_20250818003243\src\App.minimal.tsx","yes",
".\backup_20250818003243\src\App.tsx","yes",
".\backup_20250818003243\src\AppCopie.tsx","yes",
".\backup_20250818003243\src\i18n.ts","yes",
".\backup_20250818003243\src\main.tsx","no",
".\backup_20250818003243\src\vite-env.d.ts","no",
".\node_modules\@asamuzakjp\css-color\dist\esm\js\cache.d.ts","no",
".\node_modules\@asamuzakjp\css-color\dist\esm\js\color.d.ts","no",
".\node_modules\@asamuzakjp\css-color\dist\esm\js\common.d.ts","no",
".\node_modules\@asamuzakjp\css-color\dist\esm\js\constant.d.ts","no",
".\node_modules\@asamuzakjp\css-color\dist\esm\js\convert.d.ts","no",
".\node_modules\@asamuzakjp\css-color\dist\esm\js\css-calc.d.ts","no",
".\node_modules\@asamuzakjp\css-color\dist\esm\js\css-gradient.d.ts","no",
".\node_modules\@asamuzakjp\css-color\dist\esm\js\css-var.d.ts","no",
".\node_modules\@asamuzakjp\css-color\dist\esm\js\relative-color.d.ts","no",
".\node_modules\@asamuzakjp\css-color\dist\esm\js\resolve.d.ts","no",
".\node_modules\@asamuzakjp\css-color\dist\esm\js\typedef.d.ts","no",
".\node_modules\@asamuzakjp\css-color\dist\esm\js\util.d.ts","no",
".\node_modules\@asamuzakjp\css-color\node_modules\lru-cache\dist\commonjs\index.d.ts","no",
".\node_modules\@asamuzakjp\css-color\node_modules\lru-cache\dist\esm\index.d.ts","no",
".\node_modules\@babel\core\src\config\files\index-browser.ts","no",
".\node_modules\@babel\core\src\config\files\index.ts","no",
".\node_modules\@hookform\resolvers\ajv\src\__tests__\__fixtures__\data.ts","no",
".\node_modules\@hookform\resolvers\ajv\src\__tests__\ajv.ts","no",
".\node_modules\@hookform\resolvers\ajv\src\__tests__\Form-native-validation.tsx","no",
".\node_modules\@hookform\resolvers\ajv\src\__tests__\Form.tsx","no",
".\node_modules\@hookform\resolvers\arktype\src\__tests__\__fixtures__\data.ts","no",
".\node_modules\@hookform\resolvers\arktype\src\__tests__\arktype.ts","no",
".\node_modules\@hookform\resolvers\arktype\src\__tests__\Form-native-validation.tsx","no",
".\node_modules\@hookform\resolvers\arktype\src\__tests__\Form.tsx","no",
".\node_modules\@hookform\resolvers\class-validator\src\__tests__\__fixtures__\data.ts","no",
".\node_modules\@hookform\resolvers\class-validator\src\__tests__\class-validator.ts","no",
".\node_modules\@hookform\resolvers\class-validator\src\__tests__\Form-native-validation.tsx","no",
".\node_modules\@hookform\resolvers\class-validator\src\__tests__\Form.tsx","no",
".\node_modules\@hookform\resolvers\computed-types\src\__tests__\__fixtures__\data.ts","no",
".\node_modules\@hookform\resolvers\computed-types\src\__tests__\computed-types.ts","no",
".\node_modules\@hookform\resolvers\computed-types\src\__tests__\Form-native-validation.tsx","no",
".\node_modules\@hookform\resolvers\computed-types\src\__tests__\Form.tsx","no",
".\node_modules\@hookform\resolvers\effect-ts\src\__tests__\__fixtures__\data.ts","no",
".\node_modules\@hookform\resolvers\effect-ts\src\__tests__\effect-ts.ts","no",
".\node_modules\@hookform\resolvers\effect-ts\src\__tests__\Form-native-validation.tsx","no",
".\node_modules\@hookform\resolvers\effect-ts\src\__tests__\Form.tsx","no",
".\node_modules\@hookform\resolvers\fluentvalidation-ts\src\__tests__\__fixtures__\data.ts","no",
".\node_modules\@hookform\resolvers\fluentvalidation-ts\src\__tests__\fluentvalidation-ts.ts","no",
".\node_modules\@hookform\resolvers\fluentvalidation-ts\src\__tests__\Form-native-validation.tsx","no",
".\node_modules\@hookform\resolvers\fluentvalidation-ts\src\__tests__\Form.tsx","no",
".\node_modules\@hookform\resolvers\io-ts\src\__tests__\__fixtures__\data.ts","no",
".\node_modules\@hookform\resolvers\io-ts\src\__tests__\errorsToRecord.ts","no",
".\node_modules\@hookform\resolvers\io-ts\src\__tests__\Form-native-validation.tsx","no",
".\node_modules\@hookform\resolvers\io-ts\src\__tests__\Form.tsx","no",
".\node_modules\@hookform\resolvers\io-ts\src\__tests__\io-ts.ts","no",
".\node_modules\@hookform\resolvers\joi\src\__tests__\__fixtures__\data.ts","no",
".\node_modules\@hookform\resolvers\joi\src\__tests__\Form-native-validation.tsx","no",
".\node_modules\@hookform\resolvers\joi\src\__tests__\Form.tsx","no",
".\node_modules\@hookform\resolvers\joi\src\__tests__\joi.ts","no",
".\node_modules\@hookform\resolvers\nope\src\__tests__\__fixtures__\data.ts","no",
".\node_modules\@hookform\resolvers\nope\src\__tests__\Form-native-validation.tsx","no",
".\node_modules\@hookform\resolvers\nope\src\__tests__\Form.tsx","no",
".\node_modules\@hookform\resolvers\nope\src\__tests__\nope.ts","no",
".\node_modules\@hookform\resolvers\superstruct\src\__tests__\__fixtures__\data.ts","no",
".\node_modules\@hookform\resolvers\superstruct\src\__tests__\Form-native-validation.tsx","no",
".\node_modules\@hookform\resolvers\superstruct\src\__tests__\Form.tsx","no",
".\node_modules\@hookform\resolvers\superstruct\src\__tests__\superstruct.ts","no",
".\node_modules\@hookform\resolvers\typanion\src\__tests__\__fixtures__\data.ts","no",
".\node_modules\@hookform\resolvers\typanion\src\__tests__\Form-native-validation.tsx","no",
".\node_modules\@hookform\resolvers\typanion\src\__tests__\Form.tsx","no",
".\node_modules\@hookform\resolvers\typanion\src\__tests__\typanion.ts","no",
".\node_modules\@hookform\resolvers\typebox\src\__tests__\__fixtures__\data.ts","no",
".\node_modules\@hookform\resolvers\typebox\src\__tests__\Form-compiler.tsx","no",
".\node_modules\@hookform\resolvers\typebox\src\__tests__\Form-native-validation-compiler.tsx","no",
".\node_modules\@hookform\resolvers\typebox\src\__tests__\Form-native-validation.tsx","no",
".\node_modules\@hookform\resolvers\typebox\src\__tests__\Form.tsx","no",
".\node_modules\@hookform\resolvers\typebox\src\__tests__\typebox-compiler.ts","no",
".\node_modules\@hookform\resolvers\typebox\src\__tests__\typebox.ts","no",
".\node_modules\@hookform\resolvers\typeschema\src\__tests__\__fixtures__\data.ts","no",
".\node_modules\@hookform\resolvers\typeschema\src\__tests__\Form-native-validation.tsx","no",
".\node_modules\@hookform\resolvers\typeschema\src\__tests__\Form.tsx","no",
".\node_modules\@hookform\resolvers\typeschema\src\__tests__\typeschema.ts","no",
".\node_modules\@hookform\resolvers\valibot\src\__tests__\__fixtures__\data.ts","no",
".\node_modules\@hookform\resolvers\valibot\src\__tests__\Form-native-validation.tsx","no",
".\node_modules\@hookform\resolvers\valibot\src\__tests__\Form.tsx","no",
".\node_modules\@hookform\resolvers\valibot\src\__tests__\valibot.ts","no",
".\node_modules\@hookform\resolvers\vest\src\__tests__\__fixtures__\data.ts","no",
".\node_modules\@hookform\resolvers\vest\src\__tests__\Form-native-validation.tsx","no",
".\node_modules\@hookform\resolvers\vest\src\__tests__\Form.tsx","no",
".\node_modules\@hookform\resolvers\vest\src\__tests__\vest.ts","no",
".\node_modules\@hookform\resolvers\vine\src\__tests__\__fixtures__\data.ts","no",
".\node_modules\@hookform\resolvers\vine\src\__tests__\Form-native-validation.tsx","no",
".\node_modules\@hookform\resolvers\vine\src\__tests__\Form.tsx","no",
".\node_modules\@hookform\resolvers\vine\src\__tests__\vine.ts","no",
".\node_modules\@hookform\resolvers\yup\src\__tests__\__fixtures__\data.ts","no",
".\node_modules\@hookform\resolvers\yup\src\__tests__\Form-native-validation.tsx","no",
".\node_modules\@hookform\resolvers\yup\src\__tests__\Form.tsx","no",
".\node_modules\@hookform\resolvers\yup\src\__tests__\yup.ts","no",
".\node_modules\@hookform\resolvers\zod\src\__tests__\__fixtures__\data.ts","no",
".\node_modules\@hookform\resolvers\zod\src\__tests__\Form-native-validation.tsx","no",
".\node_modules\@hookform\resolvers\zod\src\__tests__\Form.tsx","no",
".\node_modules\@hookform\resolvers\zod\src\__tests__\zod.ts","no",
".\node_modules\@rollup\pluginutils\node_modules\estree-walker\types\async.d.ts","no",
".\node_modules\@rollup\pluginutils\node_modules\estree-walker\types\index.d.ts","no",
".\node_modules\@rollup\pluginutils\node_modules\estree-walker\types\sync.d.ts","no",
".\node_modules\@rollup\pluginutils\node_modules\estree-walker\types\walker.d.ts","no",
".\node_modules\@sentry\browser\build\npm\types\integrations\featureFlags\launchdarkly\index.d.ts","no",
".\node_modules\@sentry\browser\build\npm\types\integrations\featureFlags\launchdarkly\integration.d.ts","no",
".\node_modules\@sentry\browser\build\npm\types\integrations\featureFlags\launchdarkly\types.d.ts","no",
".\node_modules\@sentry\browser\build\npm\types\integrations\featureFlags\openfeature\index.d.ts","no",
".\node_modules\@sentry\browser\build\npm\types\integrations\featureFlags\openfeature\integration.d.ts","no",
".\node_modules\@sentry\browser\build\npm\types\integrations\featureFlags\openfeature\types.d.ts","no",
".\node_modules\@sentry\browser\build\npm\types\integrations\featureFlags\statsig\index.d.ts","no",
".\node_modules\@sentry\browser\build\npm\types\integrations\featureFlags\statsig\integration.d.ts","no",
".\node_modules\@sentry\browser\build\npm\types\integrations\featureFlags\statsig\types.d.ts","no",
".\node_modules\@sentry\browser\build\npm\types\integrations\featureFlags\unleash\index.d.ts","no",
".\node_modules\@sentry\browser\build\npm\types\integrations\featureFlags\unleash\integration.d.ts","no",
".\node_modules\@sentry\browser\build\npm\types\integrations\featureFlags\unleash\types.d.ts","no",
".\node_modules\@sentry\browser\build\npm\types\integrations\breadcrumbs.d.ts","no",
".\node_modules\@sentry\browser\build\npm\types\integrations\browserapierrors.d.ts","no",
".\node_modules\@sentry\browser\build\npm\types\integrations\browserprofiling.d.ts","no",
".\node_modules\@sentry\browser\build\npm\types\integrations\browsersession.d.ts","no",
".\node_modules\@sentry\browser\build\npm\types\integrations\contextlines.d.ts","no",
".\node_modules\@sentry\browser\build\npm\types\integrations\globalhandlers.d.ts","no",
".\node_modules\@sentry\browser\build\npm\types\integrations\graphqlClient.d.ts","no",
".\node_modules\@sentry\browser\build\npm\types\integrations\httpclient.d.ts","no",
".\node_modules\@sentry\browser\build\npm\types\integrations\httpcontext.d.ts","no",
".\node_modules\@sentry\browser\build\npm\types\integrations\linkederrors.d.ts","no",
".\node_modules\@sentry\browser\build\npm\types\integrations\reportingobserver.d.ts","no",
".\node_modules\@sentry\browser\build\npm\types\integrations\spotlight.d.ts","no",
".\node_modules\@sentry\browser\build\npm\types\integrations\webWorker.d.ts","no",
".\node_modules\@sentry\browser\build\npm\types\integrations-bundle\index.captureconsole.d.ts","no",
".\node_modules\@sentry\browser\build\npm\types\integrations-bundle\index.dedupe.d.ts","no",
".\node_modules\@sentry\browser\build\npm\types\integrations-bundle\index.extraerrordata.d.ts","no",
".\node_modules\@sentry\browser\build\npm\types\integrations-bundle\index.feedback.d.ts","no",
".\node_modules\@sentry\browser\build\npm\types\integrations-bundle\index.graphqlclient.d.ts","no",
".\node_modules\@sentry\browser\build\npm\types\integrations-bundle\index.modulemetadata.d.ts","no",
".\node_modules\@sentry\browser\build\npm\types\integrations-bundle\index.rewriteframes.d.ts","no",
".\node_modules\@sentry\browser\build\npm\types\integrations-bundle\index.spotlight.d.ts","no",
".\node_modules\@sentry\browser\build\npm\types\pluggable-exports-bundle\index.multiplexedtransport.d.ts","no",
".\node_modules\@sentry\browser\build\npm\types\profiling\integration.d.ts","no",
".\node_modules\@sentry\browser\build\npm\types\profiling\jsSelfProfiling.d.ts","no",
".\node_modules\@sentry\browser\build\npm\types\profiling\startProfileForSpan.d.ts","no",
".\node_modules\@sentry\browser\build\npm\types\profiling\utils.d.ts","no",
".\node_modules\@sentry\browser\build\npm\types\tracing\backgroundtab.d.ts","no",
".\node_modules\@sentry\browser\build\npm\types\tracing\browserTracingIntegration.d.ts","no",
".\node_modules\@sentry\browser\build\npm\types\tracing\linkedTraces.d.ts","no",
".\node_modules\@sentry\browser\build\npm\types\tracing\reportPageLoaded.d.ts","no",
".\node_modules\@sentry\browser\build\npm\types\tracing\request.d.ts","no",
".\node_modules\@sentry\browser\build\npm\types\tracing\setActiveSpan.d.ts","no",
".\node_modules\@sentry\browser\build\npm\types\transports\fetch.d.ts","no",
".\node_modules\@sentry\browser\build\npm\types\transports\offline.d.ts","no",
".\node_modules\@sentry\browser\build\npm\types\transports\types.d.ts","no",
".\node_modules\@sentry\browser\build\npm\types\utils\detectBrowserExtension.d.ts","no",
".\node_modules\@sentry\browser\build\npm\types\utils\lazyLoadIntegration.d.ts","no",
".\node_modules\@sentry\browser\build\npm\types\client.d.ts","no",
".\node_modules\@sentry\browser\build\npm\types\debug-build.d.ts","no",
".\node_modules\@sentry\browser\build\npm\types\diagnose-sdk.d.ts","no",
".\node_modules\@sentry\browser\build\npm\types\eventbuilder.d.ts","no",
".\node_modules\@sentry\browser\build\npm\types\exports.d.ts","no",
".\node_modules\@sentry\browser\build\npm\types\feedbackAsync.d.ts","no",
".\node_modules\@sentry\browser\build\npm\types\feedbackSync.d.ts","no",
".\node_modules\@sentry\browser\build\npm\types\helpers.d.ts","no",
".\node_modules\@sentry\browser\build\npm\types\index.bundle.base.d.ts","no",
".\node_modules\@sentry\browser\build\npm\types\index.bundle.d.ts","no",
".\node_modules\@sentry\browser\build\npm\types\index.bundle.feedback.d.ts","no",
".\node_modules\@sentry\browser\build\npm\types\index.bundle.replay.d.ts","no",
".\node_modules\@sentry\browser\build\npm\types\index.bundle.replay.feedback.d.ts","no",
".\node_modules\@sentry\browser\build\npm\types\index.bundle.tracing.d.ts","no",
".\node_modules\@sentry\browser\build\npm\types\index.bundle.tracing.replay.d.ts","no",
".\node_modules\@sentry\browser\build\npm\types\index.bundle.tracing.replay.feedback.d.ts","no",
".\node_modules\@sentry\browser\build\npm\types\index.d.ts","no",
".\node_modules\@sentry\browser\build\npm\types\report-dialog.d.ts","no",
".\node_modules\@sentry\browser\build\npm\types\sdk.d.ts","no",
".\node_modules\@sentry\browser\build\npm\types\stack-parsers.d.ts","no",
".\node_modules\@sentry\browser\build\npm\types\userfeedback.d.ts","no",
".\node_modules\@sentry\browser\build\npm\types-ts3.8\integrations\featureFlags\launchdarkly\index.d.ts","no",
".\node_modules\@sentry\browser\build\npm\types-ts3.8\integrations\featureFlags\launchdarkly\integration.d.ts","no",
".\node_modules\@sentry\browser\build\npm\types-ts3.8\integrations\featureFlags\launchdarkly\types.d.ts","no",
".\node_modules\@sentry\browser\build\npm\types-ts3.8\integrations\featureFlags\openfeature\index.d.ts","no",
".\node_modules\@sentry\browser\build\npm\types-ts3.8\integrations\featureFlags\openfeature\integration.d.ts","no",
".\node_modules\@sentry\browser\build\npm\types-ts3.8\integrations\featureFlags\openfeature\types.d.ts","no",
".\node_modules\@sentry\browser\build\npm\types-ts3.8\integrations\featureFlags\statsig\index.d.ts","no",
".\node_modules\@sentry\browser\build\npm\types-ts3.8\integrations\featureFlags\statsig\integration.d.ts","no",
".\node_modules\@sentry\browser\build\npm\types-ts3.8\integrations\featureFlags\statsig\types.d.ts","no",
".\node_modules\@sentry\browser\build\npm\types-ts3.8\integrations\featureFlags\unleash\index.d.ts","no",
".\node_modules\@sentry\browser\build\npm\types-ts3.8\integrations\featureFlags\unleash\integration.d.ts","no",
".\node_modules\@sentry\browser\build\npm\types-ts3.8\integrations\featureFlags\unleash\types.d.ts","no",
".\node_modules\@sentry\browser\build\npm\types-ts3.8\integrations\breadcrumbs.d.ts","no",
".\node_modules\@sentry\browser\build\npm\types-ts3.8\integrations\browserapierrors.d.ts","no",
".\node_modules\@sentry\browser\build\npm\types-ts3.8\integrations\browserprofiling.d.ts","no",
".\node_modules\@sentry\browser\build\npm\types-ts3.8\integrations\browsersession.d.ts","no",
".\node_modules\@sentry\browser\build\npm\types-ts3.8\integrations\contextlines.d.ts","no",
".\node_modules\@sentry\browser\build\npm\types-ts3.8\integrations\globalhandlers.d.ts","no",
".\node_modules\@sentry\browser\build\npm\types-ts3.8\integrations\graphqlClient.d.ts","no",
".\node_modules\@sentry\browser\build\npm\types-ts3.8\integrations\httpclient.d.ts","no",
".\node_modules\@sentry\browser\build\npm\types-ts3.8\integrations\httpcontext.d.ts","no",
".\node_modules\@sentry\browser\build\npm\types-ts3.8\integrations\linkederrors.d.ts","no",
".\node_modules\@sentry\browser\build\npm\types-ts3.8\integrations\reportingobserver.d.ts","no",
".\node_modules\@sentry\browser\build\npm\types-ts3.8\integrations\spotlight.d.ts","no",
".\node_modules\@sentry\browser\build\npm\types-ts3.8\integrations\webWorker.d.ts","no",
".\node_modules\@sentry\browser\build\npm\types-ts3.8\integrations-bundle\index.captureconsole.d.ts","no",
".\node_modules\@sentry\browser\build\npm\types-ts3.8\integrations-bundle\index.dedupe.d.ts","no",
".\node_modules\@sentry\browser\build\npm\types-ts3.8\integrations-bundle\index.extraerrordata.d.ts","no",
".\node_modules\@sentry\browser\build\npm\types-ts3.8\integrations-bundle\index.feedback.d.ts","no",
".\node_modules\@sentry\browser\build\npm\types-ts3.8\integrations-bundle\index.graphqlclient.d.ts","no",
".\node_modules\@sentry\browser\build\npm\types-ts3.8\integrations-bundle\index.modulemetadata.d.ts","no",
".\node_modules\@sentry\browser\build\npm\types-ts3.8\integrations-bundle\index.rewriteframes.d.ts","no",
".\node_modules\@sentry\browser\build\npm\types-ts3.8\integrations-bundle\index.spotlight.d.ts","no",
".\node_modules\@sentry\browser\build\npm\types-ts3.8\pluggable-exports-bundle\index.multiplexedtransport.d.ts","no",
".\node_modules\@sentry\browser\build\npm\types-ts3.8\profiling\integration.d.ts","no",
".\node_modules\@sentry\browser\build\npm\types-ts3.8\profiling\jsSelfProfiling.d.ts","no",
".\node_modules\@sentry\browser\build\npm\types-ts3.8\profiling\startProfileForSpan.d.ts","no",
".\node_modules\@sentry\browser\build\npm\types-ts3.8\profiling\utils.d.ts","no",
".\node_modules\@sentry\browser\build\npm\types-ts3.8\tracing\backgroundtab.d.ts","no",
".\node_modules\@sentry\browser\build\npm\types-ts3.8\tracing\browserTracingIntegration.d.ts","no",
".\node_modules\@sentry\browser\build\npm\types-ts3.8\tracing\linkedTraces.d.ts","no",
".\node_modules\@sentry\browser\build\npm\types-ts3.8\tracing\reportPageLoaded.d.ts","no",
".\node_modules\@sentry\browser\build\npm\types-ts3.8\tracing\request.d.ts","no",
".\node_modules\@sentry\browser\build\npm\types-ts3.8\tracing\setActiveSpan.d.ts","no",
".\node_modules\@sentry\browser\build\npm\types-ts3.8\transports\fetch.d.ts","no",
".\node_modules\@sentry\browser\build\npm\types-ts3.8\transports\offline.d.ts","no",
".\node_modules\@sentry\browser\build\npm\types-ts3.8\transports\types.d.ts","no",
".\node_modules\@sentry\browser\build\npm\types-ts3.8\utils\detectBrowserExtension.d.ts","no",
".\node_modules\@sentry\browser\build\npm\types-ts3.8\utils\lazyLoadIntegration.d.ts","no",
".\node_modules\@sentry\browser\build\npm\types-ts3.8\client.d.ts","no",
".\node_modules\@sentry\browser\build\npm\types-ts3.8\debug-build.d.ts","no",
".\node_modules\@sentry\browser\build\npm\types-ts3.8\diagnose-sdk.d.ts","no",
".\node_modules\@sentry\browser\build\npm\types-ts3.8\eventbuilder.d.ts","no",
".\node_modules\@sentry\browser\build\npm\types-ts3.8\exports.d.ts","no",
".\node_modules\@sentry\browser\build\npm\types-ts3.8\feedbackAsync.d.ts","no",
".\node_modules\@sentry\browser\build\npm\types-ts3.8\feedbackSync.d.ts","no",
".\node_modules\@sentry\browser\build\npm\types-ts3.8\helpers.d.ts","no",
".\node_modules\@sentry\browser\build\npm\types-ts3.8\index.bundle.base.d.ts","no",
".\node_modules\@sentry\browser\build\npm\types-ts3.8\index.bundle.d.ts","no",
".\node_modules\@sentry\browser\build\npm\types-ts3.8\index.bundle.feedback.d.ts","no",
".\node_modules\@sentry\browser\build\npm\types-ts3.8\index.bundle.replay.d.ts","no",
".\node_modules\@sentry\browser\build\npm\types-ts3.8\index.bundle.replay.feedback.d.ts","no",
".\node_modules\@sentry\browser\build\npm\types-ts3.8\index.bundle.tracing.d.ts","no",
".\node_modules\@sentry\browser\build\npm\types-ts3.8\index.bundle.tracing.replay.d.ts","no",
".\node_modules\@sentry\browser\build\npm\types-ts3.8\index.bundle.tracing.replay.feedback.d.ts","no",
".\node_modules\@sentry\browser\build\npm\types-ts3.8\index.d.ts","no",
".\node_modules\@sentry\browser\build\npm\types-ts3.8\report-dialog.d.ts","no",
".\node_modules\@sentry\browser\build\npm\types-ts3.8\sdk.d.ts","no",
".\node_modules\@sentry\browser\build\npm\types-ts3.8\stack-parsers.d.ts","no",
".\node_modules\@sentry\browser\build\npm\types-ts3.8\userfeedback.d.ts","no",
".\node_modules\@sentry\core\build\types\asyncContext\index.d.ts","no",
".\node_modules\@sentry\core\build\types\asyncContext\stackStrategy.d.ts","no",
".\node_modules\@sentry\core\build\types\asyncContext\types.d.ts","no",
".\node_modules\@sentry\core\build\types\build-time-plugins\buildTimeOptionsBase.d.ts","no",
".\node_modules\@sentry\core\build\types\instrument\console.d.ts","no",
".\node_modules\@sentry\core\build\types\instrument\fetch.d.ts","no",
".\node_modules\@sentry\core\build\types\instrument\globalError.d.ts","no",
".\node_modules\@sentry\core\build\types\instrument\globalUnhandledRejection.d.ts","no",
".\node_modules\@sentry\core\build\types\instrument\handlers.d.ts","no",
".\node_modules\@sentry\core\build\types\integrations\featureFlags\featureFlagsIntegration.d.ts","no",
".\node_modules\@sentry\core\build\types\integrations\featureFlags\index.d.ts","no",
".\node_modules\@sentry\core\build\types\integrations\mcp-server\attributeExtraction.d.ts","no",
".\node_modules\@sentry\core\build\types\integrations\mcp-server\attributes.d.ts","no",
".\node_modules\@sentry\core\build\types\integrations\mcp-server\correlation.d.ts","no",
".\node_modules\@sentry\core\build\types\integrations\mcp-server\errorCapture.d.ts","no",
".\node_modules\@sentry\core\build\types\integrations\mcp-server\handlers.d.ts","no",
".\node_modules\@sentry\core\build\types\integrations\mcp-server\index.d.ts","no",
".\node_modules\@sentry\core\build\types\integrations\mcp-server\methodConfig.d.ts","no",
".\node_modules\@sentry\core\build\types\integrations\mcp-server\piiFiltering.d.ts","no",
".\node_modules\@sentry\core\build\types\integrations\mcp-server\resultExtraction.d.ts","no",
".\node_modules\@sentry\core\build\types\integrations\mcp-server\sessionExtraction.d.ts","no",
".\node_modules\@sentry\core\build\types\integrations\mcp-server\sessionManagement.d.ts","no",
".\node_modules\@sentry\core\build\types\integrations\mcp-server\spans.d.ts","no",
".\node_modules\@sentry\core\build\types\integrations\mcp-server\transport.d.ts","no",
".\node_modules\@sentry\core\build\types\integrations\mcp-server\types.d.ts","no",
".\node_modules\@sentry\core\build\types\integrations\mcp-server\validation.d.ts","no",
".\node_modules\@sentry\core\build\types\integrations\captureconsole.d.ts","no",
".\node_modules\@sentry\core\build\types\integrations\consola.d.ts","no",
".\node_modules\@sentry\core\build\types\integrations\console.d.ts","no",
".\node_modules\@sentry\core\build\types\integrations\dedupe.d.ts","no",
".\node_modules\@sentry\core\build\types\integrations\eventFilters.d.ts","no",
".\node_modules\@sentry\core\build\types\integrations\extraerrordata.d.ts","no",
".\node_modules\@sentry\core\build\types\integrations\functiontostring.d.ts","no",
".\node_modules\@sentry\core\build\types\integrations\linkederrors.d.ts","no",
".\node_modules\@sentry\core\build\types\integrations\moduleMetadata.d.ts","no",
".\node_modules\@sentry\core\build\types\integrations\requestdata.d.ts","no",
".\node_modules\@sentry\core\build\types\integrations\rewriteframes.d.ts","no",
".\node_modules\@sentry\core\build\types\integrations\supabase.d.ts","no",
".\node_modules\@sentry\core\build\types\integrations\third-party-errors-filter.d.ts","no",
".\node_modules\@sentry\core\build\types\integrations\zoderrors.d.ts","no",
".\node_modules\@sentry\core\build\types\logs\console-integration.d.ts","no",
".\node_modules\@sentry\core\build\types\logs\constants.d.ts","no",
".\node_modules\@sentry\core\build\types\logs\envelope.d.ts","no",
".\node_modules\@sentry\core\build\types\logs\internal.d.ts","no",
".\node_modules\@sentry\core\build\types\logs\public-api.d.ts","no",
".\node_modules\@sentry\core\build\types\logs\utils.d.ts","no",
".\node_modules\@sentry\core\build\types\tracing\dynamicSamplingContext.d.ts","no",
".\node_modules\@sentry\core\build\types\tracing\errors.d.ts","no",
".\node_modules\@sentry\core\build\types\tracing\idleSpan.d.ts","no",
".\node_modules\@sentry\core\build\types\tracing\index.d.ts","no",
".\node_modules\@sentry\core\build\types\tracing\logSpans.d.ts","no",
".\node_modules\@sentry\core\build\types\tracing\measurement.d.ts","no",
".\node_modules\@sentry\core\build\types\tracing\sampling.d.ts","no",
".\node_modules\@sentry\core\build\types\tracing\sentryNonRecordingSpan.d.ts","no",
".\node_modules\@sentry\core\build\types\tracing\sentrySpan.d.ts","no",
".\node_modules\@sentry\core\build\types\tracing\spanstatus.d.ts","no",
".\node_modules\@sentry\core\build\types\tracing\trace.d.ts","no",
".\node_modules\@sentry\core\build\types\tracing\utils.d.ts","no",
".\node_modules\@sentry\core\build\types\transports\base.d.ts","no",
".\node_modules\@sentry\core\build\types\transports\multiplexed.d.ts","no",
".\node_modules\@sentry\core\build\types\transports\offline.d.ts","no",
".\node_modules\@sentry\core\build\types\types-hoist\feedback\config.d.ts","no",
".\node_modules\@sentry\core\build\types\types-hoist\feedback\form.d.ts","no",
".\node_modules\@sentry\core\build\types\types-hoist\feedback\index.d.ts","no",
".\node_modules\@sentry\core\build\types\types-hoist\feedback\sendFeedback.d.ts","no",
".\node_modules\@sentry\core\build\types\types-hoist\feedback\theme.d.ts","no",
".\node_modules\@sentry\core\build\types\types-hoist\attachment.d.ts","no",
".\node_modules\@sentry\core\build\types\types-hoist\breadcrumb.d.ts","no",
".\node_modules\@sentry\core\build\types\types-hoist\browseroptions.d.ts","no",
".\node_modules\@sentry\core\build\types\types-hoist\checkin.d.ts","no",
".\node_modules\@sentry\core\build\types\types-hoist\clientreport.d.ts","no",
".\node_modules\@sentry\core\build\types\types-hoist\context.d.ts","no",
".\node_modules\@sentry\core\build\types\types-hoist\csp.d.ts","no",
".\node_modules\@sentry\core\build\types\types-hoist\datacategory.d.ts","no",
".\node_modules\@sentry\core\build\types\types-hoist\debugMeta.d.ts","no",
".\node_modules\@sentry\core\build\types\types-hoist\dsn.d.ts","no",
".\node_modules\@sentry\core\build\types\types-hoist\envelope.d.ts","no",
".\node_modules\@sentry\core\build\types\types-hoist\error.d.ts","no",
".\node_modules\@sentry\core\build\types\types-hoist\event.d.ts","no",
".\node_modules\@sentry\core\build\types\types-hoist\eventprocessor.d.ts","no",
".\node_modules\@sentry\core\build\types\types-hoist\exception.d.ts","no",
".\node_modules\@sentry\core\build\types\types-hoist\extra.d.ts","no",
".\node_modules\@sentry\core\build\types\types-hoist\instrument.d.ts","no",
".\node_modules\@sentry\core\build\types\types-hoist\integration.d.ts","no",
".\node_modules\@sentry\core\build\types\types-hoist\link.d.ts","no",
".\node_modules\@sentry\core\build\types\types-hoist\log.d.ts","no",
".\node_modules\@sentry\core\build\types\types-hoist\measurement.d.ts","no",
".\node_modules\@sentry\core\build\types\types-hoist\mechanism.d.ts","no",
".\node_modules\@sentry\core\build\types\types-hoist\misc.d.ts","no",
".\node_modules\@sentry\core\build\types\types-hoist\opentelemetry.d.ts","no",
".\node_modules\@sentry\core\build\types\types-hoist\options.d.ts","no",
".\node_modules\@sentry\core\build\types\types-hoist\package.d.ts","no",
".\node_modules\@sentry\core\build\types\types-hoist\parameterize.d.ts","no",
".\node_modules\@sentry\core\build\types\types-hoist\polymorphics.d.ts","no",
".\node_modules\@sentry\core\build\types\types-hoist\profiling.d.ts","no",
".\node_modules\@sentry\core\build\types\types-hoist\replay.d.ts","no",
".\node_modules\@sentry\core\build\types\types-hoist\request.d.ts","no",
".\node_modules\@sentry\core\build\types\types-hoist\runtime.d.ts","no",
".\node_modules\@sentry\core\build\types\types-hoist\samplingcontext.d.ts","no",
".\node_modules\@sentry\core\build\types\types-hoist\sdkinfo.d.ts","no",
".\node_modules\@sentry\core\build\types\types-hoist\sdkmetadata.d.ts","no",
".\node_modules\@sentry\core\build\types\types-hoist\session.d.ts","no",
".\node_modules\@sentry\core\build\types\types-hoist\severity.d.ts","no",
".\node_modules\@sentry\core\build\types\types-hoist\span.d.ts","no",
".\node_modules\@sentry\core\build\types\types-hoist\spanStatus.d.ts","no",
".\node_modules\@sentry\core\build\types\types-hoist\stackframe.d.ts","no",
".\node_modules\@sentry\core\build\types\types-hoist\stacktrace.d.ts","no",
".\node_modules\@sentry\core\build\types\types-hoist\startSpanOptions.d.ts","no",
".\node_modules\@sentry\core\build\types\types-hoist\thread.d.ts","no",
".\node_modules\@sentry\core\build\types\types-hoist\timedEvent.d.ts","no",
".\node_modules\@sentry\core\build\types\types-hoist\tracing.d.ts","no",
".\node_modules\@sentry\core\build\types\types-hoist\transaction.d.ts","no",
".\node_modules\@sentry\core\build\types\types-hoist\transport.d.ts","no",
".\node_modules\@sentry\core\build\types\types-hoist\user.d.ts","no",
".\node_modules\@sentry\core\build\types\types-hoist\view-hierarchy.d.ts","no",
".\node_modules\@sentry\core\build\types\types-hoist\webfetchapi.d.ts","no",
".\node_modules\@sentry\core\build\types\types-hoist\wrappedfunction.d.ts","no",
".\node_modules\@sentry\core\build\types\utils\ai\gen-ai-attributes.d.ts","no",
".\node_modules\@sentry\core\build\types\utils\ai\utils.d.ts","no",
".\node_modules\@sentry\core\build\types\utils\anthropic-ai\constants.d.ts","no",
".\node_modules\@sentry\core\build\types\utils\anthropic-ai\index.d.ts","no",
".\node_modules\@sentry\core\build\types\utils\anthropic-ai\streaming.d.ts","no",
".\node_modules\@sentry\core\build\types\utils\anthropic-ai\types.d.ts","no",
".\node_modules\@sentry\core\build\types\utils\anthropic-ai\utils.d.ts","no",
".\node_modules\@sentry\core\build\types\utils\google-genai\constants.d.ts","no",
".\node_modules\@sentry\core\build\types\utils\google-genai\index.d.ts","no",
".\node_modules\@sentry\core\build\types\utils\google-genai\types.d.ts","no",
".\node_modules\@sentry\core\build\types\utils\google-genai\utils.d.ts","no",
".\node_modules\@sentry\core\build\types\utils\openai\constants.d.ts","no",
".\node_modules\@sentry\core\build\types\utils\openai\index.d.ts","no",
".\node_modules\@sentry\core\build\types\utils\openai\streaming.d.ts","no",
".\node_modules\@sentry\core\build\types\utils\openai\types.d.ts","no",
".\node_modules\@sentry\core\build\types\utils\openai\utils.d.ts","no",
".\node_modules\@sentry\core\build\types\utils\vercel-ai\constants.d.ts","no",
".\node_modules\@sentry\core\build\types\utils\vercel-ai\index.d.ts","no",
".\node_modules\@sentry\core\build\types\utils\vercel-ai\types.d.ts","no",
".\node_modules\@sentry\core\build\types\utils\vercel-ai\utils.d.ts","no",
".\node_modules\@sentry\core\build\types\utils\vercel-ai\vercel-ai-attributes.d.ts","no",
".\node_modules\@sentry\core\build\types\utils\aggregate-errors.d.ts","no",
".\node_modules\@sentry\core\build\types\utils\anr.d.ts","no",
".\node_modules\@sentry\core\build\types\utils\applyScopeDataToEvent.d.ts","no",
".\node_modules\@sentry\core\build\types\utils\baggage.d.ts","no",
".\node_modules\@sentry\core\build\types\utils\breadcrumb-log-level.d.ts","no",
".\node_modules\@sentry\core\build\types\utils\browser.d.ts","no",
".\node_modules\@sentry\core\build\types\utils\clientreport.d.ts","no",
".\node_modules\@sentry\core\build\types\utils\cookie.d.ts","no",
".\node_modules\@sentry\core\build\types\utils\debounce.d.ts","no",
".\node_modules\@sentry\core\build\types\utils\debug-ids.d.ts","no",
".\node_modules\@sentry\core\build\types\utils\debug-logger.d.ts","no",
".\node_modules\@sentry\core\build\types\utils\dsn.d.ts","no",
".\node_modules\@sentry\core\build\types\utils\env.d.ts","no",
".\node_modules\@sentry\core\build\types\utils\envelope.d.ts","no",
".\node_modules\@sentry\core\build\types\utils\error.d.ts","no",
".\node_modules\@sentry\core\build\types\utils\eventbuilder.d.ts","no",
".\node_modules\@sentry\core\build\types\utils\eventUtils.d.ts","no",
".\node_modules\@sentry\core\build\types\utils\exports.d.ts","no",
".\node_modules\@sentry\core\build\types\utils\featureFlags.d.ts","no",
".\node_modules\@sentry\core\build\types\utils\flushIfServerless.d.ts","no",
".\node_modules\@sentry\core\build\types\utils\handleCallbackErrors.d.ts","no",
".\node_modules\@sentry\core\build\types\utils\hasSpansEnabled.d.ts","no",
".\node_modules\@sentry\core\build\types\utils\ipAddress.d.ts","no",
".\node_modules\@sentry\core\build\types\utils\is.d.ts","no",
".\node_modules\@sentry\core\build\types\utils\isBrowser.d.ts","no",
".\node_modules\@sentry\core\build\types\utils\isSentryRequestUrl.d.ts","no",
".\node_modules\@sentry\core\build\types\utils\lru.d.ts","no",
".\node_modules\@sentry\core\build\types\utils\merge.d.ts","no",
".\node_modules\@sentry\core\build\types\utils\meta.d.ts","no",
".\node_modules\@sentry\core\build\types\utils\misc.d.ts","no",
".\node_modules\@sentry\core\build\types\utils\node-stack-trace.d.ts","no",
".\node_modules\@sentry\core\build\types\utils\node.d.ts","no",
".\node_modules\@sentry\core\build\types\utils\normalize.d.ts","no",
".\node_modules\@sentry\core\build\types\utils\object.d.ts","no",
".\node_modules\@sentry\core\build\types\utils\parameterize.d.ts","no",
".\node_modules\@sentry\core\build\types\utils\parseSampleRate.d.ts","no",
".\node_modules\@sentry\core\build\types\utils\path.d.ts","no",
".\node_modules\@sentry\core\build\types\utils\prepareEvent.d.ts","no",
".\node_modules\@sentry\core\build\types\utils\promisebuffer.d.ts","no",
".\node_modules\@sentry\core\build\types\utils\propagationContext.d.ts","no",
".\node_modules\@sentry\core\build\types\utils\ratelimit.d.ts","no",
".\node_modules\@sentry\core\build\types\utils\request.d.ts","no",
".\node_modules\@sentry\core\build\types\utils\sdkMetadata.d.ts","no",
".\node_modules\@sentry\core\build\types\utils\severity.d.ts","no",
".\node_modules\@sentry\core\build\types\utils\should-ignore-span.d.ts","no",
".\node_modules\@sentry\core\build\types\utils\spanOnScope.d.ts","no",
".\node_modules\@sentry\core\build\types\utils\spanUtils.d.ts","no",
".\node_modules\@sentry\core\build\types\utils\stacktrace.d.ts","no",
".\node_modules\@sentry\core\build\types\utils\string.d.ts","no",
".\node_modules\@sentry\core\build\types\utils\supports.d.ts","no",
".\node_modules\@sentry\core\build\types\utils\syncpromise.d.ts","no",
".\node_modules\@sentry\core\build\types\utils\time.d.ts","no",
".\node_modules\@sentry\core\build\types\utils\traceData.d.ts","no",
".\node_modules\@sentry\core\build\types\utils\tracing.d.ts","no",
".\node_modules\@sentry\core\build\types\utils\transactionEvent.d.ts","no",
".\node_modules\@sentry\core\build\types\utils\url.d.ts","no",
".\node_modules\@sentry\core\build\types\utils\vercelWaitUntil.d.ts","no",
".\node_modules\@sentry\core\build\types\utils\version.d.ts","no",
".\node_modules\@sentry\core\build\types\utils\worldwide.d.ts","no",
".\node_modules\@sentry\core\build\types\vendor\escapeStringForRegex.d.ts","no",
".\node_modules\@sentry\core\build\types\vendor\getIpAddress.d.ts","no",
".\node_modules\@sentry\core\build\types-ts3.8\asyncContext\index.d.ts","no",
".\node_modules\@sentry\core\build\types-ts3.8\asyncContext\stackStrategy.d.ts","no",
".\node_modules\@sentry\core\build\types-ts3.8\asyncContext\types.d.ts","no",
".\node_modules\@sentry\core\build\types-ts3.8\build-time-plugins\buildTimeOptionsBase.d.ts","no",
".\node_modules\@sentry\core\build\types-ts3.8\instrument\console.d.ts","no",
".\node_modules\@sentry\core\build\types-ts3.8\instrument\fetch.d.ts","no",
".\node_modules\@sentry\core\build\types-ts3.8\instrument\globalError.d.ts","no",
".\node_modules\@sentry\core\build\types-ts3.8\instrument\globalUnhandledRejection.d.ts","no",
".\node_modules\@sentry\core\build\types-ts3.8\instrument\handlers.d.ts","no",
".\node_modules\@sentry\core\build\types-ts3.8\integrations\featureFlags\featureFlagsIntegration.d.ts","no",
".\node_modules\@sentry\core\build\types-ts3.8\integrations\featureFlags\index.d.ts","no",
".\node_modules\@sentry\core\build\types-ts3.8\integrations\mcp-server\attributeExtraction.d.ts","no",
".\node_modules\@sentry\core\build\types-ts3.8\integrations\mcp-server\attributes.d.ts","no",
".\node_modules\@sentry\core\build\types-ts3.8\integrations\mcp-server\correlation.d.ts","no",
".\node_modules\@sentry\core\build\types-ts3.8\integrations\mcp-server\errorCapture.d.ts","no",
".\node_modules\@sentry\core\build\types-ts3.8\integrations\mcp-server\handlers.d.ts","no",
".\node_modules\@sentry\core\build\types-ts3.8\integrations\mcp-server\index.d.ts","no",
".\node_modules\@sentry\core\build\types-ts3.8\integrations\mcp-server\methodConfig.d.ts","no",
".\node_modules\@sentry\core\build\types-ts3.8\integrations\mcp-server\piiFiltering.d.ts","no",
".\node_modules\@sentry\core\build\types-ts3.8\integrations\mcp-server\resultExtraction.d.ts","no",
".\node_modules\@sentry\core\build\types-ts3.8\integrations\mcp-server\sessionExtraction.d.ts","no",
".\node_modules\@sentry\core\build\types-ts3.8\integrations\mcp-server\sessionManagement.d.ts","no",
".\node_modules\@sentry\core\build\types-ts3.8\integrations\mcp-server\spans.d.ts","no",
".\node_modules\@sentry\core\build\types-ts3.8\integrations\mcp-server\transport.d.ts","no",
".\node_modules\@sentry\core\build\types-ts3.8\integrations\mcp-server\types.d.ts","no",
".\node_modules\@sentry\core\build\types-ts3.8\integrations\mcp-server\validation.d.ts","no",
".\node_modules\@sentry\core\build\types-ts3.8\integrations\captureconsole.d.ts","no",
".\node_modules\@sentry\core\build\types-ts3.8\integrations\consola.d.ts","no",
".\node_modules\@sentry\core\build\types-ts3.8\integrations\console.d.ts","no",
".\node_modules\@sentry\core\build\types-ts3.8\integrations\dedupe.d.ts","no",
".\node_modules\@sentry\core\build\types-ts3.8\integrations\eventFilters.d.ts","no",
".\node_modules\@sentry\core\build\types-ts3.8\integrations\extraerrordata.d.ts","no",
".\node_modules\@sentry\core\build\types-ts3.8\integrations\functiontostring.d.ts","no",
".\node_modules\@sentry\core\build\types-ts3.8\integrations\linkederrors.d.ts","no",
".\node_modules\@sentry\core\build\types-ts3.8\integrations\moduleMetadata.d.ts","no",
".\node_modules\@sentry\core\build\types-ts3.8\integrations\requestdata.d.ts","no",
".\node_modules\@sentry\core\build\types-ts3.8\integrations\rewriteframes.d.ts","no",
".\node_modules\@sentry\core\build\types-ts3.8\integrations\supabase.d.ts","no",
".\node_modules\@sentry\core\build\types-ts3.8\integrations\third-party-errors-filter.d.ts","no",
".\node_modules\@sentry\core\build\types-ts3.8\integrations\zoderrors.d.ts","no",
".\node_modules\@sentry\core\build\types-ts3.8\logs\console-integration.d.ts","no",
".\node_modules\@sentry\core\build\types-ts3.8\logs\constants.d.ts","no",
".\node_modules\@sentry\core\build\types-ts3.8\logs\envelope.d.ts","no",
".\node_modules\@sentry\core\build\types-ts3.8\logs\internal.d.ts","no",
".\node_modules\@sentry\core\build\types-ts3.8\logs\public-api.d.ts","no",
".\node_modules\@sentry\core\build\types-ts3.8\logs\utils.d.ts","no",
".\node_modules\@sentry\core\build\types-ts3.8\tracing\dynamicSamplingContext.d.ts","no",
".\node_modules\@sentry\core\build\types-ts3.8\tracing\errors.d.ts","no",
".\node_modules\@sentry\core\build\types-ts3.8\tracing\idleSpan.d.ts","no",
".\node_modules\@sentry\core\build\types-ts3.8\tracing\index.d.ts","no",
".\node_modules\@sentry\core\build\types-ts3.8\tracing\logSpans.d.ts","no",
".\node_modules\@sentry\core\build\types-ts3.8\tracing\measurement.d.ts","no",
".\node_modules\@sentry\core\build\types-ts3.8\tracing\sampling.d.ts","no",
".\node_modules\@sentry\core\build\types-ts3.8\tracing\sentryNonRecordingSpan.d.ts","no",
".\node_modules\@sentry\core\build\types-ts3.8\tracing\sentrySpan.d.ts","no",
".\node_modules\@sentry\core\build\types-ts3.8\tracing\spanstatus.d.ts","no",
".\node_modules\@sentry\core\build\types-ts3.8\tracing\trace.d.ts","no",
".\node_modules\@sentry\core\build\types-ts3.8\tracing\utils.d.ts","no",
".\node_modules\@sentry\core\build\types-ts3.8\transports\base.d.ts","no",
".\node_modules\@sentry\core\build\types-ts3.8\transports\multiplexed.d.ts","no",
".\node_modules\@sentry\core\build\types-ts3.8\transports\offline.d.ts","no",
".\node_modules\@sentry\core\build\types-ts3.8\types-hoist\feedback\config.d.ts","no",
".\node_modules\@sentry\core\build\types-ts3.8\types-hoist\feedback\form.d.ts","no",
".\node_modules\@sentry\core\build\types-ts3.8\types-hoist\feedback\index.d.ts","no",
".\node_modules\@sentry\core\build\types-ts3.8\types-hoist\feedback\sendFeedback.d.ts","no",
".\node_modules\@sentry\core\build\types-ts3.8\types-hoist\feedback\theme.d.ts","no",
".\node_modules\@sentry\core\build\types-ts3.8\types-hoist\attachment.d.ts","no",
".\node_modules\@sentry\core\build\types-ts3.8\types-hoist\breadcrumb.d.ts","no",
".\node_modules\@sentry\core\build\types-ts3.8\types-hoist\browseroptions.d.ts","no",
".\node_modules\@sentry\core\build\types-ts3.8\types-hoist\checkin.d.ts","no",
".\node_modules\@sentry\core\build\types-ts3.8\types-hoist\clientreport.d.ts","no",
".\node_modules\@sentry\core\build\types-ts3.8\types-hoist\context.d.ts","no",
".\node_modules\@sentry\core\build\types-ts3.8\types-hoist\csp.d.ts","no",
".\node_modules\@sentry\core\build\types-ts3.8\types-hoist\datacategory.d.ts","no",
".\node_modules\@sentry\core\build\types-ts3.8\types-hoist\debugMeta.d.ts","no",
".\node_modules\@sentry\core\build\types-ts3.8\types-hoist\dsn.d.ts","no",
".\node_modules\@sentry\core\build\types-ts3.8\types-hoist\envelope.d.ts","no",
".\node_modules\@sentry\core\build\types-ts3.8\types-hoist\error.d.ts","no",
".\node_modules\@sentry\core\build\types-ts3.8\types-hoist\event.d.ts","no",
".\node_modules\@sentry\core\build\types-ts3.8\types-hoist\eventprocessor.d.ts","no",
".\node_modules\@sentry\core\build\types-ts3.8\types-hoist\exception.d.ts","no",
".\node_modules\@sentry\core\build\types-ts3.8\types-hoist\extra.d.ts","no",
".\node_modules\@sentry\core\build\types-ts3.8\types-hoist\instrument.d.ts","no",
".\node_modules\@sentry\core\build\types-ts3.8\types-hoist\integration.d.ts","no",
".\node_modules\@sentry\core\build\types-ts3.8\types-hoist\link.d.ts","no",
".\node_modules\@sentry\core\build\types-ts3.8\types-hoist\log.d.ts","no",
".\node_modules\@sentry\core\build\types-ts3.8\types-hoist\measurement.d.ts","no",
".\node_modules\@sentry\core\build\types-ts3.8\types-hoist\mechanism.d.ts","no",
".\node_modules\@sentry\core\build\types-ts3.8\types-hoist\misc.d.ts","no",
".\node_modules\@sentry\core\build\types-ts3.8\types-hoist\opentelemetry.d.ts","no",
".\node_modules\@sentry\core\build\types-ts3.8\types-hoist\options.d.ts","no",
".\node_modules\@sentry\core\build\types-ts3.8\types-hoist\package.d.ts","no",
".\node_modules\@sentry\core\build\types-ts3.8\types-hoist\parameterize.d.ts","no",
".\node_modules\@sentry\core\build\types-ts3.8\types-hoist\polymorphics.d.ts","no",
".\node_modules\@sentry\core\build\types-ts3.8\types-hoist\profiling.d.ts","no",
".\node_modules\@sentry\core\build\types-ts3.8\types-hoist\replay.d.ts","no",
".\node_modules\@sentry\core\build\types-ts3.8\types-hoist\request.d.ts","no",
".\node_modules\@sentry\core\build\types-ts3.8\types-hoist\runtime.d.ts","no",
".\node_modules\@sentry\core\build\types-ts3.8\types-hoist\samplingcontext.d.ts","no",
".\node_modules\@sentry\core\build\types-ts3.8\types-hoist\sdkinfo.d.ts","no",
".\node_modules\@sentry\core\build\types-ts3.8\types-hoist\sdkmetadata.d.ts","no",
".\node_modules\@sentry\core\build\types-ts3.8\types-hoist\session.d.ts","no",
".\node_modules\@sentry\core\build\types-ts3.8\types-hoist\severity.d.ts","no",
".\node_modules\@sentry\core\build\types-ts3.8\types-hoist\span.d.ts","no",
".\node_modules\@sentry\core\build\types-ts3.8\types-hoist\spanStatus.d.ts","no",
".\node_modules\@sentry\core\build\types-ts3.8\types-hoist\stackframe.d.ts","no",
".\node_modules\@sentry\core\build\types-ts3.8\types-hoist\stacktrace.d.ts","no",
".\node_modules\@sentry\core\build\types-ts3.8\types-hoist\startSpanOptions.d.ts","no",
".\node_modules\@sentry\core\build\types-ts3.8\types-hoist\thread.d.ts","no",
".\node_modules\@sentry\core\build\types-ts3.8\types-hoist\timedEvent.d.ts","no",
".\node_modules\@sentry\core\build\types-ts3.8\types-hoist\tracing.d.ts","no",
".\node_modules\@sentry\core\build\types-ts3.8\types-hoist\transaction.d.ts","no",
".\node_modules\@sentry\core\build\types-ts3.8\types-hoist\transport.d.ts","no",
".\node_modules\@sentry\core\build\types-ts3.8\types-hoist\user.d.ts","no",
".\node_modules\@sentry\core\build\types-ts3.8\types-hoist\view-hierarchy.d.ts","no",
".\node_modules\@sentry\core\build\types-ts3.8\types-hoist\webfetchapi.d.ts","no",
".\node_modules\@sentry\core\build\types-ts3.8\types-hoist\wrappedfunction.d.ts","no",
".\node_modules\@sentry\core\build\types-ts3.8\utils\ai\gen-ai-attributes.d.ts","no",
".\node_modules\@sentry\core\build\types-ts3.8\utils\ai\utils.d.ts","no",
".\node_modules\@sentry\core\build\types-ts3.8\utils\anthropic-ai\constants.d.ts","no",
".\node_modules\@sentry\core\build\types-ts3.8\utils\anthropic-ai\index.d.ts","no",
".\node_modules\@sentry\core\build\types-ts3.8\utils\anthropic-ai\streaming.d.ts","no",
".\node_modules\@sentry\core\build\types-ts3.8\utils\anthropic-ai\types.d.ts","no",
".\node_modules\@sentry\core\build\types-ts3.8\utils\anthropic-ai\utils.d.ts","no",
".\node_modules\@sentry\core\build\types-ts3.8\utils\google-genai\constants.d.ts","no",
".\node_modules\@sentry\core\build\types-ts3.8\utils\google-genai\index.d.ts","no",
".\node_modules\@sentry\core\build\types-ts3.8\utils\google-genai\types.d.ts","no",
".\node_modules\@sentry\core\build\types-ts3.8\utils\google-genai\utils.d.ts","no",
".\node_modules\@sentry\core\build\types-ts3.8\utils\openai\constants.d.ts","no",
".\node_modules\@sentry\core\build\types-ts3.8\utils\openai\index.d.ts","no",
".\node_modules\@sentry\core\build\types-ts3.8\utils\openai\streaming.d.ts","no",
".\node_modules\@sentry\core\build\types-ts3.8\utils\openai\types.d.ts","no",
".\node_modules\@sentry\core\build\types-ts3.8\utils\openai\utils.d.ts","no",
".\node_modules\@sentry\core\build\types-ts3.8\utils\vercel-ai\constants.d.ts","no",
".\node_modules\@sentry\core\build\types-ts3.8\utils\vercel-ai\index.d.ts","no",
".\node_modules\@sentry\core\build\types-ts3.8\utils\vercel-ai\types.d.ts","no",
".\node_modules\@sentry\core\build\types-ts3.8\utils\vercel-ai\utils.d.ts","no",
".\node_modules\@sentry\core\build\types-ts3.8\utils\vercel-ai\vercel-ai-attributes.d.ts","no",
".\node_modules\@sentry\core\build\types-ts3.8\utils\aggregate-errors.d.ts","no",
".\node_modules\@sentry\core\build\types-ts3.8\utils\anr.d.ts","no",
".\node_modules\@sentry\core\build\types-ts3.8\utils\applyScopeDataToEvent.d.ts","no",
".\node_modules\@sentry\core\build\types-ts3.8\utils\baggage.d.ts","no",
".\node_modules\@sentry\core\build\types-ts3.8\utils\breadcrumb-log-level.d.ts","no",
".\node_modules\@sentry\core\build\types-ts3.8\utils\browser.d.ts","no",
".\node_modules\@sentry\core\build\types-ts3.8\utils\clientreport.d.ts","no",
".\node_modules\@sentry\core\build\types-ts3.8\utils\cookie.d.ts","no",
".\node_modules\@sentry\core\build\types-ts3.8\utils\debounce.d.ts","no",
".\node_modules\@sentry\core\build\types-ts3.8\utils\debug-ids.d.ts","no",
".\node_modules\@sentry\core\build\types-ts3.8\utils\debug-logger.d.ts","no",
".\node_modules\@sentry\core\build\types-ts3.8\utils\dsn.d.ts","no",
".\node_modules\@sentry\core\build\types-ts3.8\utils\env.d.ts","no",
".\node_modules\@sentry\core\build\types-ts3.8\utils\envelope.d.ts","no",
".\node_modules\@sentry\core\build\types-ts3.8\utils\error.d.ts","no",
".\node_modules\@sentry\core\build\types-ts3.8\utils\eventbuilder.d.ts","no",
".\node_modules\@sentry\core\build\types-ts3.8\utils\eventUtils.d.ts","no",
".\node_modules\@sentry\core\build\types-ts3.8\utils\exports.d.ts","no",
".\node_modules\@sentry\core\build\types-ts3.8\utils\featureFlags.d.ts","no",
".\node_modules\@sentry\core\build\types-ts3.8\utils\flushIfServerless.d.ts","no",
".\node_modules\@sentry\core\build\types-ts3.8\utils\handleCallbackErrors.d.ts","no",
".\node_modules\@sentry\core\build\types-ts3.8\utils\hasSpansEnabled.d.ts","no",
".\node_modules\@sentry\core\build\types-ts3.8\utils\ipAddress.d.ts","no",
".\node_modules\@sentry\core\build\types-ts3.8\utils\is.d.ts","no",
".\node_modules\@sentry\core\build\types-ts3.8\utils\isBrowser.d.ts","no",
".\node_modules\@sentry\core\build\types-ts3.8\utils\isSentryRequestUrl.d.ts","no",
".\node_modules\@sentry\core\build\types-ts3.8\utils\lru.d.ts","no",
".\node_modules\@sentry\core\build\types-ts3.8\utils\merge.d.ts","no",
".\node_modules\@sentry\core\build\types-ts3.8\utils\meta.d.ts","no",
".\node_modules\@sentry\core\build\types-ts3.8\utils\misc.d.ts","no",
".\node_modules\@sentry\core\build\types-ts3.8\utils\node-stack-trace.d.ts","no",
".\node_modules\@sentry\core\build\types-ts3.8\utils\node.d.ts","no",
".\node_modules\@sentry\core\build\types-ts3.8\utils\normalize.d.ts","no",
".\node_modules\@sentry\core\build\types-ts3.8\utils\object.d.ts","no",
".\node_modules\@sentry\core\build\types-ts3.8\utils\parameterize.d.ts","no",
".\node_modules\@sentry\core\build\types-ts3.8\utils\parseSampleRate.d.ts","no",
".\node_modules\@sentry\core\build\types-ts3.8\utils\path.d.ts","no",
".\node_modules\@sentry\core\build\types-ts3.8\utils\prepareEvent.d.ts","no",
".\node_modules\@sentry\core\build\types-ts3.8\utils\promisebuffer.d.ts","no",
".\node_modules\@sentry\core\build\types-ts3.8\utils\propagationContext.d.ts","no",
".\node_modules\@sentry\core\build\types-ts3.8\utils\ratelimit.d.ts","no",
".\node_modules\@sentry\core\build\types-ts3.8\utils\request.d.ts","no",
".\node_modules\@sentry\core\build\types-ts3.8\utils\sdkMetadata.d.ts","no",
".\node_modules\@sentry\core\build\types-ts3.8\utils\severity.d.ts","no",
".\node_modules\@sentry\core\build\types-ts3.8\utils\should-ignore-span.d.ts","no",
".\node_modules\@sentry\core\build\types-ts3.8\utils\spanOnScope.d.ts","no",
".\node_modules\@sentry\core\build\types-ts3.8\utils\spanUtils.d.ts","no",
".\node_modules\@sentry\core\build\types-ts3.8\utils\stacktrace.d.ts","no",
".\node_modules\@sentry\core\build\types-ts3.8\utils\string.d.ts","no",
".\node_modules\@sentry\core\build\types-ts3.8\utils\supports.d.ts","no",
".\node_modules\@sentry\core\build\types-ts3.8\utils\syncpromise.d.ts","no",
".\node_modules\@sentry\core\build\types-ts3.8\utils\time.d.ts","no",
".\node_modules\@sentry\core\build\types-ts3.8\utils\traceData.d.ts","no",
".\node_modules\@sentry\core\build\types-ts3.8\utils\tracing.d.ts","no",
".\node_modules\@sentry\core\build\types-ts3.8\utils\transactionEvent.d.ts","no",
".\node_modules\@sentry\core\build\types-ts3.8\utils\url.d.ts","no",
".\node_modules\@sentry\core\build\types-ts3.8\utils\vercelWaitUntil.d.ts","no",
".\node_modules\@sentry\core\build\types-ts3.8\utils\version.d.ts","no",
".\node_modules\@sentry\core\build\types-ts3.8\utils\worldwide.d.ts","no",
".\node_modules\@sentry\core\build\types-ts3.8\vendor\escapeStringForRegex.d.ts","no",
".\node_modules\@sentry\core\build\types-ts3.8\vendor\getIpAddress.d.ts","no",
".\node_modules\@sentry\react\build\types\reactrouter-compat-utils\index.d.ts","no",
".\node_modules\@sentry\react\build\types\reactrouter-compat-utils\instrumentation.d.ts","no",
".\node_modules\@sentry\react\build\types\reactrouter-compat-utils\lazy-routes.d.ts","no",
".\node_modules\@sentry\react\build\types\reactrouter-compat-utils\utils.d.ts","no",
".\node_modules\@sentry\react\build\types\vendor\tanstackrouter-types.d.ts","no",
".\node_modules\@sentry\react\build\types-ts3.8\reactrouter-compat-utils\index.d.ts","no",
".\node_modules\@sentry\react\build\types-ts3.8\reactrouter-compat-utils\instrumentation.d.ts","no",
".\node_modules\@sentry\react\build\types-ts3.8\reactrouter-compat-utils\lazy-routes.d.ts","no",
".\node_modules\@sentry\react\build\types-ts3.8\reactrouter-compat-utils\utils.d.ts","no",
".\node_modules\@sentry\react\build\types-ts3.8\vendor\tanstackrouter-types.d.ts","no",
".\node_modules\@sentry-internal\browser-utils\build\types\instrument\dom.d.ts","no",
".\node_modules\@sentry-internal\browser-utils\build\types\instrument\history.d.ts","no",
".\node_modules\@sentry-internal\browser-utils\build\types\instrument\xhr.d.ts","no",
".\node_modules\@sentry-internal\browser-utils\build\types\metrics\web-vitals\lib\polyfills\interactionCountPolyfill.d.ts","no",
".\node_modules\@sentry-internal\browser-utils\build\types\metrics\web-vitals\lib\bindReporter.d.ts","no",
".\node_modules\@sentry-internal\browser-utils\build\types\metrics\web-vitals\lib\generateUniqueID.d.ts","no",
".\node_modules\@sentry-internal\browser-utils\build\types\metrics\web-vitals\lib\getActivationStart.d.ts","no",
".\node_modules\@sentry-internal\browser-utils\build\types\metrics\web-vitals\lib\getNavigationEntry.d.ts","no",
".\node_modules\@sentry-internal\browser-utils\build\types\metrics\web-vitals\lib\getVisibilityWatcher.d.ts","no",
".\node_modules\@sentry-internal\browser-utils\build\types\metrics\web-vitals\lib\initMetric.d.ts","no",
".\node_modules\@sentry-internal\browser-utils\build\types\metrics\web-vitals\lib\initUnique.d.ts","no",
".\node_modules\@sentry-internal\browser-utils\build\types\metrics\web-vitals\lib\InteractionManager.d.ts","no",
".\node_modules\@sentry-internal\browser-utils\build\types\metrics\web-vitals\lib\LayoutShiftManager.d.ts","no",
".\node_modules\@sentry-internal\browser-utils\build\types\metrics\web-vitals\lib\LCPEntryManager.d.ts","no",
".\node_modules\@sentry-internal\browser-utils\build\types\metrics\web-vitals\lib\observe.d.ts","no",
".\node_modules\@sentry-internal\browser-utils\build\types\metrics\web-vitals\lib\onHidden.d.ts","no",
".\node_modules\@sentry-internal\browser-utils\build\types\metrics\web-vitals\lib\runOnce.d.ts","no",
".\node_modules\@sentry-internal\browser-utils\build\types\metrics\web-vitals\lib\whenActivated.d.ts","no",
".\node_modules\@sentry-internal\browser-utils\build\types\metrics\web-vitals\lib\whenIdleOrHidden.d.ts","no",
".\node_modules\@sentry-internal\browser-utils\build\types\metrics\web-vitals\types\base.d.ts","no",
".\node_modules\@sentry-internal\browser-utils\build\types\metrics\web-vitals\types\cls.d.ts","no",
".\node_modules\@sentry-internal\browser-utils\build\types\metrics\web-vitals\types\fcp.d.ts","no",
".\node_modules\@sentry-internal\browser-utils\build\types\metrics\web-vitals\types\inp.d.ts","no",
".\node_modules\@sentry-internal\browser-utils\build\types\metrics\web-vitals\types\lcp.d.ts","no",
".\node_modules\@sentry-internal\browser-utils\build\types\metrics\web-vitals\types\ttfb.d.ts","no",
".\node_modules\@sentry-internal\browser-utils\build\types\metrics\web-vitals\getCLS.d.ts","no",
".\node_modules\@sentry-internal\browser-utils\build\types\metrics\web-vitals\getINP.d.ts","no",
".\node_modules\@sentry-internal\browser-utils\build\types\metrics\web-vitals\getLCP.d.ts","no",
".\node_modules\@sentry-internal\browser-utils\build\types\metrics\web-vitals\onFCP.d.ts","no",
".\node_modules\@sentry-internal\browser-utils\build\types\metrics\web-vitals\onTTFB.d.ts","no",
".\node_modules\@sentry-internal\browser-utils\build\types\metrics\web-vitals\types.d.ts","no",
".\node_modules\@sentry-internal\browser-utils\build\types\metrics\browserMetrics.d.ts","no",
".\node_modules\@sentry-internal\browser-utils\build\types\metrics\cls.d.ts","no",
".\node_modules\@sentry-internal\browser-utils\build\types\metrics\elementTiming.d.ts","no",
".\node_modules\@sentry-internal\browser-utils\build\types\metrics\inp.d.ts","no",
".\node_modules\@sentry-internal\browser-utils\build\types\metrics\instrument.d.ts","no",
".\node_modules\@sentry-internal\browser-utils\build\types\metrics\lcp.d.ts","no",
".\node_modules\@sentry-internal\browser-utils\build\types\metrics\resourceTiming.d.ts","no",
".\node_modules\@sentry-internal\browser-utils\build\types\metrics\utils.d.ts","no",
".\node_modules\@sentry-internal\browser-utils\build\types-ts3.8\instrument\dom.d.ts","no",
".\node_modules\@sentry-internal\browser-utils\build\types-ts3.8\instrument\history.d.ts","no",
".\node_modules\@sentry-internal\browser-utils\build\types-ts3.8\instrument\xhr.d.ts","no",
".\node_modules\@sentry-internal\browser-utils\build\types-ts3.8\metrics\web-vitals\lib\polyfills\interactionCountPolyfill.d.ts","no",
".\node_modules\@sentry-internal\browser-utils\build\types-ts3.8\metrics\web-vitals\lib\bindReporter.d.ts","no",
".\node_modules\@sentry-internal\browser-utils\build\types-ts3.8\metrics\web-vitals\lib\generateUniqueID.d.ts","no",
".\node_modules\@sentry-internal\browser-utils\build\types-ts3.8\metrics\web-vitals\lib\getActivationStart.d.ts","no",
".\node_modules\@sentry-internal\browser-utils\build\types-ts3.8\metrics\web-vitals\lib\getNavigationEntry.d.ts","no",
".\node_modules\@sentry-internal\browser-utils\build\types-ts3.8\metrics\web-vitals\lib\getVisibilityWatcher.d.ts","no",
".\node_modules\@sentry-internal\browser-utils\build\types-ts3.8\metrics\web-vitals\lib\initMetric.d.ts","no",
".\node_modules\@sentry-internal\browser-utils\build\types-ts3.8\metrics\web-vitals\lib\initUnique.d.ts","no",
".\node_modules\@sentry-internal\browser-utils\build\types-ts3.8\metrics\web-vitals\lib\InteractionManager.d.ts","no",
".\node_modules\@sentry-internal\browser-utils\build\types-ts3.8\metrics\web-vitals\lib\LayoutShiftManager.d.ts","no",
".\node_modules\@sentry-internal\browser-utils\build\types-ts3.8\metrics\web-vitals\lib\LCPEntryManager.d.ts","no",
".\node_modules\@sentry-internal\browser-utils\build\types-ts3.8\metrics\web-vitals\lib\observe.d.ts","no",
".\node_modules\@sentry-internal\browser-utils\build\types-ts3.8\metrics\web-vitals\lib\onHidden.d.ts","no",
".\node_modules\@sentry-internal\browser-utils\build\types-ts3.8\metrics\web-vitals\lib\runOnce.d.ts","no",
".\node_modules\@sentry-internal\browser-utils\build\types-ts3.8\metrics\web-vitals\lib\whenActivated.d.ts","no",
".\node_modules\@sentry-internal\browser-utils\build\types-ts3.8\metrics\web-vitals\lib\whenIdleOrHidden.d.ts","no",
".\node_modules\@sentry-internal\browser-utils\build\types-ts3.8\metrics\web-vitals\types\base.d.ts","no",
".\node_modules\@sentry-internal\browser-utils\build\types-ts3.8\metrics\web-vitals\types\cls.d.ts","no",
".\node_modules\@sentry-internal\browser-utils\build\types-ts3.8\metrics\web-vitals\types\fcp.d.ts","no",
".\node_modules\@sentry-internal\browser-utils\build\types-ts3.8\metrics\web-vitals\types\inp.d.ts","no",
".\node_modules\@sentry-internal\browser-utils\build\types-ts3.8\metrics\web-vitals\types\lcp.d.ts","no",
".\node_modules\@sentry-internal\browser-utils\build\types-ts3.8\metrics\web-vitals\types\ttfb.d.ts","no",
".\node_modules\@sentry-internal\browser-utils\build\types-ts3.8\metrics\web-vitals\getCLS.d.ts","no",
".\node_modules\@sentry-internal\browser-utils\build\types-ts3.8\metrics\web-vitals\getINP.d.ts","no",
".\node_modules\@sentry-internal\browser-utils\build\types-ts3.8\metrics\web-vitals\getLCP.d.ts","no",
".\node_modules\@sentry-internal\browser-utils\build\types-ts3.8\metrics\web-vitals\onFCP.d.ts","no",
".\node_modules\@sentry-internal\browser-utils\build\types-ts3.8\metrics\web-vitals\onTTFB.d.ts","no",
".\node_modules\@sentry-internal\browser-utils\build\types-ts3.8\metrics\web-vitals\types.d.ts","no",
".\node_modules\@sentry-internal\browser-utils\build\types-ts3.8\metrics\browserMetrics.d.ts","no",
".\node_modules\@sentry-internal\browser-utils\build\types-ts3.8\metrics\cls.d.ts","no",
".\node_modules\@sentry-internal\browser-utils\build\types-ts3.8\metrics\elementTiming.d.ts","no",
".\node_modules\@sentry-internal\browser-utils\build\types-ts3.8\metrics\inp.d.ts","no",
".\node_modules\@sentry-internal\browser-utils\build\types-ts3.8\metrics\instrument.d.ts","no",
".\node_modules\@sentry-internal\browser-utils\build\types-ts3.8\metrics\lcp.d.ts","no",
".\node_modules\@sentry-internal\browser-utils\build\types-ts3.8\metrics\resourceTiming.d.ts","no",
".\node_modules\@sentry-internal\browser-utils\build\types-ts3.8\metrics\utils.d.ts","no",
".\node_modules\@sentry-internal\feedback\build\npm\types\constants\index.d.ts","no",
".\node_modules\@sentry-internal\feedback\build\npm\types\core\components\Actor.css.d.ts","no",
".\node_modules\@sentry-internal\feedback\build\npm\types\core\components\Actor.d.ts","no",
".\node_modules\@sentry-internal\feedback\build\npm\types\core\components\FeedbackIcon.d.ts","no",
".\node_modules\@sentry-internal\feedback\build\npm\types\core\createMainStyles.d.ts","no",
".\node_modules\@sentry-internal\feedback\build\npm\types\core\getFeedback.d.ts","no",
".\node_modules\@sentry-internal\feedback\build\npm\types\core\integration.d.ts","no",
".\node_modules\@sentry-internal\feedback\build\npm\types\core\sendFeedback.d.ts","no",
".\node_modules\@sentry-internal\feedback\build\npm\types\core\TestClient.d.ts","no",
".\node_modules\@sentry-internal\feedback\build\npm\types\core\types.d.ts","no",
".\node_modules\@sentry-internal\feedback\build\npm\types\modal\components\Dialog.css.d.ts","no",
".\node_modules\@sentry-internal\feedback\build\npm\types\modal\components\Dialog.d.ts","no",
".\node_modules\@sentry-internal\feedback\build\npm\types\modal\components\DialogHeader.d.ts","no",
".\node_modules\@sentry-internal\feedback\build\npm\types\modal\components\Form.d.ts","no",
".\node_modules\@sentry-internal\feedback\build\npm\types\modal\components\SentryLogo.d.ts","no",
".\node_modules\@sentry-internal\feedback\build\npm\types\modal\components\SuccessIcon.d.ts","no",
".\node_modules\@sentry-internal\feedback\build\npm\types\modal\integration.d.ts","no",
".\node_modules\@sentry-internal\feedback\build\npm\types\screenshot\components\IconClose.d.ts","yes",
".\node_modules\@sentry-internal\feedback\build\npm\types\screenshot\components\ScreenshotEditor.d.ts","no",
".\node_modules\@sentry-internal\feedback\build\npm\types\screenshot\components\ScreenshotInput.css.d.ts","no",
".\node_modules\@sentry-internal\feedback\build\npm\types\screenshot\components\Toolbar.d.ts","yes",
".\node_modules\@sentry-internal\feedback\build\npm\types\screenshot\components\useTakeScreenshot.d.ts","no",
".\node_modules\@sentry-internal\feedback\build\npm\types\screenshot\integration.d.ts","no",
".\node_modules\@sentry-internal\feedback\build\npm\types\util\debug-build.d.ts","no",
".\node_modules\@sentry-internal\feedback\build\npm\types\util\isScreenshotSupported.d.ts","no",
".\node_modules\@sentry-internal\feedback\build\npm\types\util\mergeOptions.d.ts","no",
".\node_modules\@sentry-internal\feedback\build\npm\types\util\setAttributesNS.d.ts","no",
".\node_modules\@sentry-internal\feedback\build\npm\types\util\validate.d.ts","no",
".\node_modules\@sentry-internal\feedback\build\npm\types\index.d.ts","no",
".\node_modules\@sentry-internal\feedback\build\npm\types-ts3.8\constants\index.d.ts","no",
".\node_modules\@sentry-internal\feedback\build\npm\types-ts3.8\core\components\Actor.css.d.ts","no",
".\node_modules\@sentry-internal\feedback\build\npm\types-ts3.8\core\components\Actor.d.ts","no",
".\node_modules\@sentry-internal\feedback\build\npm\types-ts3.8\core\components\FeedbackIcon.d.ts","no",
".\node_modules\@sentry-internal\feedback\build\npm\types-ts3.8\core\createMainStyles.d.ts","no",
".\node_modules\@sentry-internal\feedback\build\npm\types-ts3.8\core\getFeedback.d.ts","no",
".\node_modules\@sentry-internal\feedback\build\npm\types-ts3.8\core\integration.d.ts","no",
".\node_modules\@sentry-internal\feedback\build\npm\types-ts3.8\core\sendFeedback.d.ts","no",
".\node_modules\@sentry-internal\feedback\build\npm\types-ts3.8\core\TestClient.d.ts","no",
".\node_modules\@sentry-internal\feedback\build\npm\types-ts3.8\core\types.d.ts","no",
".\node_modules\@sentry-internal\feedback\build\npm\types-ts3.8\modal\components\Dialog.css.d.ts","no",
".\node_modules\@sentry-internal\feedback\build\npm\types-ts3.8\modal\components\Dialog.d.ts","no",
".\node_modules\@sentry-internal\feedback\build\npm\types-ts3.8\modal\components\DialogHeader.d.ts","no",
".\node_modules\@sentry-internal\feedback\build\npm\types-ts3.8\modal\components\Form.d.ts","no",
".\node_modules\@sentry-internal\feedback\build\npm\types-ts3.8\modal\components\SentryLogo.d.ts","no",
".\node_modules\@sentry-internal\feedback\build\npm\types-ts3.8\modal\components\SuccessIcon.d.ts","no",
".\node_modules\@sentry-internal\feedback\build\npm\types-ts3.8\modal\integration.d.ts","no",
".\node_modules\@sentry-internal\feedback\build\npm\types-ts3.8\screenshot\components\IconClose.d.ts","yes",
".\node_modules\@sentry-internal\feedback\build\npm\types-ts3.8\screenshot\components\ScreenshotEditor.d.ts","no",
".\node_modules\@sentry-internal\feedback\build\npm\types-ts3.8\screenshot\components\ScreenshotInput.css.d.ts","no",
".\node_modules\@sentry-internal\feedback\build\npm\types-ts3.8\screenshot\components\Toolbar.d.ts","yes",
".\node_modules\@sentry-internal\feedback\build\npm\types-ts3.8\screenshot\components\useTakeScreenshot.d.ts","no",
".\node_modules\@sentry-internal\feedback\build\npm\types-ts3.8\screenshot\integration.d.ts","no",
".\node_modules\@sentry-internal\feedback\build\npm\types-ts3.8\util\debug-build.d.ts","no",
".\node_modules\@sentry-internal\feedback\build\npm\types-ts3.8\util\isScreenshotSupported.d.ts","no",
".\node_modules\@sentry-internal\feedback\build\npm\types-ts3.8\util\mergeOptions.d.ts","no",
".\node_modules\@sentry-internal\feedback\build\npm\types-ts3.8\util\setAttributesNS.d.ts","no",
".\node_modules\@sentry-internal\feedback\build\npm\types-ts3.8\util\validate.d.ts","no",
".\node_modules\@sentry-internal\feedback\build\npm\types-ts3.8\index.d.ts","no",
".\node_modules\@sentry-internal\replay\build\npm\types\coreHandlers\util\addBreadcrumbEvent.d.ts","no",
".\node_modules\@sentry-internal\replay\build\npm\types\coreHandlers\util\addFeedbackBreadcrumb.d.ts","no",
".\node_modules\@sentry-internal\replay\build\npm\types\coreHandlers\util\addNetworkBreadcrumb.d.ts","no",
".\node_modules\@sentry-internal\replay\build\npm\types\coreHandlers\util\domUtils.d.ts","no",
".\node_modules\@sentry-internal\replay\build\npm\types\coreHandlers\util\fetchUtils.d.ts","no",
".\node_modules\@sentry-internal\replay\build\npm\types\coreHandlers\util\getAttributesToRecord.d.ts","no",
".\node_modules\@sentry-internal\replay\build\npm\types\coreHandlers\util\networkUtils.d.ts","no",
".\node_modules\@sentry-internal\replay\build\npm\types\coreHandlers\util\onWindowOpen.d.ts","no",
".\node_modules\@sentry-internal\replay\build\npm\types\coreHandlers\util\shouldSampleForBufferEvent.d.ts","no",
".\node_modules\@sentry-internal\replay\build\npm\types\coreHandlers\util\xhrUtils.d.ts","no",
".\node_modules\@sentry-internal\replay\build\npm\types\coreHandlers\handleAfterSendEvent.d.ts","no",
".\node_modules\@sentry-internal\replay\build\npm\types\coreHandlers\handleBeforeSendEvent.d.ts","no",
".\node_modules\@sentry-internal\replay\build\npm\types\coreHandlers\handleBreadcrumbs.d.ts","no",
".\node_modules\@sentry-internal\replay\build\npm\types\coreHandlers\handleClick.d.ts","no",
".\node_modules\@sentry-internal\replay\build\npm\types\coreHandlers\handleDom.d.ts","no",
".\node_modules\@sentry-internal\replay\build\npm\types\coreHandlers\handleGlobalEvent.d.ts","no",
".\node_modules\@sentry-internal\replay\build\npm\types\coreHandlers\handleHistory.d.ts","no",
".\node_modules\@sentry-internal\replay\build\npm\types\coreHandlers\handleKeyboardEvent.d.ts","no",
".\node_modules\@sentry-internal\replay\build\npm\types\coreHandlers\handleNetworkBreadcrumbs.d.ts","no",
".\node_modules\@sentry-internal\replay\build\npm\types\coreHandlers\performanceObserver.d.ts","no",
".\node_modules\@sentry-internal\replay\build\npm\types\eventBuffer\error.d.ts","no",
".\node_modules\@sentry-internal\replay\build\npm\types\eventBuffer\EventBufferArray.d.ts","no",
".\node_modules\@sentry-internal\replay\build\npm\types\eventBuffer\EventBufferCompressionWorker.d.ts","no",
".\node_modules\@sentry-internal\replay\build\npm\types\eventBuffer\EventBufferProxy.d.ts","no",
".\node_modules\@sentry-internal\replay\build\npm\types\eventBuffer\index.d.ts","no",
".\node_modules\@sentry-internal\replay\build\npm\types\eventBuffer\WorkerHandler.d.ts","no",
".\node_modules\@sentry-internal\replay\build\npm\types\session\clearSession.d.ts","no",
".\node_modules\@sentry-internal\replay\build\npm\types\session\createSession.d.ts","no",
".\node_modules\@sentry-internal\replay\build\npm\types\session\fetchSession.d.ts","no",
".\node_modules\@sentry-internal\replay\build\npm\types\session\loadOrCreateSession.d.ts","no",
".\node_modules\@sentry-internal\replay\build\npm\types\session\saveSession.d.ts","no",
".\node_modules\@sentry-internal\replay\build\npm\types\session\Session.d.ts","no",
".\node_modules\@sentry-internal\replay\build\npm\types\session\shouldRefreshSession.d.ts","no",
".\node_modules\@sentry-internal\replay\build\npm\types\types\index.d.ts","no",
".\node_modules\@sentry-internal\replay\build\npm\types\types\performance.d.ts","no",
".\node_modules\@sentry-internal\replay\build\npm\types\types\replay.d.ts","no",
".\node_modules\@sentry-internal\replay\build\npm\types\types\replayFrame.d.ts","no",
".\node_modules\@sentry-internal\replay\build\npm\types\types\request.d.ts","no",
".\node_modules\@sentry-internal\replay\build\npm\types\types\rrweb.d.ts","no",
".\node_modules\@sentry-internal\replay\build\npm\types\util\addEvent.d.ts","no",
".\node_modules\@sentry-internal\replay\build\npm\types\util\addGlobalListeners.d.ts","no",
".\node_modules\@sentry-internal\replay\build\npm\types\util\addMemoryEntry.d.ts","no",
".\node_modules\@sentry-internal\replay\build\npm\types\util\createBreadcrumb.d.ts","no",
".\node_modules\@sentry-internal\replay\build\npm\types\util\createPerformanceEntries.d.ts","no",
".\node_modules\@sentry-internal\replay\build\npm\types\util\createPerformanceSpans.d.ts","no",
".\node_modules\@sentry-internal\replay\build\npm\types\util\createReplayEnvelope.d.ts","no",
".\node_modules\@sentry-internal\replay\build\npm\types\util\debounce.d.ts","no",
".\node_modules\@sentry-internal\replay\build\npm\types\util\eventUtils.d.ts","no",
".\node_modules\@sentry-internal\replay\build\npm\types\util\getPrivacyOptions.d.ts","no",
".\node_modules\@sentry-internal\replay\build\npm\types\util\getRecordingSamplingOptions.d.ts","no",
".\node_modules\@sentry-internal\replay\build\npm\types\util\getReplay.d.ts","no",
".\node_modules\@sentry-internal\replay\build\npm\types\util\handleRecordingEmit.d.ts","no",
".\node_modules\@sentry-internal\replay\build\npm\types\util\hasSessionStorage.d.ts","no",
".\node_modules\@sentry-internal\replay\build\npm\types\util\isExpired.d.ts","no",
".\node_modules\@sentry-internal\replay\build\npm\types\util\isRrwebError.d.ts","no",
".\node_modules\@sentry-internal\replay\build\npm\types\util\isSampled.d.ts","no",
".\node_modules\@sentry-internal\replay\build\npm\types\util\isSessionExpired.d.ts","no",
".\node_modules\@sentry-internal\replay\build\npm\types\util\logger.d.ts","no",
".\node_modules\@sentry-internal\replay\build\npm\types\util\maskAttribute.d.ts","no",
".\node_modules\@sentry-internal\replay\build\npm\types\util\prepareRecordingData.d.ts","no",
".\node_modules\@sentry-internal\replay\build\npm\types\util\prepareReplayEvent.d.ts","no",
".\node_modules\@sentry-internal\replay\build\npm\types\util\resetReplayIdOnDynamicSamplingContext.d.ts","no",
".\node_modules\@sentry-internal\replay\build\npm\types\util\rrweb.d.ts","no",
".\node_modules\@sentry-internal\replay\build\npm\types\util\sendReplay.d.ts","no",
".\node_modules\@sentry-internal\replay\build\npm\types\util\sendReplayRequest.d.ts","no",
".\node_modules\@sentry-internal\replay\build\npm\types\util\shouldFilterRequest.d.ts","no",
".\node_modules\@sentry-internal\replay\build\npm\types\util\throttle.d.ts","no",
".\node_modules\@sentry-internal\replay\build\npm\types\util\timestamp.d.ts","no",
".\node_modules\@sentry-internal\replay\build\npm\types\constants.d.ts","no",
".\node_modules\@sentry-internal\replay\build\npm\types\debug-build.d.ts","no",
".\node_modules\@sentry-internal\replay\build\npm\types\index.d.ts","no",
".\node_modules\@sentry-internal\replay\build\npm\types\integration.d.ts","no",
".\node_modules\@sentry-internal\replay\build\npm\types\replay.d.ts","no",
".\node_modules\@sentry-internal\replay\build\npm\types\worker-bundler.d.ts","no",
".\node_modules\@sentry-internal\replay\build\npm\types-ts3.8\coreHandlers\util\addBreadcrumbEvent.d.ts","no",
".\node_modules\@sentry-internal\replay\build\npm\types-ts3.8\coreHandlers\util\addFeedbackBreadcrumb.d.ts","no",
".\node_modules\@sentry-internal\replay\build\npm\types-ts3.8\coreHandlers\util\addNetworkBreadcrumb.d.ts","no",
".\node_modules\@sentry-internal\replay\build\npm\types-ts3.8\coreHandlers\util\domUtils.d.ts","no",
".\node_modules\@sentry-internal\replay\build\npm\types-ts3.8\coreHandlers\util\fetchUtils.d.ts","no",
".\node_modules\@sentry-internal\replay\build\npm\types-ts3.8\coreHandlers\util\getAttributesToRecord.d.ts","no",
".\node_modules\@sentry-internal\replay\build\npm\types-ts3.8\coreHandlers\util\networkUtils.d.ts","no",
".\node_modules\@sentry-internal\replay\build\npm\types-ts3.8\coreHandlers\util\onWindowOpen.d.ts","no",
".\node_modules\@sentry-internal\replay\build\npm\types-ts3.8\coreHandlers\util\shouldSampleForBufferEvent.d.ts","no",
".\node_modules\@sentry-internal\replay\build\npm\types-ts3.8\coreHandlers\util\xhrUtils.d.ts","no",
".\node_modules\@sentry-internal\replay\build\npm\types-ts3.8\coreHandlers\handleAfterSendEvent.d.ts","no",
".\node_modules\@sentry-internal\replay\build\npm\types-ts3.8\coreHandlers\handleBeforeSendEvent.d.ts","no",
".\node_modules\@sentry-internal\replay\build\npm\types-ts3.8\coreHandlers\handleBreadcrumbs.d.ts","no",
".\node_modules\@sentry-internal\replay\build\npm\types-ts3.8\coreHandlers\handleClick.d.ts","no",
".\node_modules\@sentry-internal\replay\build\npm\types-ts3.8\coreHandlers\handleDom.d.ts","no",
".\node_modules\@sentry-internal\replay\build\npm\types-ts3.8\coreHandlers\handleGlobalEvent.d.ts","no",
".\node_modules\@sentry-internal\replay\build\npm\types-ts3.8\coreHandlers\handleHistory.d.ts","no",
".\node_modules\@sentry-internal\replay\build\npm\types-ts3.8\coreHandlers\handleKeyboardEvent.d.ts","no",
".\node_modules\@sentry-internal\replay\build\npm\types-ts3.8\coreHandlers\handleNetworkBreadcrumbs.d.ts","no",
".\node_modules\@sentry-internal\replay\build\npm\types-ts3.8\coreHandlers\performanceObserver.d.ts","no",
".\node_modules\@sentry-internal\replay\build\npm\types-ts3.8\eventBuffer\error.d.ts","no",
".\node_modules\@sentry-internal\replay\build\npm\types-ts3.8\eventBuffer\EventBufferArray.d.ts","no",
".\node_modules\@sentry-internal\replay\build\npm\types-ts3.8\eventBuffer\EventBufferCompressionWorker.d.ts","no",
".\node_modules\@sentry-internal\replay\build\npm\types-ts3.8\eventBuffer\EventBufferProxy.d.ts","no",
".\node_modules\@sentry-internal\replay\build\npm\types-ts3.8\eventBuffer\index.d.ts","no",
".\node_modules\@sentry-internal\replay\build\npm\types-ts3.8\eventBuffer\WorkerHandler.d.ts","no",
".\node_modules\@sentry-internal\replay\build\npm\types-ts3.8\session\clearSession.d.ts","no",
".\node_modules\@sentry-internal\replay\build\npm\types-ts3.8\session\createSession.d.ts","no",
".\node_modules\@sentry-internal\replay\build\npm\types-ts3.8\session\fetchSession.d.ts","no",
".\node_modules\@sentry-internal\replay\build\npm\types-ts3.8\session\loadOrCreateSession.d.ts","no",
".\node_modules\@sentry-internal\replay\build\npm\types-ts3.8\session\saveSession.d.ts","no",
".\node_modules\@sentry-internal\replay\build\npm\types-ts3.8\session\Session.d.ts","no",
".\node_modules\@sentry-internal\replay\build\npm\types-ts3.8\session\shouldRefreshSession.d.ts","no",
".\node_modules\@sentry-internal\replay\build\npm\types-ts3.8\types\index.d.ts","no",
".\node_modules\@sentry-internal\replay\build\npm\types-ts3.8\types\performance.d.ts","no",
".\node_modules\@sentry-internal\replay\build\npm\types-ts3.8\types\replay.d.ts","no",
".\node_modules\@sentry-internal\replay\build\npm\types-ts3.8\types\replayFrame.d.ts","no",
".\node_modules\@sentry-internal\replay\build\npm\types-ts3.8\types\request.d.ts","no",
".\node_modules\@sentry-internal\replay\build\npm\types-ts3.8\types\rrweb.d.ts","no",
".\node_modules\@sentry-internal\replay\build\npm\types-ts3.8\util\addEvent.d.ts","no",
".\node_modules\@sentry-internal\replay\build\npm\types-ts3.8\util\addGlobalListeners.d.ts","no",
".\node_modules\@sentry-internal\replay\build\npm\types-ts3.8\util\addMemoryEntry.d.ts","no",
".\node_modules\@sentry-internal\replay\build\npm\types-ts3.8\util\createBreadcrumb.d.ts","no",
".\node_modules\@sentry-internal\replay\build\npm\types-ts3.8\util\createPerformanceEntries.d.ts","no",
".\node_modules\@sentry-internal\replay\build\npm\types-ts3.8\util\createPerformanceSpans.d.ts","no",
".\node_modules\@sentry-internal\replay\build\npm\types-ts3.8\util\createReplayEnvelope.d.ts","no",
".\node_modules\@sentry-internal\replay\build\npm\types-ts3.8\util\debounce.d.ts","no",
".\node_modules\@sentry-internal\replay\build\npm\types-ts3.8\util\eventUtils.d.ts","no",
".\node_modules\@sentry-internal\replay\build\npm\types-ts3.8\util\getPrivacyOptions.d.ts","no",
".\node_modules\@sentry-internal\replay\build\npm\types-ts3.8\util\getRecordingSamplingOptions.d.ts","no",
".\node_modules\@sentry-internal\replay\build\npm\types-ts3.8\util\getReplay.d.ts","no",
".\node_modules\@sentry-internal\replay\build\npm\types-ts3.8\util\handleRecordingEmit.d.ts","no",
".\node_modules\@sentry-internal\replay\build\npm\types-ts3.8\util\hasSessionStorage.d.ts","no",
".\node_modules\@sentry-internal\replay\build\npm\types-ts3.8\util\isExpired.d.ts","no",
".\node_modules\@sentry-internal\replay\build\npm\types-ts3.8\util\isRrwebError.d.ts","no",
".\node_modules\@sentry-internal\replay\build\npm\types-ts3.8\util\isSampled.d.ts","no",
".\node_modules\@sentry-internal\replay\build\npm\types-ts3.8\util\isSessionExpired.d.ts","no",
".\node_modules\@sentry-internal\replay\build\npm\types-ts3.8\util\logger.d.ts","no",
".\node_modules\@sentry-internal\replay\build\npm\types-ts3.8\util\maskAttribute.d.ts","no",
".\node_modules\@sentry-internal\replay\build\npm\types-ts3.8\util\prepareRecordingData.d.ts","no",
".\node_modules\@sentry-internal\replay\build\npm\types-ts3.8\util\prepareReplayEvent.d.ts","no",
".\node_modules\@sentry-internal\replay\build\npm\types-ts3.8\util\resetReplayIdOnDynamicSamplingContext.d.ts","no",
".\node_modules\@sentry-internal\replay\build\npm\types-ts3.8\util\rrweb.d.ts","no",
".\node_modules\@sentry-internal\replay\build\npm\types-ts3.8\util\sendReplay.d.ts","no",
".\node_modules\@sentry-internal\replay\build\npm\types-ts3.8\util\sendReplayRequest.d.ts","no",
".\node_modules\@sentry-internal\replay\build\npm\types-ts3.8\util\shouldFilterRequest.d.ts","no",
".\node_modules\@sentry-internal\replay\build\npm\types-ts3.8\util\throttle.d.ts","no",
".\node_modules\@sentry-internal\replay\build\npm\types-ts3.8\util\timestamp.d.ts","no",
".\node_modules\@sentry-internal\replay\build\npm\types-ts3.8\constants.d.ts","no",
".\node_modules\@sentry-internal\replay\build\npm\types-ts3.8\debug-build.d.ts","no",
".\node_modules\@sentry-internal\replay\build\npm\types-ts3.8\index.d.ts","no",
".\node_modules\@sentry-internal\replay\build\npm\types-ts3.8\integration.d.ts","no",
".\node_modules\@sentry-internal\replay\build\npm\types-ts3.8\replay.d.ts","no",
".\node_modules\@sentry-internal\replay\build\npm\types-ts3.8\worker-bundler.d.ts","no",
".\node_modules\@sentry-internal\replay-canvas\build\npm\types\canvas.d.ts","no",
".\node_modules\@sentry-internal\replay-canvas\build\npm\types\index.d.ts","no",
".\node_modules\@sentry-internal\replay-canvas\build\npm\types-ts3.8\canvas.d.ts","no",
".\node_modules\@sentry-internal\replay-canvas\build\npm\types-ts3.8\index.d.ts","no",
".\node_modules\@sentry-internal\tracing\node_modules\@sentry\core\types\integrations\functiontostring.d.ts","no",
".\node_modules\@sentry-internal\tracing\node_modules\@sentry\core\types\integrations\inboundfilters.d.ts","no",
".\node_modules\@sentry-internal\tracing\node_modules\@sentry\core\types\integrations\index.d.ts","no",
".\node_modules\@sentry-internal\tracing\node_modules\@sentry\core\types\integrations\linkederrors.d.ts","no",
".\node_modules\@sentry-internal\tracing\node_modules\@sentry\core\types\integrations\metadata.d.ts","no",
".\node_modules\@sentry-internal\tracing\node_modules\@sentry\core\types\integrations\requestdata.d.ts","no",
".\node_modules\@sentry-internal\tracing\node_modules\@sentry\core\types\metrics\aggregator.d.ts","no",
".\node_modules\@sentry-internal\tracing\node_modules\@sentry\core\types\metrics\browser-aggregator.d.ts","no",
".\node_modules\@sentry-internal\tracing\node_modules\@sentry\core\types\metrics\constants.d.ts","no",
".\node_modules\@sentry-internal\tracing\node_modules\@sentry\core\types\metrics\envelope.d.ts","no",
".\node_modules\@sentry-internal\tracing\node_modules\@sentry\core\types\metrics\exports.d.ts","no",
".\node_modules\@sentry-internal\tracing\node_modules\@sentry\core\types\metrics\instance.d.ts","no",
".\node_modules\@sentry-internal\tracing\node_modules\@sentry\core\types\metrics\integration.d.ts","no",
".\node_modules\@sentry-internal\tracing\node_modules\@sentry\core\types\metrics\metric-summary.d.ts","no",
".\node_modules\@sentry-internal\tracing\node_modules\@sentry\core\types\metrics\types.d.ts","no",
".\node_modules\@sentry-internal\tracing\node_modules\@sentry\core\types\metrics\utils.d.ts","no",
".\node_modules\@sentry-internal\tracing\node_modules\@sentry\core\types\tracing\dynamicSamplingContext.d.ts","no",
".\node_modules\@sentry-internal\tracing\node_modules\@sentry\core\types\tracing\errors.d.ts","no",
".\node_modules\@sentry-internal\tracing\node_modules\@sentry\core\types\tracing\hubextensions.d.ts","no",
".\node_modules\@sentry-internal\tracing\node_modules\@sentry\core\types\tracing\idletransaction.d.ts","no",
".\node_modules\@sentry-internal\tracing\node_modules\@sentry\core\types\tracing\index.d.ts","no",
".\node_modules\@sentry-internal\tracing\node_modules\@sentry\core\types\tracing\measurement.d.ts","no",
".\node_modules\@sentry-internal\tracing\node_modules\@sentry\core\types\tracing\sampling.d.ts","no",
".\node_modules\@sentry-internal\tracing\node_modules\@sentry\core\types\tracing\span.d.ts","no",
".\node_modules\@sentry-internal\tracing\node_modules\@sentry\core\types\tracing\spanstatus.d.ts","no",
".\node_modules\@sentry-internal\tracing\node_modules\@sentry\core\types\tracing\trace.d.ts","no",
".\node_modules\@sentry-internal\tracing\node_modules\@sentry\core\types\tracing\transaction.d.ts","no",
".\node_modules\@sentry-internal\tracing\node_modules\@sentry\core\types\tracing\utils.d.ts","no",
".\node_modules\@sentry-internal\tracing\node_modules\@sentry\core\types\transports\base.d.ts","no",
".\node_modules\@sentry-internal\tracing\node_modules\@sentry\core\types\transports\multiplexed.d.ts","no",
".\node_modules\@sentry-internal\tracing\node_modules\@sentry\core\types\transports\offline.d.ts","no",
".\node_modules\@sentry-internal\tracing\node_modules\@sentry\core\types\utils\applyScopeDataToEvent.d.ts","no",
".\node_modules\@sentry-internal\tracing\node_modules\@sentry\core\types\utils\getRootSpan.d.ts","no",
".\node_modules\@sentry-internal\tracing\node_modules\@sentry\core\types\utils\handleCallbackErrors.d.ts","no",
".\node_modules\@sentry-internal\tracing\node_modules\@sentry\core\types\utils\hasTracingEnabled.d.ts","no",
".\node_modules\@sentry-internal\tracing\node_modules\@sentry\core\types\utils\isSentryRequestUrl.d.ts","no",
".\node_modules\@sentry-internal\tracing\node_modules\@sentry\core\types\utils\parameterize.d.ts","no",
".\node_modules\@sentry-internal\tracing\node_modules\@sentry\core\types\utils\prepareEvent.d.ts","no",
".\node_modules\@sentry-internal\tracing\node_modules\@sentry\core\types\utils\sdkMetadata.d.ts","no",
".\node_modules\@sentry-internal\tracing\node_modules\@sentry\core\types\utils\spanUtils.d.ts","no",
".\node_modules\@sentry-internal\tracing\node_modules\@sentry\core\types\api.d.ts","no",
".\node_modules\@sentry-internal\tracing\node_modules\@sentry\core\types\baseclient.d.ts","no",
".\node_modules\@sentry-internal\tracing\node_modules\@sentry\core\types\checkin.d.ts","no",
".\node_modules\@sentry-internal\tracing\node_modules\@sentry\core\types\constants.d.ts","no",
".\node_modules\@sentry-internal\tracing\node_modules\@sentry\core\types\debug-build.d.ts","no",
".\node_modules\@sentry-internal\tracing\node_modules\@sentry\core\types\envelope.d.ts","no",
".\node_modules\@sentry-internal\tracing\node_modules\@sentry\core\types\eventProcessors.d.ts","no",
".\node_modules\@sentry-internal\tracing\node_modules\@sentry\core\types\exports.d.ts","no",
".\node_modules\@sentry-internal\tracing\node_modules\@sentry\core\types\hub.d.ts","no",
".\node_modules\@sentry-internal\tracing\node_modules\@sentry\core\types\index.d.ts","no",
".\node_modules\@sentry-internal\tracing\node_modules\@sentry\core\types\integration.d.ts","no",
".\node_modules\@sentry-internal\tracing\node_modules\@sentry\core\types\metadata.d.ts","no",
".\node_modules\@sentry-internal\tracing\node_modules\@sentry\core\types\scope.d.ts","no",
".\node_modules\@sentry-internal\tracing\node_modules\@sentry\core\types\sdk.d.ts","no",
".\node_modules\@sentry-internal\tracing\node_modules\@sentry\core\types\semanticAttributes.d.ts","no",
".\node_modules\@sentry-internal\tracing\node_modules\@sentry\core\types\server-runtime-client.d.ts","no",
".\node_modules\@sentry-internal\tracing\node_modules\@sentry\core\types\session.d.ts","no",
".\node_modules\@sentry-internal\tracing\node_modules\@sentry\core\types\sessionflusher.d.ts","no",
".\node_modules\@sentry-internal\tracing\node_modules\@sentry\core\types\span.d.ts","no",
".\node_modules\@sentry-internal\tracing\node_modules\@sentry\core\types\version.d.ts","no",
".\node_modules\@sentry-internal\tracing\node_modules\@sentry\core\types-ts3.8\integrations\functiontostring.d.ts","no",
".\node_modules\@sentry-internal\tracing\node_modules\@sentry\core\types-ts3.8\integrations\inboundfilters.d.ts","no",
".\node_modules\@sentry-internal\tracing\node_modules\@sentry\core\types-ts3.8\integrations\index.d.ts","no",
".\node_modules\@sentry-internal\tracing\node_modules\@sentry\core\types-ts3.8\integrations\linkederrors.d.ts","no",
".\node_modules\@sentry-internal\tracing\node_modules\@sentry\core\types-ts3.8\integrations\metadata.d.ts","no",
".\node_modules\@sentry-internal\tracing\node_modules\@sentry\core\types-ts3.8\integrations\requestdata.d.ts","no",
".\node_modules\@sentry-internal\tracing\node_modules\@sentry\core\types-ts3.8\metrics\aggregator.d.ts","no",
".\node_modules\@sentry-internal\tracing\node_modules\@sentry\core\types-ts3.8\metrics\browser-aggregator.d.ts","no",
".\node_modules\@sentry-internal\tracing\node_modules\@sentry\core\types-ts3.8\metrics\constants.d.ts","no",
".\node_modules\@sentry-internal\tracing\node_modules\@sentry\core\types-ts3.8\metrics\envelope.d.ts","no",
".\node_modules\@sentry-internal\tracing\node_modules\@sentry\core\types-ts3.8\metrics\exports.d.ts","no",
".\node_modules\@sentry-internal\tracing\node_modules\@sentry\core\types-ts3.8\metrics\instance.d.ts","no",
".\node_modules\@sentry-internal\tracing\node_modules\@sentry\core\types-ts3.8\metrics\integration.d.ts","no",
".\node_modules\@sentry-internal\tracing\node_modules\@sentry\core\types-ts3.8\metrics\metric-summary.d.ts","no",
".\node_modules\@sentry-internal\tracing\node_modules\@sentry\core\types-ts3.8\metrics\types.d.ts","no",
".\node_modules\@sentry-internal\tracing\node_modules\@sentry\core\types-ts3.8\metrics\utils.d.ts","no",
".\node_modules\@sentry-internal\tracing\node_modules\@sentry\core\types-ts3.8\tracing\dynamicSamplingContext.d.ts","no",
".\node_modules\@sentry-internal\tracing\node_modules\@sentry\core\types-ts3.8\tracing\errors.d.ts","no",
".\node_modules\@sentry-internal\tracing\node_modules\@sentry\core\types-ts3.8\tracing\hubextensions.d.ts","no",
".\node_modules\@sentry-internal\tracing\node_modules\@sentry\core\types-ts3.8\tracing\idletransaction.d.ts","no",
".\node_modules\@sentry-internal\tracing\node_modules\@sentry\core\types-ts3.8\tracing\index.d.ts","no",
".\node_modules\@sentry-internal\tracing\node_modules\@sentry\core\types-ts3.8\tracing\measurement.d.ts","no",
".\node_modules\@sentry-internal\tracing\node_modules\@sentry\core\types-ts3.8\tracing\sampling.d.ts","no",
".\node_modules\@sentry-internal\tracing\node_modules\@sentry\core\types-ts3.8\tracing\span.d.ts","no",
".\node_modules\@sentry-internal\tracing\node_modules\@sentry\core\types-ts3.8\tracing\spanstatus.d.ts","no",
".\node_modules\@sentry-internal\tracing\node_modules\@sentry\core\types-ts3.8\tracing\trace.d.ts","no",
".\node_modules\@sentry-internal\tracing\node_modules\@sentry\core\types-ts3.8\tracing\transaction.d.ts","no",
".\node_modules\@sentry-internal\tracing\node_modules\@sentry\core\types-ts3.8\tracing\utils.d.ts","no",
".\node_modules\@sentry-internal\tracing\node_modules\@sentry\core\types-ts3.8\transports\base.d.ts","no",
".\node_modules\@sentry-internal\tracing\node_modules\@sentry\core\types-ts3.8\transports\multiplexed.d.ts","no",
".\node_modules\@sentry-internal\tracing\node_modules\@sentry\core\types-ts3.8\transports\offline.d.ts","no",
".\node_modules\@sentry-internal\tracing\node_modules\@sentry\core\types-ts3.8\utils\applyScopeDataToEvent.d.ts","no",
".\node_modules\@sentry-internal\tracing\node_modules\@sentry\core\types-ts3.8\utils\getRootSpan.d.ts","no",
".\node_modules\@sentry-internal\tracing\node_modules\@sentry\core\types-ts3.8\utils\handleCallbackErrors.d.ts","no",
".\node_modules\@sentry-internal\tracing\node_modules\@sentry\core\types-ts3.8\utils\hasTracingEnabled.d.ts","no",
".\node_modules\@sentry-internal\tracing\node_modules\@sentry\core\types-ts3.8\utils\isSentryRequestUrl.d.ts","no",
".\node_modules\@sentry-internal\tracing\node_modules\@sentry\core\types-ts3.8\utils\parameterize.d.ts","no",
".\node_modules\@sentry-internal\tracing\node_modules\@sentry\core\types-ts3.8\utils\prepareEvent.d.ts","no",
".\node_modules\@sentry-internal\tracing\node_modules\@sentry\core\types-ts3.8\utils\sdkMetadata.d.ts","no",
".\node_modules\@sentry-internal\tracing\node_modules\@sentry\core\types-ts3.8\utils\spanUtils.d.ts","no",
".\node_modules\@sentry-internal\tracing\node_modules\@sentry\core\types-ts3.8\api.d.ts","no",
".\node_modules\@sentry-internal\tracing\node_modules\@sentry\core\types-ts3.8\baseclient.d.ts","no",
".\node_modules\@sentry-internal\tracing\node_modules\@sentry\core\types-ts3.8\checkin.d.ts","no",
".\node_modules\@sentry-internal\tracing\node_modules\@sentry\core\types-ts3.8\constants.d.ts","no",
".\node_modules\@sentry-internal\tracing\node_modules\@sentry\core\types-ts3.8\debug-build.d.ts","no",
".\node_modules\@sentry-internal\tracing\node_modules\@sentry\core\types-ts3.8\envelope.d.ts","no",
".\node_modules\@sentry-internal\tracing\node_modules\@sentry\core\types-ts3.8\eventProcessors.d.ts","no",
".\node_modules\@sentry-internal\tracing\node_modules\@sentry\core\types-ts3.8\exports.d.ts","no",
".\node_modules\@sentry-internal\tracing\node_modules\@sentry\core\types-ts3.8\hub.d.ts","no",
".\node_modules\@sentry-internal\tracing\node_modules\@sentry\core\types-ts3.8\index.d.ts","no",
".\node_modules\@sentry-internal\tracing\node_modules\@sentry\core\types-ts3.8\integration.d.ts","no",
".\node_modules\@sentry-internal\tracing\node_modules\@sentry\core\types-ts3.8\metadata.d.ts","no",
".\node_modules\@sentry-internal\tracing\node_modules\@sentry\core\types-ts3.8\scope.d.ts","no",
".\node_modules\@sentry-internal\tracing\node_modules\@sentry\core\types-ts3.8\sdk.d.ts","no",
".\node_modules\@sentry-internal\tracing\node_modules\@sentry\core\types-ts3.8\semanticAttributes.d.ts","no",
".\node_modules\@sentry-internal\tracing\node_modules\@sentry\core\types-ts3.8\server-runtime-client.d.ts","no",
".\node_modules\@sentry-internal\tracing\node_modules\@sentry\core\types-ts3.8\session.d.ts","no",
".\node_modules\@sentry-internal\tracing\node_modules\@sentry\core\types-ts3.8\sessionflusher.d.ts","no",
".\node_modules\@sentry-internal\tracing\node_modules\@sentry\core\types-ts3.8\span.d.ts","no",
".\node_modules\@sentry-internal\tracing\node_modules\@sentry\core\types-ts3.8\version.d.ts","no",
".\node_modules\@sentry-internal\tracing\types\browser\metrics\index.d.ts","no",
".\node_modules\@sentry-internal\tracing\types\browser\metrics\utils.d.ts","no",
".\node_modules\@sentry-internal\tracing\types\browser\web-vitals\lib\polyfills\interactionCountPolyfill.d.ts","no",
".\node_modules\@sentry-internal\tracing\types\browser\web-vitals\lib\bindReporter.d.ts","no",
".\node_modules\@sentry-internal\tracing\types\browser\web-vitals\lib\generateUniqueID.d.ts","no",
".\node_modules\@sentry-internal\tracing\types\browser\web-vitals\lib\getActivationStart.d.ts","no",
".\node_modules\@sentry-internal\tracing\types\browser\web-vitals\lib\getNavigationEntry.d.ts","no",
".\node_modules\@sentry-internal\tracing\types\browser\web-vitals\lib\getVisibilityWatcher.d.ts","no",
".\node_modules\@sentry-internal\tracing\types\browser\web-vitals\lib\initMetric.d.ts","no",
".\node_modules\@sentry-internal\tracing\types\browser\web-vitals\lib\observe.d.ts","no",
".\node_modules\@sentry-internal\tracing\types\browser\web-vitals\lib\onHidden.d.ts","no",
".\node_modules\@sentry-internal\tracing\types\browser\web-vitals\types\base.d.ts","no",
".\node_modules\@sentry-internal\tracing\types\browser\web-vitals\types\cls.d.ts","no",
".\node_modules\@sentry-internal\tracing\types\browser\web-vitals\types\fid.d.ts","no",
".\node_modules\@sentry-internal\tracing\types\browser\web-vitals\types\inp.d.ts","no",
".\node_modules\@sentry-internal\tracing\types\browser\web-vitals\types\lcp.d.ts","no",
".\node_modules\@sentry-internal\tracing\types\browser\web-vitals\types\polyfills.d.ts","no",
".\node_modules\@sentry-internal\tracing\types\browser\web-vitals\types\ttfb.d.ts","no",
".\node_modules\@sentry-internal\tracing\types\browser\web-vitals\getCLS.d.ts","no",
".\node_modules\@sentry-internal\tracing\types\browser\web-vitals\getFID.d.ts","no",
".\node_modules\@sentry-internal\tracing\types\browser\web-vitals\getINP.d.ts","no",
".\node_modules\@sentry-internal\tracing\types\browser\web-vitals\getLCP.d.ts","no",
".\node_modules\@sentry-internal\tracing\types\browser\web-vitals\onTTFB.d.ts","no",
".\node_modules\@sentry-internal\tracing\types\browser\web-vitals\types.d.ts","no",
".\node_modules\@sentry-internal\tracing\types\node\integrations\utils\node-utils.d.ts","no",
".\node_modules\@sentry-internal\tracing\types\node\integrations\apollo.d.ts","no",
".\node_modules\@sentry-internal\tracing\types\node\integrations\express.d.ts","no",
".\node_modules\@sentry-internal\tracing\types\node\integrations\graphql.d.ts","no",
".\node_modules\@sentry-internal\tracing\types\node\integrations\index.d.ts","no",
".\node_modules\@sentry-internal\tracing\types\node\integrations\lazy.d.ts","no",
".\node_modules\@sentry-internal\tracing\types\node\integrations\mongo.d.ts","no",
".\node_modules\@sentry-internal\tracing\types\node\integrations\mysql.d.ts","no",
".\node_modules\@sentry-internal\tracing\types\node\integrations\postgres.d.ts","no",
".\node_modules\@sentry-internal\tracing\types\node\integrations\prisma.d.ts","no",
".\node_modules\@sentry-internal\tracing\types-ts3.8\browser\metrics\index.d.ts","no",
".\node_modules\@sentry-internal\tracing\types-ts3.8\browser\metrics\utils.d.ts","no",
".\node_modules\@sentry-internal\tracing\types-ts3.8\browser\web-vitals\lib\polyfills\interactionCountPolyfill.d.ts","no",
".\node_modules\@sentry-internal\tracing\types-ts3.8\browser\web-vitals\lib\bindReporter.d.ts","no",
".\node_modules\@sentry-internal\tracing\types-ts3.8\browser\web-vitals\lib\generateUniqueID.d.ts","no",
".\node_modules\@sentry-internal\tracing\types-ts3.8\browser\web-vitals\lib\getActivationStart.d.ts","no",
".\node_modules\@sentry-internal\tracing\types-ts3.8\browser\web-vitals\lib\getNavigationEntry.d.ts","no",
".\node_modules\@sentry-internal\tracing\types-ts3.8\browser\web-vitals\lib\getVisibilityWatcher.d.ts","no",
".\node_modules\@sentry-internal\tracing\types-ts3.8\browser\web-vitals\lib\initMetric.d.ts","no",
".\node_modules\@sentry-internal\tracing\types-ts3.8\browser\web-vitals\lib\observe.d.ts","no",
".\node_modules\@sentry-internal\tracing\types-ts3.8\browser\web-vitals\lib\onHidden.d.ts","no",
".\node_modules\@sentry-internal\tracing\types-ts3.8\browser\web-vitals\types\base.d.ts","no",
".\node_modules\@sentry-internal\tracing\types-ts3.8\browser\web-vitals\types\cls.d.ts","no",
".\node_modules\@sentry-internal\tracing\types-ts3.8\browser\web-vitals\types\fid.d.ts","no",
".\node_modules\@sentry-internal\tracing\types-ts3.8\browser\web-vitals\types\inp.d.ts","no",
".\node_modules\@sentry-internal\tracing\types-ts3.8\browser\web-vitals\types\lcp.d.ts","no",
".\node_modules\@sentry-internal\tracing\types-ts3.8\browser\web-vitals\types\polyfills.d.ts","no",
".\node_modules\@sentry-internal\tracing\types-ts3.8\browser\web-vitals\types\ttfb.d.ts","no",
".\node_modules\@sentry-internal\tracing\types-ts3.8\browser\web-vitals\getCLS.d.ts","no",
".\node_modules\@sentry-internal\tracing\types-ts3.8\browser\web-vitals\getFID.d.ts","no",
".\node_modules\@sentry-internal\tracing\types-ts3.8\browser\web-vitals\getINP.d.ts","no",
".\node_modules\@sentry-internal\tracing\types-ts3.8\browser\web-vitals\getLCP.d.ts","no",
".\node_modules\@sentry-internal\tracing\types-ts3.8\browser\web-vitals\onTTFB.d.ts","no",
".\node_modules\@sentry-internal\tracing\types-ts3.8\browser\web-vitals\types.d.ts","no",
".\node_modules\@sentry-internal\tracing\types-ts3.8\node\integrations\utils\node-utils.d.ts","no",
".\node_modules\@sentry-internal\tracing\types-ts3.8\node\integrations\apollo.d.ts","no",
".\node_modules\@sentry-internal\tracing\types-ts3.8\node\integrations\express.d.ts","no",
".\node_modules\@sentry-internal\tracing\types-ts3.8\node\integrations\graphql.d.ts","no",
".\node_modules\@sentry-internal\tracing\types-ts3.8\node\integrations\index.d.ts","no",
".\node_modules\@sentry-internal\tracing\types-ts3.8\node\integrations\lazy.d.ts","no",
".\node_modules\@sentry-internal\tracing\types-ts3.8\node\integrations\mongo.d.ts","no",
".\node_modules\@sentry-internal\tracing\types-ts3.8\node\integrations\mysql.d.ts","no",
".\node_modules\@sentry-internal\tracing\types-ts3.8\node\integrations\postgres.d.ts","no",
".\node_modules\@sentry-internal\tracing\types-ts3.8\node\integrations\prisma.d.ts","no",
".\node_modules\@sinclair\typebox\build\cjs\compiler\compiler.d.ts","no",
".\node_modules\@sinclair\typebox\build\cjs\compiler\index.d.ts","no",
".\node_modules\@sinclair\typebox\build\cjs\errors\errors.d.ts","no",
".\node_modules\@sinclair\typebox\build\cjs\errors\function.d.ts","no",
".\node_modules\@sinclair\typebox\build\cjs\errors\index.d.ts","no",
".\node_modules\@sinclair\typebox\build\cjs\parser\runtime\guard.d.ts","no",
".\node_modules\@sinclair\typebox\build\cjs\parser\runtime\index.d.ts","no",
".\node_modules\@sinclair\typebox\build\cjs\parser\runtime\module.d.ts","no",
".\node_modules\@sinclair\typebox\build\cjs\parser\runtime\parse.d.ts","no",
".\node_modules\@sinclair\typebox\build\cjs\parser\runtime\token.d.ts","no",
".\node_modules\@sinclair\typebox\build\cjs\parser\runtime\types.d.ts","no",
".\node_modules\@sinclair\typebox\build\cjs\parser\static\index.d.ts","no",
".\node_modules\@sinclair\typebox\build\cjs\parser\static\parse.d.ts","no",
".\node_modules\@sinclair\typebox\build\cjs\parser\static\token.d.ts","no",
".\node_modules\@sinclair\typebox\build\cjs\parser\static\types.d.ts","no",
".\node_modules\@sinclair\typebox\build\cjs\parser\index.d.ts","no",
".\node_modules\@sinclair\typebox\build\cjs\syntax\index.d.ts","no",
".\node_modules\@sinclair\typebox\build\cjs\syntax\mapping.d.ts","no",
".\node_modules\@sinclair\typebox\build\cjs\syntax\parser.d.ts","no",
".\node_modules\@sinclair\typebox\build\cjs\syntax\syntax.d.ts","no",
".\node_modules\@sinclair\typebox\build\cjs\system\index.d.ts","no",
".\node_modules\@sinclair\typebox\build\cjs\system\policy.d.ts","no",
".\node_modules\@sinclair\typebox\build\cjs\system\system.d.ts","no",
".\node_modules\@sinclair\typebox\build\cjs\type\any\any.d.ts","no",
".\node_modules\@sinclair\typebox\build\cjs\type\any\index.d.ts","no",
".\node_modules\@sinclair\typebox\build\cjs\type\argument\argument.d.ts","no",
".\node_modules\@sinclair\typebox\build\cjs\type\argument\index.d.ts","no",
".\node_modules\@sinclair\typebox\build\cjs\type\array\array.d.ts","no",
".\node_modules\@sinclair\typebox\build\cjs\type\array\index.d.ts","no",
".\node_modules\@sinclair\typebox\build\cjs\type\async-iterator\async-iterator.d.ts","no",
".\node_modules\@sinclair\typebox\build\cjs\type\async-iterator\index.d.ts","no",
".\node_modules\@sinclair\typebox\build\cjs\type\awaited\awaited.d.ts","no",
".\node_modules\@sinclair\typebox\build\cjs\type\awaited\index.d.ts","no",
".\node_modules\@sinclair\typebox\build\cjs\type\bigint\bigint.d.ts","no",
".\node_modules\@sinclair\typebox\build\cjs\type\bigint\index.d.ts","no",
".\node_modules\@sinclair\typebox\build\cjs\type\boolean\boolean.d.ts","no",
".\node_modules\@sinclair\typebox\build\cjs\type\boolean\index.d.ts","no",
".\node_modules\@sinclair\typebox\build\cjs\type\clone\index.d.ts","no",
".\node_modules\@sinclair\typebox\build\cjs\type\clone\type.d.ts","no",
".\node_modules\@sinclair\typebox\build\cjs\type\clone\value.d.ts","no",
".\node_modules\@sinclair\typebox\build\cjs\type\composite\composite.d.ts","no",
".\node_modules\@sinclair\typebox\build\cjs\type\composite\index.d.ts","no",
".\node_modules\@sinclair\typebox\build\cjs\type\computed\computed.d.ts","no",
".\node_modules\@sinclair\typebox\build\cjs\type\computed\index.d.ts","no",
".\node_modules\@sinclair\typebox\build\cjs\type\const\const.d.ts","no",
".\node_modules\@sinclair\typebox\build\cjs\type\const\index.d.ts","no",
".\node_modules\@sinclair\typebox\build\cjs\type\constructor\constructor.d.ts","no",
".\node_modules\@sinclair\typebox\build\cjs\type\constructor\index.d.ts","no",
".\node_modules\@sinclair\typebox\build\cjs\type\constructor-parameters\constructor-parameters.d.ts","no",
".\node_modules\@sinclair\typebox\build\cjs\type\constructor-parameters\index.d.ts","no",
".\node_modules\@sinclair\typebox\build\cjs\type\create\immutable.d.ts","no",
".\node_modules\@sinclair\typebox\build\cjs\type\create\index.d.ts","no",
".\node_modules\@sinclair\typebox\build\cjs\type\create\type.d.ts","no",
".\node_modules\@sinclair\typebox\build\cjs\type\date\date.d.ts","no",
".\node_modules\@sinclair\typebox\build\cjs\type\date\index.d.ts","no",
".\node_modules\@sinclair\typebox\build\cjs\type\discard\discard.d.ts","no",
".\node_modules\@sinclair\typebox\build\cjs\type\discard\index.d.ts","no",
".\node_modules\@sinclair\typebox\build\cjs\type\enum\enum.d.ts","no",
".\node_modules\@sinclair\typebox\build\cjs\type\enum\index.d.ts","no",
".\node_modules\@sinclair\typebox\build\cjs\type\error\error.d.ts","no",
".\node_modules\@sinclair\typebox\build\cjs\type\error\index.d.ts","no",
".\node_modules\@sinclair\typebox\build\cjs\type\exclude\exclude-from-mapped-result.d.ts","no",
".\node_modules\@sinclair\typebox\build\cjs\type\exclude\exclude-from-template-literal.d.ts","no",
".\node_modules\@sinclair\typebox\build\cjs\type\exclude\exclude.d.ts","no",
".\node_modules\@sinclair\typebox\build\cjs\type\exclude\index.d.ts","no",
".\node_modules\@sinclair\typebox\build\cjs\type\extends\extends-check.d.ts","no",
".\node_modules\@sinclair\typebox\build\cjs\type\extends\extends-from-mapped-key.d.ts","no",
".\node_modules\@sinclair\typebox\build\cjs\type\extends\extends-from-mapped-result.d.ts","no",
".\node_modules\@sinclair\typebox\build\cjs\type\extends\extends-undefined.d.ts","no",
".\node_modules\@sinclair\typebox\build\cjs\type\extends\extends.d.ts","no",
".\node_modules\@sinclair\typebox\build\cjs\type\extends\index.d.ts","no",
".\node_modules\@sinclair\typebox\build\cjs\type\extract\extract-from-mapped-result.d.ts","no",
".\node_modules\@sinclair\typebox\build\cjs\type\extract\extract-from-template-literal.d.ts","no",
".\node_modules\@sinclair\typebox\build\cjs\type\extract\extract.d.ts","no",
".\node_modules\@sinclair\typebox\build\cjs\type\extract\index.d.ts","no",
".\node_modules\@sinclair\typebox\build\cjs\type\function\function.d.ts","no",
".\node_modules\@sinclair\typebox\build\cjs\type\function\index.d.ts","no",
".\node_modules\@sinclair\typebox\build\cjs\type\guard\index.d.ts","no",
".\node_modules\@sinclair\typebox\build\cjs\type\guard\kind.d.ts","no",
".\node_modules\@sinclair\typebox\build\cjs\type\guard\type.d.ts","no",
".\node_modules\@sinclair\typebox\build\cjs\type\guard\value.d.ts","no",
".\node_modules\@sinclair\typebox\build\cjs\type\helpers\helpers.d.ts","no",
".\node_modules\@sinclair\typebox\build\cjs\type\helpers\index.d.ts","no",
".\node_modules\@sinclair\typebox\build\cjs\type\indexed\index.d.ts","no",
".\node_modules\@sinclair\typebox\build\cjs\type\indexed\indexed-from-mapped-key.d.ts","no",
".\node_modules\@sinclair\typebox\build\cjs\type\indexed\indexed-from-mapped-result.d.ts","no",
".\node_modules\@sinclair\typebox\build\cjs\type\indexed\indexed-property-keys.d.ts","no",
".\node_modules\@sinclair\typebox\build\cjs\type\indexed\indexed.d.ts","no",
".\node_modules\@sinclair\typebox\build\cjs\type\instance-type\index.d.ts","no",
".\node_modules\@sinclair\typebox\build\cjs\type\instance-type\instance-type.d.ts","no",
".\node_modules\@sinclair\typebox\build\cjs\type\instantiate\index.d.ts","no",
".\node_modules\@sinclair\typebox\build\cjs\type\instantiate\instantiate.d.ts","no",
".\node_modules\@sinclair\typebox\build\cjs\type\integer\index.d.ts","no",
".\node_modules\@sinclair\typebox\build\cjs\type\integer\integer.d.ts","no",
".\node_modules\@sinclair\typebox\build\cjs\type\intersect\index.d.ts","no",
".\node_modules\@sinclair\typebox\build\cjs\type\intersect\intersect-create.d.ts","no",
".\node_modules\@sinclair\typebox\build\cjs\type\intersect\intersect-evaluated.d.ts","no",
".\node_modules\@sinclair\typebox\build\cjs\type\intersect\intersect-type.d.ts","no",
".\node_modules\@sinclair\typebox\build\cjs\type\intersect\intersect.d.ts","no",
".\node_modules\@sinclair\typebox\build\cjs\type\intrinsic\capitalize.d.ts","no",
".\node_modules\@sinclair\typebox\build\cjs\type\intrinsic\index.d.ts","no",
".\node_modules\@sinclair\typebox\build\cjs\type\intrinsic\intrinsic-from-mapped-key.d.ts","no",
".\node_modules\@sinclair\typebox\build\cjs\type\intrinsic\intrinsic.d.ts","no",
".\node_modules\@sinclair\typebox\build\cjs\type\intrinsic\lowercase.d.ts","no",
".\node_modules\@sinclair\typebox\build\cjs\type\intrinsic\uncapitalize.d.ts","no",
".\node_modules\@sinclair\typebox\build\cjs\type\intrinsic\uppercase.d.ts","no",
".\node_modules\@sinclair\typebox\build\cjs\type\iterator\index.d.ts","no",
".\node_modules\@sinclair\typebox\build\cjs\type\iterator\iterator.d.ts","no",
".\node_modules\@sinclair\typebox\build\cjs\type\keyof\index.d.ts","no",
".\node_modules\@sinclair\typebox\build\cjs\type\keyof\keyof-from-mapped-result.d.ts","no",
".\node_modules\@sinclair\typebox\build\cjs\type\keyof\keyof-property-entries.d.ts","no",
".\node_modules\@sinclair\typebox\build\cjs\type\keyof\keyof-property-keys.d.ts","no",
".\node_modules\@sinclair\typebox\build\cjs\type\keyof\keyof.d.ts","no",
".\node_modules\@sinclair\typebox\build\cjs\type\literal\index.d.ts","no",
".\node_modules\@sinclair\typebox\build\cjs\type\literal\literal.d.ts","no",
".\node_modules\@sinclair\typebox\build\cjs\type\mapped\index.d.ts","no",
".\node_modules\@sinclair\typebox\build\cjs\type\mapped\mapped-key.d.ts","no",
".\node_modules\@sinclair\typebox\build\cjs\type\mapped\mapped-result.d.ts","no",
".\node_modules\@sinclair\typebox\build\cjs\type\mapped\mapped.d.ts","no",
".\node_modules\@sinclair\typebox\build\cjs\type\module\compute.d.ts","no",
".\node_modules\@sinclair\typebox\build\cjs\type\module\index.d.ts","no",
".\node_modules\@sinclair\typebox\build\cjs\type\module\infer.d.ts","no",
".\node_modules\@sinclair\typebox\build\cjs\type\module\module.d.ts","no",
".\node_modules\@sinclair\typebox\build\cjs\type\never\index.d.ts","no",
".\node_modules\@sinclair\typebox\build\cjs\type\never\never.d.ts","no",
".\node_modules\@sinclair\typebox\build\cjs\type\not\index.d.ts","no",
".\node_modules\@sinclair\typebox\build\cjs\type\not\not.d.ts","no",
".\node_modules\@sinclair\typebox\build\cjs\type\null\index.d.ts","no",
".\node_modules\@sinclair\typebox\build\cjs\type\null\null.d.ts","no",
".\node_modules\@sinclair\typebox\build\cjs\type\number\index.d.ts","no",
".\node_modules\@sinclair\typebox\build\cjs\type\number\number.d.ts","no",
".\node_modules\@sinclair\typebox\build\cjs\type\object\index.d.ts","no",
".\node_modules\@sinclair\typebox\build\cjs\type\object\object.d.ts","no",
".\node_modules\@sinclair\typebox\build\cjs\type\omit\index.d.ts","no",
".\node_modules\@sinclair\typebox\build\cjs\type\omit\omit-from-mapped-key.d.ts","no",
".\node_modules\@sinclair\typebox\build\cjs\type\omit\omit-from-mapped-result.d.ts","no",
".\node_modules\@sinclair\typebox\build\cjs\type\omit\omit.d.ts","no",
".\node_modules\@sinclair\typebox\build\cjs\type\optional\index.d.ts","no",
".\node_modules\@sinclair\typebox\build\cjs\type\optional\optional-from-mapped-result.d.ts","no",
".\node_modules\@sinclair\typebox\build\cjs\type\optional\optional.d.ts","no",
".\node_modules\@sinclair\typebox\build\cjs\type\parameters\index.d.ts","no",
".\node_modules\@sinclair\typebox\build\cjs\type\parameters\parameters.d.ts","no",
".\node_modules\@sinclair\typebox\build\cjs\type\partial\index.d.ts","no",
".\node_modules\@sinclair\typebox\build\cjs\type\partial\partial-from-mapped-result.d.ts","no",
".\node_modules\@sinclair\typebox\build\cjs\type\partial\partial.d.ts","no",
".\node_modules\@sinclair\typebox\build\cjs\type\patterns\index.d.ts","no",
".\node_modules\@sinclair\typebox\build\cjs\type\patterns\patterns.d.ts","no",
".\node_modules\@sinclair\typebox\build\cjs\type\pick\index.d.ts","no",
".\node_modules\@sinclair\typebox\build\cjs\type\pick\pick-from-mapped-key.d.ts","no",
".\node_modules\@sinclair\typebox\build\cjs\type\pick\pick-from-mapped-result.d.ts","no",
".\node_modules\@sinclair\typebox\build\cjs\type\pick\pick.d.ts","no",
".\node_modules\@sinclair\typebox\build\cjs\type\promise\index.d.ts","no",
".\node_modules\@sinclair\typebox\build\cjs\type\promise\promise.d.ts","no",
".\node_modules\@sinclair\typebox\build\cjs\type\readonly\index.d.ts","no",
".\node_modules\@sinclair\typebox\build\cjs\type\readonly\readonly-from-mapped-result.d.ts","no",
".\node_modules\@sinclair\typebox\build\cjs\type\readonly\readonly.d.ts","no",
".\node_modules\@sinclair\typebox\build\cjs\type\readonly-optional\index.d.ts","no",
".\node_modules\@sinclair\typebox\build\cjs\type\readonly-optional\readonly-optional.d.ts","no",
".\node_modules\@sinclair\typebox\build\cjs\type\record\index.d.ts","no",
".\node_modules\@sinclair\typebox\build\cjs\type\record\record.d.ts","no",
".\node_modules\@sinclair\typebox\build\cjs\type\recursive\index.d.ts","no",
".\node_modules\@sinclair\typebox\build\cjs\type\recursive\recursive.d.ts","no",
".\node_modules\@sinclair\typebox\build\cjs\type\ref\index.d.ts","no",
".\node_modules\@sinclair\typebox\build\cjs\type\ref\ref.d.ts","no",
".\node_modules\@sinclair\typebox\build\cjs\type\regexp\index.d.ts","no",
".\node_modules\@sinclair\typebox\build\cjs\type\regexp\regexp.d.ts","no",
".\node_modules\@sinclair\typebox\build\cjs\type\registry\format.d.ts","no",
".\node_modules\@sinclair\typebox\build\cjs\type\registry\index.d.ts","no",
".\node_modules\@sinclair\typebox\build\cjs\type\registry\type.d.ts","no",
".\node_modules\@sinclair\typebox\build\cjs\type\required\index.d.ts","no",
".\node_modules\@sinclair\typebox\build\cjs\type\required\required-from-mapped-result.d.ts","no",
".\node_modules\@sinclair\typebox\build\cjs\type\required\required.d.ts","no",
".\node_modules\@sinclair\typebox\build\cjs\type\rest\index.d.ts","no",
".\node_modules\@sinclair\typebox\build\cjs\type\rest\rest.d.ts","no",
".\node_modules\@sinclair\typebox\build\cjs\type\return-type\index.d.ts","no",
".\node_modules\@sinclair\typebox\build\cjs\type\return-type\return-type.d.ts","no",
".\node_modules\@sinclair\typebox\build\cjs\type\schema\anyschema.d.ts","no",
".\node_modules\@sinclair\typebox\build\cjs\type\schema\index.d.ts","no",
".\node_modules\@sinclair\typebox\build\cjs\type\schema\schema.d.ts","no",
".\node_modules\@sinclair\typebox\build\cjs\type\sets\index.d.ts","no",
".\node_modules\@sinclair\typebox\build\cjs\type\sets\set.d.ts","no",
".\node_modules\@sinclair\typebox\build\cjs\type\static\index.d.ts","no",
".\node_modules\@sinclair\typebox\build\cjs\type\static\static.d.ts","no",
".\node_modules\@sinclair\typebox\build\cjs\type\string\index.d.ts","no",
".\node_modules\@sinclair\typebox\build\cjs\type\string\string.d.ts","no",
".\node_modules\@sinclair\typebox\build\cjs\type\symbol\index.d.ts","no",
".\node_modules\@sinclair\typebox\build\cjs\type\symbol\symbol.d.ts","no",
".\node_modules\@sinclair\typebox\build\cjs\type\symbols\index.d.ts","no",
".\node_modules\@sinclair\typebox\build\cjs\type\symbols\symbols.d.ts","no",
".\node_modules\@sinclair\typebox\build\cjs\type\template-literal\finite.d.ts","no",
".\node_modules\@sinclair\typebox\build\cjs\type\template-literal\generate.d.ts","no",
".\node_modules\@sinclair\typebox\build\cjs\type\template-literal\index.d.ts","no",
".\node_modules\@sinclair\typebox\build\cjs\type\template-literal\parse.d.ts","no",
".\node_modules\@sinclair\typebox\build\cjs\type\template-literal\pattern.d.ts","no",
".\node_modules\@sinclair\typebox\build\cjs\type\template-literal\syntax.d.ts","no",
".\node_modules\@sinclair\typebox\build\cjs\type\template-literal\template-literal.d.ts","no",
".\node_modules\@sinclair\typebox\build\cjs\type\template-literal\union.d.ts","no",
".\node_modules\@sinclair\typebox\build\cjs\type\transform\index.d.ts","no",
".\node_modules\@sinclair\typebox\build\cjs\type\transform\transform.d.ts","no",
".\node_modules\@sinclair\typebox\build\cjs\type\tuple\index.d.ts","no",
".\node_modules\@sinclair\typebox\build\cjs\type\tuple\tuple.d.ts","no",
".\node_modules\@sinclair\typebox\build\cjs\type\type\index.d.ts","no",
".\node_modules\@sinclair\typebox\build\cjs\type\type\javascript.d.ts","no",
".\node_modules\@sinclair\typebox\build\cjs\type\type\json.d.ts","no",
".\node_modules\@sinclair\typebox\build\cjs\type\type\type.d.ts","no",
".\node_modules\@sinclair\typebox\build\cjs\type\uint8array\index.d.ts","no",
".\node_modules\@sinclair\typebox\build\cjs\type\uint8array\uint8array.d.ts","no",
".\node_modules\@sinclair\typebox\build\cjs\type\undefined\index.d.ts","no",
".\node_modules\@sinclair\typebox\build\cjs\type\undefined\undefined.d.ts","no",
".\node_modules\@sinclair\typebox\build\cjs\type\union\index.d.ts","no",
".\node_modules\@sinclair\typebox\build\cjs\type\union\union-create.d.ts","no",
".\node_modules\@sinclair\typebox\build\cjs\type\union\union-evaluated.d.ts","no",
".\node_modules\@sinclair\typebox\build\cjs\type\union\union-type.d.ts","no",
".\node_modules\@sinclair\typebox\build\cjs\type\union\union.d.ts","no",
".\node_modules\@sinclair\typebox\build\cjs\type\unknown\index.d.ts","no",
".\node_modules\@sinclair\typebox\build\cjs\type\unknown\unknown.d.ts","no",
".\node_modules\@sinclair\typebox\build\cjs\type\unsafe\index.d.ts","no",
".\node_modules\@sinclair\typebox\build\cjs\type\unsafe\unsafe.d.ts","no",
".\node_modules\@sinclair\typebox\build\cjs\type\void\index.d.ts","no",
".\node_modules\@sinclair\typebox\build\cjs\type\void\void.d.ts","no",
".\node_modules\@sinclair\typebox\build\cjs\type\index.d.ts","no",
".\node_modules\@sinclair\typebox\build\cjs\value\assert\assert.d.ts","no",
".\node_modules\@sinclair\typebox\build\cjs\value\assert\index.d.ts","no",
".\node_modules\@sinclair\typebox\build\cjs\value\cast\cast.d.ts","no",
".\node_modules\@sinclair\typebox\build\cjs\value\cast\index.d.ts","no",
".\node_modules\@sinclair\typebox\build\cjs\value\check\check.d.ts","no",
".\node_modules\@sinclair\typebox\build\cjs\value\check\index.d.ts","no",
".\node_modules\@sinclair\typebox\build\cjs\value\clean\clean.d.ts","no",
".\node_modules\@sinclair\typebox\build\cjs\value\clean\index.d.ts","no",
".\node_modules\@sinclair\typebox\build\cjs\value\clone\clone.d.ts","no",
".\node_modules\@sinclair\typebox\build\cjs\value\clone\index.d.ts","no",
".\node_modules\@sinclair\typebox\build\cjs\value\convert\convert.d.ts","no",
".\node_modules\@sinclair\typebox\build\cjs\value\convert\index.d.ts","no",
".\node_modules\@sinclair\typebox\build\cjs\value\create\create.d.ts","no",
".\node_modules\@sinclair\typebox\build\cjs\value\create\index.d.ts","no",
".\node_modules\@sinclair\typebox\build\cjs\value\decode\decode.d.ts","no",
".\node_modules\@sinclair\typebox\build\cjs\value\decode\index.d.ts","no",
".\node_modules\@sinclair\typebox\build\cjs\value\default\default.d.ts","no",
".\node_modules\@sinclair\typebox\build\cjs\value\default\index.d.ts","no",
".\node_modules\@sinclair\typebox\build\cjs\value\delta\delta.d.ts","no",
".\node_modules\@sinclair\typebox\build\cjs\value\delta\index.d.ts","no",
".\node_modules\@sinclair\typebox\build\cjs\value\deref\deref.d.ts","no",
".\node_modules\@sinclair\typebox\build\cjs\value\deref\index.d.ts","no",
".\node_modules\@sinclair\typebox\build\cjs\value\encode\encode.d.ts","no",
".\node_modules\@sinclair\typebox\build\cjs\value\encode\index.d.ts","no",
".\node_modules\@sinclair\typebox\build\cjs\value\equal\equal.d.ts","no",
".\node_modules\@sinclair\typebox\build\cjs\value\equal\index.d.ts","no",
".\node_modules\@sinclair\typebox\build\cjs\value\guard\guard.d.ts","no",
".\node_modules\@sinclair\typebox\build\cjs\value\guard\index.d.ts","no",
".\node_modules\@sinclair\typebox\build\cjs\value\hash\hash.d.ts","no",
".\node_modules\@sinclair\typebox\build\cjs\value\hash\index.d.ts","no",
".\node_modules\@sinclair\typebox\build\cjs\value\mutate\index.d.ts","no",
".\node_modules\@sinclair\typebox\build\cjs\value\mutate\mutate.d.ts","no",
".\node_modules\@sinclair\typebox\build\cjs\value\parse\index.d.ts","no",
".\node_modules\@sinclair\typebox\build\cjs\value\parse\parse.d.ts","no",
".\node_modules\@sinclair\typebox\build\cjs\value\pointer\index.d.ts","no",
".\node_modules\@sinclair\typebox\build\cjs\value\pointer\pointer.d.ts","no",
".\node_modules\@sinclair\typebox\build\cjs\value\transform\decode.d.ts","no",
".\node_modules\@sinclair\typebox\build\cjs\value\transform\encode.d.ts","no",
".\node_modules\@sinclair\typebox\build\cjs\value\transform\has.d.ts","no",
".\node_modules\@sinclair\typebox\build\cjs\value\transform\index.d.ts","no",
".\node_modules\@sinclair\typebox\build\cjs\value\value\index.d.ts","no",
".\node_modules\@sinclair\typebox\build\cjs\value\value\value.d.ts","no",
".\node_modules\@sinclair\typebox\build\cjs\value\index.d.ts","no",
".\node_modules\@testing-library\jest-dom\node_modules\dom-accessibility-api\dist\polyfills\array.from.d.ts","yes",
".\node_modules\@testing-library\jest-dom\node_modules\dom-accessibility-api\dist\polyfills\SetLike.d.ts","yes",
".\node_modules\@testing-library\jest-dom\node_modules\dom-accessibility-api\dist\accessible-description.d.ts","no",
".\node_modules\@testing-library\jest-dom\node_modules\dom-accessibility-api\dist\accessible-name-and-description.d.ts","no",
".\node_modules\@testing-library\jest-dom\node_modules\dom-accessibility-api\dist\accessible-name.d.ts","no",
".\node_modules\@testing-library\jest-dom\node_modules\dom-accessibility-api\dist\getRole.d.ts","yes",
".\node_modules\@testing-library\jest-dom\node_modules\dom-accessibility-api\dist\index.d.ts","no",
".\node_modules\@testing-library\jest-dom\node_modules\dom-accessibility-api\dist\is-disabled.d.ts","no",
".\node_modules\@testing-library\jest-dom\node_modules\dom-accessibility-api\dist\is-inaccessible.d.ts","no",
".\node_modules\@testing-library\jest-dom\node_modules\dom-accessibility-api\dist\util.d.ts","no",
".\node_modules\@testing-library\jest-dom\types\__tests__\bun\bun-custom-expect-types.test.ts","no",
".\node_modules\@testing-library\jest-dom\types\__tests__\bun\bun-types.test.ts","no",
".\node_modules\@testing-library\jest-dom\types\__tests__\jest\jest-custom-expect-types.test.ts","no",
".\node_modules\@testing-library\jest-dom\types\__tests__\jest\jest-types.test.ts","no",
".\node_modules\@testing-library\jest-dom\types\__tests__\jest-globals\jest-globals-custom-expect-types.test.ts","no",
".\node_modules\@testing-library\jest-dom\types\__tests__\jest-globals\jest-globals-types.test.ts","no",
".\node_modules\@testing-library\jest-dom\types\__tests__\vitest\vitest-custom-expect-types.test.ts","no",
".\node_modules\@testing-library\jest-dom\types\__tests__\vitest\vitest-types.test.ts","no",
".\node_modules\@testing-library\react\node_modules\@testing-library\dom\types\config.d.ts","no",
".\node_modules\@testing-library\react\node_modules\@testing-library\dom\types\events.d.ts","no",
".\node_modules\@testing-library\react\node_modules\@testing-library\dom\types\get-node-text.d.ts","no",
".\node_modules\@testing-library\react\node_modules\@testing-library\dom\types\get-queries-for-element.d.ts","no",
".\node_modules\@testing-library\react\node_modules\@testing-library\dom\types\index.d.ts","no",
".\node_modules\@testing-library\react\node_modules\@testing-library\dom\types\matches.d.ts","no",
".\node_modules\@testing-library\react\node_modules\@testing-library\dom\types\pretty-dom.d.ts","no",
".\node_modules\@testing-library\react\node_modules\@testing-library\dom\types\queries.d.ts","no",
".\node_modules\@testing-library\react\node_modules\@testing-library\dom\types\query-helpers.d.ts","no",
".\node_modules\@testing-library\react\node_modules\@testing-library\dom\types\role-helpers.d.ts","no",
".\node_modules\@testing-library\react\node_modules\@testing-library\dom\types\screen.d.ts","no",
".\node_modules\@testing-library\react\node_modules\@testing-library\dom\types\suggestions.d.ts","no",
".\node_modules\@testing-library\react\node_modules\@testing-library\dom\types\wait-for-element-to-be-removed.d.ts","no",
".\node_modules\@testing-library\react\node_modules\@testing-library\dom\types\wait-for.d.ts","no",
".\node_modules\@testing-library\user-event\dist\types\clipboard\copy.d.ts","no",
".\node_modules\@testing-library\user-event\dist\types\clipboard\cut.d.ts","no",
".\node_modules\@testing-library\user-event\dist\types\clipboard\index.d.ts","no",
".\node_modules\@testing-library\user-event\dist\types\clipboard\paste.d.ts","no",
".\node_modules\@testing-library\user-event\dist\types\convenience\click.d.ts","no",
".\node_modules\@testing-library\user-event\dist\types\convenience\hover.d.ts","no",
".\node_modules\@testing-library\user-event\dist\types\convenience\index.d.ts","no",
".\node_modules\@testing-library\user-event\dist\types\convenience\tab.d.ts","no",
".\node_modules\@testing-library\user-event\dist\types\document\copySelection.d.ts","no",
".\node_modules\@testing-library\user-event\dist\types\document\getValueOrTextContent.d.ts","no",
".\node_modules\@testing-library\user-event\dist\types\document\index.d.ts","no",
".\node_modules\@testing-library\user-event\dist\types\document\interceptor.d.ts","no",
".\node_modules\@testing-library\user-event\dist\types\document\patchFocus.d.ts","no",
".\node_modules\@testing-library\user-event\dist\types\document\prepareDocument.d.ts","no",
".\node_modules\@testing-library\user-event\dist\types\document\trackValue.d.ts","no",
".\node_modules\@testing-library\user-event\dist\types\document\UI.d.ts","no",
".\node_modules\@testing-library\user-event\dist\types\event\behavior\click.d.ts","no",
".\node_modules\@testing-library\user-event\dist\types\event\behavior\cut.d.ts","no",
".\node_modules\@testing-library\user-event\dist\types\event\behavior\index.d.ts","no",
".\node_modules\@testing-library\user-event\dist\types\event\behavior\keydown.d.ts","no",
".\node_modules\@testing-library\user-event\dist\types\event\behavior\keypress.d.ts","no",
".\node_modules\@testing-library\user-event\dist\types\event\behavior\keyup.d.ts","no",
".\node_modules\@testing-library\user-event\dist\types\event\behavior\paste.d.ts","no",
".\node_modules\@testing-library\user-event\dist\types\event\behavior\registry.d.ts","no",
".\node_modules\@testing-library\user-event\dist\types\event\selection\getInputRange.d.ts","no",
".\node_modules\@testing-library\user-event\dist\types\event\selection\getTargetTypeAndSelection.d.ts","no",
".\node_modules\@testing-library\user-event\dist\types\event\selection\index.d.ts","no",
".\node_modules\@testing-library\user-event\dist\types\event\selection\modifySelection.d.ts","no",
".\node_modules\@testing-library\user-event\dist\types\event\selection\modifySelectionPerMouse.d.ts","no",
".\node_modules\@testing-library\user-event\dist\types\event\selection\moveSelection.d.ts","no",
".\node_modules\@testing-library\user-event\dist\types\event\selection\resolveCaretPosition.d.ts","no",
".\node_modules\@testing-library\user-event\dist\types\event\selection\selectAll.d.ts","no",
".\node_modules\@testing-library\user-event\dist\types\event\selection\setSelection.d.ts","no",
".\node_modules\@testing-library\user-event\dist\types\event\selection\setSelectionPerMouse.d.ts","no",
".\node_modules\@testing-library\user-event\dist\types\event\selection\setSelectionRange.d.ts","no",
".\node_modules\@testing-library\user-event\dist\types\event\selection\updateSelectionOnFocus.d.ts","no",
".\node_modules\@testing-library\user-event\dist\types\event\createEvent.d.ts","no",
".\node_modules\@testing-library\user-event\dist\types\event\dispatchEvent.d.ts","no",
".\node_modules\@testing-library\user-event\dist\types\event\eventMap.d.ts","no",
".\node_modules\@testing-library\user-event\dist\types\event\focus.d.ts","no",
".\node_modules\@testing-library\user-event\dist\types\event\index.d.ts","no",
".\node_modules\@testing-library\user-event\dist\types\event\input.d.ts","no",
".\node_modules\@testing-library\user-event\dist\types\event\radio.d.ts","no",
".\node_modules\@testing-library\user-event\dist\types\event\types.d.ts","no",
".\node_modules\@testing-library\user-event\dist\types\event\wrapEvent.d.ts","no",
".\node_modules\@testing-library\user-event\dist\types\keyboard\index.d.ts","no",
".\node_modules\@testing-library\user-event\dist\types\keyboard\keyMap.d.ts","no",
".\node_modules\@testing-library\user-event\dist\types\keyboard\parseKeyDef.d.ts","no",
".\node_modules\@testing-library\user-event\dist\types\pointer\index.d.ts","no",
".\node_modules\@testing-library\user-event\dist\types\pointer\keyMap.d.ts","no",
".\node_modules\@testing-library\user-event\dist\types\pointer\parseKeyDef.d.ts","no",
".\node_modules\@testing-library\user-event\dist\types\setup\api.d.ts","no",
".\node_modules\@testing-library\user-event\dist\types\setup\directApi.d.ts","no",
".\node_modules\@testing-library\user-event\dist\types\setup\index.d.ts","no",
".\node_modules\@testing-library\user-event\dist\types\setup\setup.d.ts","no",
".\node_modules\@testing-library\user-event\dist\types\setup\wrapAsync.d.ts","no",
".\node_modules\@testing-library\user-event\dist\types\system\pointer\buttons.d.ts","no",
".\node_modules\@testing-library\user-event\dist\types\system\pointer\device.d.ts","no",
".\node_modules\@testing-library\user-event\dist\types\system\pointer\index.d.ts","no",
".\node_modules\@testing-library\user-event\dist\types\system\pointer\mouse.d.ts","no",
".\node_modules\@testing-library\user-event\dist\types\system\pointer\pointer.d.ts","no",
".\node_modules\@testing-library\user-event\dist\types\system\pointer\shared.d.ts","no",
".\node_modules\@testing-library\user-event\dist\types\system\index.d.ts","no",
".\node_modules\@testing-library\user-event\dist\types\system\keyboard.d.ts","no",
".\node_modules\@testing-library\user-event\dist\types\utility\clear.d.ts","no",
".\node_modules\@testing-library\user-event\dist\types\utility\index.d.ts","no",
".\node_modules\@testing-library\user-event\dist\types\utility\selectOptions.d.ts","no",
".\node_modules\@testing-library\user-event\dist\types\utility\type.d.ts","no",
".\node_modules\@testing-library\user-event\dist\types\utility\upload.d.ts","no",
".\node_modules\@testing-library\user-event\dist\types\utils\click\isClickableInput.d.ts","no",
".\node_modules\@testing-library\user-event\dist\types\utils\dataTransfer\Blob.d.ts","no",
".\node_modules\@testing-library\user-event\dist\types\utils\dataTransfer\Clipboard.d.ts","no",
".\node_modules\@testing-library\user-event\dist\types\utils\dataTransfer\DataTransfer.d.ts","no",
".\node_modules\@testing-library\user-event\dist\types\utils\dataTransfer\FileList.d.ts","no",
".\node_modules\@testing-library\user-event\dist\types\utils\edit\isContentEditable.d.ts","no",
".\node_modules\@testing-library\user-event\dist\types\utils\edit\isEditable.d.ts","no",
".\node_modules\@testing-library\user-event\dist\types\utils\edit\maxLength.d.ts","no",
".\node_modules\@testing-library\user-event\dist\types\utils\edit\setFiles.d.ts","no",
".\node_modules\@testing-library\user-event\dist\types\utils\edit\timeValue.d.ts","no",
".\node_modules\@testing-library\user-event\dist\types\utils\focus\cursor.d.ts","no",
".\node_modules\@testing-library\user-event\dist\types\utils\focus\getActiveElement.d.ts","no",
".\node_modules\@testing-library\user-event\dist\types\utils\focus\getTabDestination.d.ts","no",
".\node_modules\@testing-library\user-event\dist\types\utils\focus\isFocusable.d.ts","no",
".\node_modules\@testing-library\user-event\dist\types\utils\focus\selection.d.ts","no",
".\node_modules\@testing-library\user-event\dist\types\utils\focus\selector.d.ts","no",
".\node_modules\@testing-library\user-event\dist\types\utils\keyDef\readNextDescriptor.d.ts","no",
".\node_modules\@testing-library\user-event\dist\types\utils\misc\cloneEvent.d.ts","no",
".\node_modules\@testing-library\user-event\dist\types\utils\misc\findClosest.d.ts","no",
".\node_modules\@testing-library\user-event\dist\types\utils\misc\getDocumentFromNode.d.ts","no",
".\node_modules\@testing-library\user-event\dist\types\utils\misc\getTreeDiff.d.ts","no",
".\node_modules\@testing-library\user-event\dist\types\utils\misc\getWindow.d.ts","no",
".\node_modules\@testing-library\user-event\dist\types\utils\misc\isDescendantOrSelf.d.ts","no",
".\node_modules\@testing-library\user-event\dist\types\utils\misc\isDisabled.d.ts","no",
".\node_modules\@testing-library\user-event\dist\types\utils\misc\isElementType.d.ts","no",
".\node_modules\@testing-library\user-event\dist\types\utils\misc\isVisible.d.ts","no",
".\node_modules\@testing-library\user-event\dist\types\utils\misc\level.d.ts","no",
".\node_modules\@testing-library\user-event\dist\types\utils\misc\wait.d.ts","no",
".\node_modules\@testing-library\user-event\dist\types\utils\pointer\cssPointerEvents.d.ts","no",
".\node_modules\@testing-library\user-event\dist\types\utils\index.d.ts","no",
".\node_modules\@types\jest\node_modules\pretty-format\build\index.d.ts","yes",
".\node_modules\@typescript-eslint\utils\dist\ast-utils\eslint-utils\astUtilities.d.ts","no",
".\node_modules\@typescript-eslint\utils\dist\ast-utils\eslint-utils\index.d.ts","no",
".\node_modules\@typescript-eslint\utils\dist\ast-utils\eslint-utils\PatternMatcher.d.ts","no",
".\node_modules\@typescript-eslint\utils\dist\ast-utils\eslint-utils\predicates.d.ts","no",
".\node_modules\@typescript-eslint\utils\dist\ast-utils\eslint-utils\ReferenceTracker.d.ts","no",
".\node_modules\@typescript-eslint\utils\dist\ast-utils\eslint-utils\scopeAnalysis.d.ts","no",
".\node_modules\@vitest\snapshot\node_modules\@jest\schemas\build\index.d.ts","no",
".\node_modules\@vitest\snapshot\node_modules\@sinclair\typebox\compiler\compiler.d.ts","no",
".\node_modules\@vitest\snapshot\node_modules\@sinclair\typebox\compiler\index.d.ts","no",
".\node_modules\@vitest\snapshot\node_modules\@sinclair\typebox\errors\errors.d.ts","no",
".\node_modules\@vitest\snapshot\node_modules\@sinclair\typebox\errors\index.d.ts","no",
".\node_modules\@vitest\snapshot\node_modules\@sinclair\typebox\system\index.d.ts","no",
".\node_modules\@vitest\snapshot\node_modules\@sinclair\typebox\system\system.d.ts","no",
".\node_modules\@vitest\snapshot\node_modules\@sinclair\typebox\value\cast.d.ts","no",
".\node_modules\@vitest\snapshot\node_modules\@sinclair\typebox\value\check.d.ts","no",
".\node_modules\@vitest\snapshot\node_modules\@sinclair\typebox\value\clone.d.ts","no",
".\node_modules\@vitest\snapshot\node_modules\@sinclair\typebox\value\convert.d.ts","no",
".\node_modules\@vitest\snapshot\node_modules\@sinclair\typebox\value\create.d.ts","no",
".\node_modules\@vitest\snapshot\node_modules\@sinclair\typebox\value\delta.d.ts","no",
".\node_modules\@vitest\snapshot\node_modules\@sinclair\typebox\value\equal.d.ts","no",
".\node_modules\@vitest\snapshot\node_modules\@sinclair\typebox\value\hash.d.ts","no",
".\node_modules\@vitest\snapshot\node_modules\@sinclair\typebox\value\index.d.ts","no",
".\node_modules\@vitest\snapshot\node_modules\@sinclair\typebox\value\is.d.ts","no",
".\node_modules\@vitest\snapshot\node_modules\@sinclair\typebox\value\mutate.d.ts","no",
".\node_modules\@vitest\snapshot\node_modules\@sinclair\typebox\value\pointer.d.ts","no",
".\node_modules\@vitest\snapshot\node_modules\@sinclair\typebox\value\value.d.ts","no",
".\node_modules\@vitest\snapshot\node_modules\@sinclair\typebox\typebox.d.ts","no",
".\node_modules\@vitest\snapshot\node_modules\pretty-format\build\index.d.ts","yes",
".\node_modules\@vitest\utils\node_modules\@jest\schemas\build\index.d.ts","no",
".\node_modules\@vitest\utils\node_modules\@sinclair\typebox\compiler\compiler.d.ts","no",
".\node_modules\@vitest\utils\node_modules\@sinclair\typebox\compiler\index.d.ts","no",
".\node_modules\@vitest\utils\node_modules\@sinclair\typebox\errors\errors.d.ts","no",
".\node_modules\@vitest\utils\node_modules\@sinclair\typebox\errors\index.d.ts","no",
".\node_modules\@vitest\utils\node_modules\@sinclair\typebox\system\index.d.ts","no",
".\node_modules\@vitest\utils\node_modules\@sinclair\typebox\system\system.d.ts","no",
".\node_modules\@vitest\utils\node_modules\@sinclair\typebox\value\cast.d.ts","no",
".\node_modules\@vitest\utils\node_modules\@sinclair\typebox\value\check.d.ts","no",
".\node_modules\@vitest\utils\node_modules\@sinclair\typebox\value\clone.d.ts","no",
".\node_modules\@vitest\utils\node_modules\@sinclair\typebox\value\convert.d.ts","no",
".\node_modules\@vitest\utils\node_modules\@sinclair\typebox\value\create.d.ts","no",
".\node_modules\@vitest\utils\node_modules\@sinclair\typebox\value\delta.d.ts","no",
".\node_modules\@vitest\utils\node_modules\@sinclair\typebox\value\equal.d.ts","no",
".\node_modules\@vitest\utils\node_modules\@sinclair\typebox\value\hash.d.ts","no",
".\node_modules\@vitest\utils\node_modules\@sinclair\typebox\value\index.d.ts","no",
".\node_modules\@vitest\utils\node_modules\@sinclair\typebox\value\is.d.ts","no",
".\node_modules\@vitest\utils\node_modules\@sinclair\typebox\value\mutate.d.ts","no",
".\node_modules\@vitest\utils\node_modules\@sinclair\typebox\value\pointer.d.ts","no",
".\node_modules\@vitest\utils\node_modules\@sinclair\typebox\value\value.d.ts","no",
".\node_modules\@vitest\utils\node_modules\@sinclair\typebox\typebox.d.ts","no",
".\node_modules\@vitest\utils\node_modules\pretty-format\build\index.d.ts","yes",
".\node_modules\@zxing\library\cjs\core\aztec\decoder\Decoder.d.ts","yes",
".\node_modules\@zxing\library\cjs\core\aztec\detector\Detector.d.ts","yes",
".\node_modules\@zxing\library\cjs\core\aztec\encoder\AztecCode.d.ts","yes",
".\node_modules\@zxing\library\cjs\core\aztec\encoder\BinaryShiftToken.d.ts","yes",
".\node_modules\@zxing\library\cjs\core\aztec\encoder\CharMap.d.ts","no",
".\node_modules\@zxing\library\cjs\core\aztec\encoder\Encoder.d.ts","yes",
".\node_modules\@zxing\library\cjs\core\aztec\encoder\EncoderConstants.d.ts","no",
".\node_modules\@zxing\library\cjs\core\aztec\encoder\HighLevelEncoder.d.ts","yes",
".\node_modules\@zxing\library\cjs\core\aztec\encoder\LatchTable.d.ts","no",
".\node_modules\@zxing\library\cjs\core\aztec\encoder\ShiftTable.d.ts","no",
".\node_modules\@zxing\library\cjs\core\aztec\encoder\SimpleToken.d.ts","yes",
".\node_modules\@zxing\library\cjs\core\aztec\encoder\State.d.ts","yes",
".\node_modules\@zxing\library\cjs\core\aztec\encoder\Token.d.ts","yes",
".\node_modules\@zxing\library\cjs\core\aztec\encoder\TokenHelpers.d.ts","no",
".\node_modules\@zxing\library\cjs\core\aztec\AztecDetectorResult.d.ts","yes",
".\node_modules\@zxing\library\cjs\core\aztec\AztecReader.d.ts","yes",
".\node_modules\@zxing\library\cjs\core\aztec\AztecWriter.d.ts","yes",
".\node_modules\@zxing\library\cjs\core\common\detector\CornerDetector.d.ts","yes",
".\node_modules\@zxing\library\cjs\core\common\detector\MathUtils.d.ts","yes",
".\node_modules\@zxing\library\cjs\core\common\detector\MonochromeRectangleDetector.d.ts","no",
".\node_modules\@zxing\library\cjs\core\common\detector\WhiteRectangleDetector.d.ts","yes",
".\node_modules\@zxing\library\cjs\core\common\reedsolomon\AbstractGenericGF.d.ts","yes",
".\node_modules\@zxing\library\cjs\core\common\reedsolomon\AbstractGenericGFPoly.d.ts","yes",
".\node_modules\@zxing\library\cjs\core\common\reedsolomon\GenericGF.d.ts","yes",
".\node_modules\@zxing\library\cjs\core\common\reedsolomon\GenericGFPoly.d.ts","yes",
".\node_modules\@zxing\library\cjs\core\common\reedsolomon\ReedSolomonDecoder.d.ts","yes",
".\node_modules\@zxing\library\cjs\core\common\reedsolomon\ReedSolomonEncoder.d.ts","yes",
".\node_modules\@zxing\library\cjs\core\common\BitArray.d.ts","yes",
".\node_modules\@zxing\library\cjs\core\common\BitMatrix.d.ts","yes",
".\node_modules\@zxing\library\cjs\core\common\BitSource.d.ts","yes",
".\node_modules\@zxing\library\cjs\core\common\CharacterSetECI.d.ts","yes",
".\node_modules\@zxing\library\cjs\core\common\DecoderResult.d.ts","yes",
".\node_modules\@zxing\library\cjs\core\common\DefaultGridSampler.d.ts","yes",
".\node_modules\@zxing\library\cjs\core\common\DetectorResult.d.ts","yes",
".\node_modules\@zxing\library\cjs\core\common\ECIEncoderSet.d.ts","no",
".\node_modules\@zxing\library\cjs\core\common\ECIInput.d.ts","yes",
".\node_modules\@zxing\library\cjs\core\common\GlobalHistogramBinarizer.d.ts","yes",
".\node_modules\@zxing\library\cjs\core\common\GridSampler.d.ts","yes",
".\node_modules\@zxing\library\cjs\core\common\GridSamplerInstance.d.ts","yes",
".\node_modules\@zxing\library\cjs\core\common\HybridBinarizer.d.ts","yes",
".\node_modules\@zxing\library\cjs\core\common\MinimalECIInput.d.ts","no",
".\node_modules\@zxing\library\cjs\core\common\PerspectiveTransform.d.ts","yes",
".\node_modules\@zxing\library\cjs\core\common\StringUtils.d.ts","yes",
".\node_modules\@zxing\library\cjs\core\datamatrix\decoder\BitMatrixParser.d.ts","yes",
".\node_modules\@zxing\library\cjs\core\datamatrix\decoder\DataBlock.d.ts","yes",
".\node_modules\@zxing\library\cjs\core\datamatrix\decoder\DecodedBitStreamParser.d.ts","yes",
".\node_modules\@zxing\library\cjs\core\datamatrix\decoder\Decoder.d.ts","yes",
".\node_modules\@zxing\library\cjs\core\datamatrix\decoder\Version.d.ts","yes",
".\node_modules\@zxing\library\cjs\core\datamatrix\detector\Detector.d.ts","yes",
".\node_modules\@zxing\library\cjs\core\datamatrix\encoder\ASCIIEncoder.d.ts","no",
".\node_modules\@zxing\library\cjs\core\datamatrix\encoder\Base256Encoder.d.ts","no",
".\node_modules\@zxing\library\cjs\core\datamatrix\encoder\C40Encoder.d.ts","no",
".\node_modules\@zxing\library\cjs\core\datamatrix\encoder\constants.d.ts","no",
".\node_modules\@zxing\library\cjs\core\datamatrix\encoder\DefaultPlacement.d.ts","yes",
".\node_modules\@zxing\library\cjs\core\datamatrix\encoder\EdifactEncoder.d.ts","no",
".\node_modules\@zxing\library\cjs\core\datamatrix\encoder\Encoder.d.ts","no",
".\node_modules\@zxing\library\cjs\core\datamatrix\encoder\EncoderContext.d.ts","no",
".\node_modules\@zxing\library\cjs\core\datamatrix\encoder\ErrorCorrection.d.ts","yes",
".\node_modules\@zxing\library\cjs\core\datamatrix\encoder\HighLevelEncoder.d.ts","yes",
".\node_modules\@zxing\library\cjs\core\datamatrix\encoder\index.d.ts","no",
".\node_modules\@zxing\library\cjs\core\datamatrix\encoder\MinimalEncoder.d.ts","no",
".\node_modules\@zxing\library\cjs\core\datamatrix\encoder\SymbolInfo.d.ts","yes",
".\node_modules\@zxing\library\cjs\core\datamatrix\encoder\TextEncoder.d.ts","no",
".\node_modules\@zxing\library\cjs\core\datamatrix\encoder\X12Encoder.d.ts","no",
".\node_modules\@zxing\library\cjs\core\datamatrix\DataMatrixReader.d.ts","yes",
".\node_modules\@zxing\library\cjs\core\datamatrix\DataMatrixWriter.d.ts","yes",
".\node_modules\@zxing\library\cjs\core\multi\MultipleBarcodeReader.d.ts","yes",
".\node_modules\@zxing\library\cjs\core\oned\rss\expanded\decoders\AbstractExpandedDecoder.d.ts","yes",
".\node_modules\@zxing\library\cjs\core\oned\rss\expanded\decoders\AbstractExpandedDecoderComplement.d.ts","no",
".\node_modules\@zxing\library\cjs\core\oned\rss\expanded\decoders\AI013103decoder.d.ts","yes",
".\node_modules\@zxing\library\cjs\core\oned\rss\expanded\decoders\AI01320xDecoder.d.ts","yes",
".\node_modules\@zxing\library\cjs\core\oned\rss\expanded\decoders\AI01392xDecoder.d.ts","yes",
".\node_modules\@zxing\library\cjs\core\oned\rss\expanded\decoders\AI01393xDecoder.d.ts","yes",
".\node_modules\@zxing\library\cjs\core\oned\rss\expanded\decoders\AI013x0x1xDecoder.d.ts","yes",
".\node_modules\@zxing\library\cjs\core\oned\rss\expanded\decoders\AI013x0xDecoder.d.ts","yes",
".\node_modules\@zxing\library\cjs\core\oned\rss\expanded\decoders\AI01AndOtherAIs.d.ts","yes",
".\node_modules\@zxing\library\cjs\core\oned\rss\expanded\decoders\AI01decoder.d.ts","yes",
".\node_modules\@zxing\library\cjs\core\oned\rss\expanded\decoders\AI01weightDecoder.d.ts","yes",
".\node_modules\@zxing\library\cjs\core\oned\rss\expanded\decoders\AnyAIDecoder.d.ts","yes",
".\node_modules\@zxing\library\cjs\core\oned\rss\expanded\decoders\BlockParsedResult.d.ts","yes",
".\node_modules\@zxing\library\cjs\core\oned\rss\expanded\decoders\createDecoder.d.ts","yes",
".\node_modules\@zxing\library\cjs\core\oned\rss\expanded\decoders\CurrentParsingState.d.ts","yes",
".\node_modules\@zxing\library\cjs\core\oned\rss\expanded\decoders\DecodedChar.d.ts","yes",
".\node_modules\@zxing\library\cjs\core\oned\rss\expanded\decoders\DecodedInformation.d.ts","yes",
".\node_modules\@zxing\library\cjs\core\oned\rss\expanded\decoders\DecodedNumeric.d.ts","yes",
".\node_modules\@zxing\library\cjs\core\oned\rss\expanded\decoders\DecodedObject.d.ts","yes",
".\node_modules\@zxing\library\cjs\core\oned\rss\expanded\decoders\FieldParser.d.ts","yes",
".\node_modules\@zxing\library\cjs\core\oned\rss\expanded\decoders\GeneralAppIdDecoder.d.ts","yes",
".\node_modules\@zxing\library\cjs\core\oned\rss\expanded\BitArrayBuilder.d.ts","yes",
".\node_modules\@zxing\library\cjs\core\oned\rss\expanded\ExpandedPair.d.ts","yes",
".\node_modules\@zxing\library\cjs\core\oned\rss\expanded\ExpandedRow.d.ts","yes",
".\node_modules\@zxing\library\cjs\core\oned\rss\expanded\RSSExpandedReader.d.ts","yes",
".\node_modules\@zxing\library\cjs\core\oned\rss\AbstractRSSReader.d.ts","yes",
".\node_modules\@zxing\library\cjs\core\oned\rss\DataCharacter.d.ts","yes",
".\node_modules\@zxing\library\cjs\core\oned\rss\FinderPattern.d.ts","yes",
".\node_modules\@zxing\library\cjs\core\oned\rss\Pair.d.ts","yes",
".\node_modules\@zxing\library\cjs\core\oned\rss\RSS14Reader.d.ts","yes",
".\node_modules\@zxing\library\cjs\core\oned\rss\RSSUtils.d.ts","yes",
".\node_modules\@zxing\library\cjs\core\oned\AbstractUPCEANReader.d.ts","yes",
".\node_modules\@zxing\library\cjs\core\oned\CodaBarReader.d.ts","yes",
".\node_modules\@zxing\library\cjs\core\oned\Code128Reader.d.ts","yes",
".\node_modules\@zxing\library\cjs\core\oned\Code39Reader.d.ts","yes",
".\node_modules\@zxing\library\cjs\core\oned\Code93Reader.d.ts","yes",
".\node_modules\@zxing\library\cjs\core\oned\EAN13Reader.d.ts","yes",
".\node_modules\@zxing\library\cjs\core\oned\EAN8Reader.d.ts","yes",
".\node_modules\@zxing\library\cjs\core\oned\ITFReader.d.ts","yes",
".\node_modules\@zxing\library\cjs\core\oned\MultiFormatOneDReader.d.ts","yes",
".\node_modules\@zxing\library\cjs\core\oned\MultiFormatUPCEANReader.d.ts","yes",
".\node_modules\@zxing\library\cjs\core\oned\OneDReader.d.ts","yes",
".\node_modules\@zxing\library\cjs\core\oned\UPCAReader.d.ts","yes",
".\node_modules\@zxing\library\cjs\core\oned\UPCEANExtension2Support.d.ts","yes",
".\node_modules\@zxing\library\cjs\core\oned\UPCEANExtension5Support.d.ts","yes",
".\node_modules\@zxing\library\cjs\core\oned\UPCEANExtensionSupport.d.ts","yes",
".\node_modules\@zxing\library\cjs\core\oned\UPCEANReader.d.ts","yes",
".\node_modules\@zxing\library\cjs\core\oned\UPCEReader.d.ts","yes",
".\node_modules\@zxing\library\cjs\core\pdf417\decoder\ec\ErrorCorrection.d.ts","yes",
".\node_modules\@zxing\library\cjs\core\pdf417\decoder\ec\ModulusBase.d.ts","yes",
".\node_modules\@zxing\library\cjs\core\pdf417\decoder\ec\ModulusGF.d.ts","yes",
".\node_modules\@zxing\library\cjs\core\pdf417\decoder\ec\ModulusPoly.d.ts","yes",
".\node_modules\@zxing\library\cjs\core\pdf417\decoder\BarcodeMetadata.d.ts","yes",
".\node_modules\@zxing\library\cjs\core\pdf417\decoder\BarcodeValue.d.ts","yes",
".\node_modules\@zxing\library\cjs\core\pdf417\decoder\BoundingBox.d.ts","yes",
".\node_modules\@zxing\library\cjs\core\pdf417\decoder\Codeword.d.ts","yes",
".\node_modules\@zxing\library\cjs\core\pdf417\decoder\DecodedBitStreamParser.d.ts","yes",
".\node_modules\@zxing\library\cjs\core\pdf417\decoder\DetectionResult.d.ts","yes",
".\node_modules\@zxing\library\cjs\core\pdf417\decoder\DetectionResultColumn.d.ts","yes",
".\node_modules\@zxing\library\cjs\core\pdf417\decoder\DetectionResultRowIndicatorColumn.d.ts","yes",
".\node_modules\@zxing\library\cjs\core\pdf417\decoder\PDF417CodewordDecoder.d.ts","yes",
".\node_modules\@zxing\library\cjs\core\pdf417\decoder\PDF417ScanningDecoder.d.ts","yes",
".\node_modules\@zxing\library\cjs\core\pdf417\detector\Detector.d.ts","yes",
".\node_modules\@zxing\library\cjs\core\pdf417\detector\PDF417DetectorResult.d.ts","yes",
".\node_modules\@zxing\library\cjs\core\pdf417\PDF417Common.d.ts","yes",
".\node_modules\@zxing\library\cjs\core\pdf417\PDF417Reader.d.ts","yes",
".\node_modules\@zxing\library\cjs\core\pdf417\PDF417ResultMetadata.d.ts","yes",
".\node_modules\@zxing\library\cjs\core\qrcode\decoder\BitMatrixParser.d.ts","yes",
".\node_modules\@zxing\library\cjs\core\qrcode\decoder\DataBlock.d.ts","yes",
".\node_modules\@zxing\library\cjs\core\qrcode\decoder\DataMask.d.ts","yes",
".\node_modules\@zxing\library\cjs\core\qrcode\decoder\DecodedBitStreamParser.d.ts","yes",
".\node_modules\@zxing\library\cjs\core\qrcode\decoder\Decoder.d.ts","yes",
".\node_modules\@zxing\library\cjs\core\qrcode\decoder\ECB.d.ts","yes",
".\node_modules\@zxing\library\cjs\core\qrcode\decoder\ECBlocks.d.ts","yes",
".\node_modules\@zxing\library\cjs\core\qrcode\decoder\ErrorCorrectionLevel.d.ts","yes",
".\node_modules\@zxing\library\cjs\core\qrcode\decoder\FormatInformation.d.ts","yes",
".\node_modules\@zxing\library\cjs\core\qrcode\decoder\Mode.d.ts","yes",
".\node_modules\@zxing\library\cjs\core\qrcode\decoder\QRCodeDecoderMetaData.d.ts","yes",
".\node_modules\@zxing\library\cjs\core\qrcode\decoder\Version.d.ts","yes",
".\node_modules\@zxing\library\cjs\core\qrcode\detector\AlignmentPattern.d.ts","yes",
".\node_modules\@zxing\library\cjs\core\qrcode\detector\AlignmentPatternFinder.d.ts","yes",
".\node_modules\@zxing\library\cjs\core\qrcode\detector\Detector.d.ts","yes",
".\node_modules\@zxing\library\cjs\core\qrcode\detector\FinderPattern.d.ts","yes",
".\node_modules\@zxing\library\cjs\core\qrcode\detector\FinderPatternFinder.d.ts","yes",
".\node_modules\@zxing\library\cjs\core\qrcode\detector\FinderPatternInfo.d.ts","yes",
".\node_modules\@zxing\library\cjs\core\qrcode\encoder\BlockPair.d.ts","yes",
".\node_modules\@zxing\library\cjs\core\qrcode\encoder\ByteMatrix.d.ts","yes",
".\node_modules\@zxing\library\cjs\core\qrcode\encoder\Encoder.d.ts","yes",
".\node_modules\@zxing\library\cjs\core\qrcode\encoder\MaskUtil.d.ts","yes",
".\node_modules\@zxing\library\cjs\core\qrcode\encoder\MatrixUtil.d.ts","yes",
".\node_modules\@zxing\library\cjs\core\qrcode\encoder\QRCode.d.ts","yes",
".\node_modules\@zxing\library\cjs\core\qrcode\QRCodeReader.d.ts","yes",
".\node_modules\@zxing\library\cjs\core\qrcode\QRCodeWriter.d.ts","yes",
".\node_modules\@zxing\library\cjs\core\util\Arrays.d.ts","yes",
".\node_modules\@zxing\library\cjs\core\util\ByteArrayOutputStream.d.ts","yes",
".\node_modules\@zxing\library\cjs\core\util\Charset.d.ts","yes",
".\node_modules\@zxing\library\cjs\core\util\Collections.d.ts","yes",
".\node_modules\@zxing\library\cjs\core\util\Float.d.ts","yes",
".\node_modules\@zxing\library\cjs\core\util\Formatter.d.ts","yes",
".\node_modules\@zxing\library\cjs\core\util\Integer.d.ts","yes",
".\node_modules\@zxing\library\cjs\core\util\Long.d.ts","yes",
".\node_modules\@zxing\library\cjs\core\util\OutputStream.d.ts","yes",
".\node_modules\@zxing\library\cjs\core\util\StandardCharsets.d.ts","yes",
".\node_modules\@zxing\library\cjs\core\util\StringBuilder.d.ts","yes",
".\node_modules\@zxing\library\cjs\core\util\StringEncoding.d.ts","yes",
".\node_modules\@zxing\library\cjs\core\util\System.d.ts","yes",
".\node_modules\@zxing\library\es2015\core\aztec\decoder\Decoder.d.ts","yes",
".\node_modules\@zxing\library\es2015\core\aztec\detector\Detector.d.ts","yes",
".\node_modules\@zxing\library\es2015\core\aztec\encoder\AztecCode.d.ts","yes",
".\node_modules\@zxing\library\es2015\core\aztec\encoder\BinaryShiftToken.d.ts","yes",
".\node_modules\@zxing\library\es2015\core\aztec\encoder\CharMap.d.ts","no",
".\node_modules\@zxing\library\es2015\core\aztec\encoder\Encoder.d.ts","yes",
".\node_modules\@zxing\library\es2015\core\aztec\encoder\EncoderConstants.d.ts","no",
".\node_modules\@zxing\library\es2015\core\aztec\encoder\HighLevelEncoder.d.ts","yes",
".\node_modules\@zxing\library\es2015\core\aztec\encoder\LatchTable.d.ts","no",
".\node_modules\@zxing\library\es2015\core\aztec\encoder\ShiftTable.d.ts","no",
".\node_modules\@zxing\library\es2015\core\aztec\encoder\SimpleToken.d.ts","yes",
".\node_modules\@zxing\library\es2015\core\aztec\encoder\State.d.ts","yes",
".\node_modules\@zxing\library\es2015\core\aztec\encoder\Token.d.ts","yes",
".\node_modules\@zxing\library\es2015\core\aztec\encoder\TokenHelpers.d.ts","no",
".\node_modules\@zxing\library\es2015\core\aztec\AztecDetectorResult.d.ts","yes",
".\node_modules\@zxing\library\es2015\core\aztec\AztecReader.d.ts","yes",
".\node_modules\@zxing\library\es2015\core\aztec\AztecWriter.d.ts","yes",
".\node_modules\@zxing\library\es2015\core\common\detector\CornerDetector.d.ts","yes",
".\node_modules\@zxing\library\es2015\core\common\detector\MathUtils.d.ts","yes",
".\node_modules\@zxing\library\es2015\core\common\detector\MonochromeRectangleDetector.d.ts","no",
".\node_modules\@zxing\library\es2015\core\common\detector\WhiteRectangleDetector.d.ts","yes",
".\node_modules\@zxing\library\es2015\core\common\reedsolomon\AbstractGenericGF.d.ts","yes",
".\node_modules\@zxing\library\es2015\core\common\reedsolomon\AbstractGenericGFPoly.d.ts","yes",
".\node_modules\@zxing\library\es2015\core\common\reedsolomon\GenericGF.d.ts","yes",
".\node_modules\@zxing\library\es2015\core\common\reedsolomon\GenericGFPoly.d.ts","yes",
".\node_modules\@zxing\library\es2015\core\common\reedsolomon\ReedSolomonDecoder.d.ts","yes",
".\node_modules\@zxing\library\es2015\core\common\reedsolomon\ReedSolomonEncoder.d.ts","yes",
".\node_modules\@zxing\library\es2015\core\common\BitArray.d.ts","yes",
".\node_modules\@zxing\library\es2015\core\common\BitMatrix.d.ts","yes",
".\node_modules\@zxing\library\es2015\core\common\BitSource.d.ts","yes",
".\node_modules\@zxing\library\es2015\core\common\CharacterSetECI.d.ts","yes",
".\node_modules\@zxing\library\es2015\core\common\DecoderResult.d.ts","yes",
".\node_modules\@zxing\library\es2015\core\common\DefaultGridSampler.d.ts","yes",
".\node_modules\@zxing\library\es2015\core\common\DetectorResult.d.ts","yes",
".\node_modules\@zxing\library\es2015\core\common\ECIEncoderSet.d.ts","no",
".\node_modules\@zxing\library\es2015\core\common\ECIInput.d.ts","yes",
".\node_modules\@zxing\library\es2015\core\common\GlobalHistogramBinarizer.d.ts","yes",
".\node_modules\@zxing\library\es2015\core\common\GridSampler.d.ts","yes",
".\node_modules\@zxing\library\es2015\core\common\GridSamplerInstance.d.ts","yes",
".\node_modules\@zxing\library\es2015\core\common\HybridBinarizer.d.ts","yes",
".\node_modules\@zxing\library\es2015\core\common\MinimalECIInput.d.ts","no",
".\node_modules\@zxing\library\es2015\core\common\PerspectiveTransform.d.ts","yes",
".\node_modules\@zxing\library\es2015\core\common\StringUtils.d.ts","yes",
".\node_modules\@zxing\library\es2015\core\datamatrix\decoder\BitMatrixParser.d.ts","yes",
".\node_modules\@zxing\library\es2015\core\datamatrix\decoder\DataBlock.d.ts","yes",
".\node_modules\@zxing\library\es2015\core\datamatrix\decoder\DecodedBitStreamParser.d.ts","yes",
".\node_modules\@zxing\library\es2015\core\datamatrix\decoder\Decoder.d.ts","yes",
".\node_modules\@zxing\library\es2015\core\datamatrix\decoder\Version.d.ts","yes",
".\node_modules\@zxing\library\es2015\core\datamatrix\detector\Detector.d.ts","yes",
".\node_modules\@zxing\library\es2015\core\datamatrix\encoder\ASCIIEncoder.d.ts","no",
".\node_modules\@zxing\library\es2015\core\datamatrix\encoder\Base256Encoder.d.ts","no",
".\node_modules\@zxing\library\es2015\core\datamatrix\encoder\C40Encoder.d.ts","no",
".\node_modules\@zxing\library\es2015\core\datamatrix\encoder\constants.d.ts","no",
".\node_modules\@zxing\library\es2015\core\datamatrix\encoder\DefaultPlacement.d.ts","yes",
".\node_modules\@zxing\library\es2015\core\datamatrix\encoder\EdifactEncoder.d.ts","no",
".\node_modules\@zxing\library\es2015\core\datamatrix\encoder\Encoder.d.ts","no",
".\node_modules\@zxing\library\es2015\core\datamatrix\encoder\EncoderContext.d.ts","no",
".\node_modules\@zxing\library\es2015\core\datamatrix\encoder\ErrorCorrection.d.ts","yes",
".\node_modules\@zxing\library\es2015\core\datamatrix\encoder\HighLevelEncoder.d.ts","yes",
".\node_modules\@zxing\library\es2015\core\datamatrix\encoder\index.d.ts","no",
".\node_modules\@zxing\library\es2015\core\datamatrix\encoder\MinimalEncoder.d.ts","no",
".\node_modules\@zxing\library\es2015\core\datamatrix\encoder\SymbolInfo.d.ts","yes",
".\node_modules\@zxing\library\es2015\core\datamatrix\encoder\TextEncoder.d.ts","no",
".\node_modules\@zxing\library\es2015\core\datamatrix\encoder\X12Encoder.d.ts","no",
".\node_modules\@zxing\library\es2015\core\datamatrix\DataMatrixReader.d.ts","yes",
".\node_modules\@zxing\library\es2015\core\datamatrix\DataMatrixWriter.d.ts","yes",
".\node_modules\@zxing\library\es2015\core\multi\MultipleBarcodeReader.d.ts","yes",
".\node_modules\@zxing\library\es2015\core\oned\rss\expanded\decoders\AbstractExpandedDecoder.d.ts","yes",
".\node_modules\@zxing\library\es2015\core\oned\rss\expanded\decoders\AbstractExpandedDecoderComplement.d.ts","no",
".\node_modules\@zxing\library\es2015\core\oned\rss\expanded\decoders\AI013103decoder.d.ts","yes",
".\node_modules\@zxing\library\es2015\core\oned\rss\expanded\decoders\AI01320xDecoder.d.ts","yes",
".\node_modules\@zxing\library\es2015\core\oned\rss\expanded\decoders\AI01392xDecoder.d.ts","yes",
".\node_modules\@zxing\library\es2015\core\oned\rss\expanded\decoders\AI01393xDecoder.d.ts","yes",
".\node_modules\@zxing\library\es2015\core\oned\rss\expanded\decoders\AI013x0x1xDecoder.d.ts","yes",
".\node_modules\@zxing\library\es2015\core\oned\rss\expanded\decoders\AI013x0xDecoder.d.ts","yes",
".\node_modules\@zxing\library\es2015\core\oned\rss\expanded\decoders\AI01AndOtherAIs.d.ts","yes",
".\node_modules\@zxing\library\es2015\core\oned\rss\expanded\decoders\AI01decoder.d.ts","yes",
".\node_modules\@zxing\library\es2015\core\oned\rss\expanded\decoders\AI01weightDecoder.d.ts","yes",
".\node_modules\@zxing\library\es2015\core\oned\rss\expanded\decoders\AnyAIDecoder.d.ts","yes",
".\node_modules\@zxing\library\es2015\core\oned\rss\expanded\decoders\BlockParsedResult.d.ts","yes",
".\node_modules\@zxing\library\es2015\core\oned\rss\expanded\decoders\createDecoder.d.ts","yes",
".\node_modules\@zxing\library\es2015\core\oned\rss\expanded\decoders\CurrentParsingState.d.ts","yes",
".\node_modules\@zxing\library\es2015\core\oned\rss\expanded\decoders\DecodedChar.d.ts","yes",
".\node_modules\@zxing\library\es2015\core\oned\rss\expanded\decoders\DecodedInformation.d.ts","yes",
".\node_modules\@zxing\library\es2015\core\oned\rss\expanded\decoders\DecodedNumeric.d.ts","yes",
".\node_modules\@zxing\library\es2015\core\oned\rss\expanded\decoders\DecodedObject.d.ts","yes",
".\node_modules\@zxing\library\es2015\core\oned\rss\expanded\decoders\FieldParser.d.ts","yes",
".\node_modules\@zxing\library\es2015\core\oned\rss\expanded\decoders\GeneralAppIdDecoder.d.ts","yes",
".\node_modules\@zxing\library\es2015\core\oned\rss\expanded\BitArrayBuilder.d.ts","yes",
".\node_modules\@zxing\library\es2015\core\oned\rss\expanded\ExpandedPair.d.ts","yes",
".\node_modules\@zxing\library\es2015\core\oned\rss\expanded\ExpandedRow.d.ts","yes",
".\node_modules\@zxing\library\es2015\core\oned\rss\expanded\RSSExpandedReader.d.ts","yes",
".\node_modules\@zxing\library\es2015\core\oned\rss\AbstractRSSReader.d.ts","yes",
".\node_modules\@zxing\library\es2015\core\oned\rss\DataCharacter.d.ts","yes",
".\node_modules\@zxing\library\es2015\core\oned\rss\FinderPattern.d.ts","yes",
".\node_modules\@zxing\library\es2015\core\oned\rss\Pair.d.ts","yes",
".\node_modules\@zxing\library\es2015\core\oned\rss\RSS14Reader.d.ts","yes",
".\node_modules\@zxing\library\es2015\core\oned\rss\RSSUtils.d.ts","yes",
".\node_modules\@zxing\library\es2015\core\oned\AbstractUPCEANReader.d.ts","yes",
".\node_modules\@zxing\library\es2015\core\oned\CodaBarReader.d.ts","yes",
".\node_modules\@zxing\library\es2015\core\oned\Code128Reader.d.ts","yes",
".\node_modules\@zxing\library\es2015\core\oned\Code39Reader.d.ts","yes",
".\node_modules\@zxing\library\es2015\core\oned\Code93Reader.d.ts","yes",
".\node_modules\@zxing\library\es2015\core\oned\EAN13Reader.d.ts","yes",
".\node_modules\@zxing\library\es2015\core\oned\EAN8Reader.d.ts","yes",
".\node_modules\@zxing\library\es2015\core\oned\ITFReader.d.ts","yes",
".\node_modules\@zxing\library\es2015\core\oned\MultiFormatOneDReader.d.ts","yes",
".\node_modules\@zxing\library\es2015\core\oned\MultiFormatUPCEANReader.d.ts","yes",
".\node_modules\@zxing\library\es2015\core\oned\OneDReader.d.ts","yes",
".\node_modules\@zxing\library\es2015\core\oned\UPCAReader.d.ts","yes",
".\node_modules\@zxing\library\es2015\core\oned\UPCEANExtension2Support.d.ts","yes",
".\node_modules\@zxing\library\es2015\core\oned\UPCEANExtension5Support.d.ts","yes",
".\node_modules\@zxing\library\es2015\core\oned\UPCEANExtensionSupport.d.ts","yes",
".\node_modules\@zxing\library\es2015\core\oned\UPCEANReader.d.ts","yes",
".\node_modules\@zxing\library\es2015\core\oned\UPCEReader.d.ts","yes",
".\node_modules\@zxing\library\es2015\core\pdf417\decoder\ec\ErrorCorrection.d.ts","yes",
".\node_modules\@zxing\library\es2015\core\pdf417\decoder\ec\ModulusBase.d.ts","yes",
".\node_modules\@zxing\library\es2015\core\pdf417\decoder\ec\ModulusGF.d.ts","yes",
".\node_modules\@zxing\library\es2015\core\pdf417\decoder\ec\ModulusPoly.d.ts","yes",
".\node_modules\@zxing\library\es2015\core\pdf417\decoder\BarcodeMetadata.d.ts","yes",
".\node_modules\@zxing\library\es2015\core\pdf417\decoder\BarcodeValue.d.ts","yes",
".\node_modules\@zxing\library\es2015\core\pdf417\decoder\BoundingBox.d.ts","yes",
".\node_modules\@zxing\library\es2015\core\pdf417\decoder\Codeword.d.ts","yes",
".\node_modules\@zxing\library\es2015\core\pdf417\decoder\DecodedBitStreamParser.d.ts","yes",
".\node_modules\@zxing\library\es2015\core\pdf417\decoder\DetectionResult.d.ts","yes",
".\node_modules\@zxing\library\es2015\core\pdf417\decoder\DetectionResultColumn.d.ts","yes",
".\node_modules\@zxing\library\es2015\core\pdf417\decoder\DetectionResultRowIndicatorColumn.d.ts","yes",
".\node_modules\@zxing\library\es2015\core\pdf417\decoder\PDF417CodewordDecoder.d.ts","yes",
".\node_modules\@zxing\library\es2015\core\pdf417\decoder\PDF417ScanningDecoder.d.ts","yes",
".\node_modules\@zxing\library\es2015\core\pdf417\detector\Detector.d.ts","yes",
".\node_modules\@zxing\library\es2015\core\pdf417\detector\PDF417DetectorResult.d.ts","yes",
".\node_modules\@zxing\library\es2015\core\pdf417\PDF417Common.d.ts","yes",
".\node_modules\@zxing\library\es2015\core\pdf417\PDF417Reader.d.ts","yes",
".\node_modules\@zxing\library\es2015\core\pdf417\PDF417ResultMetadata.d.ts","yes",
".\node_modules\@zxing\library\es2015\core\qrcode\decoder\BitMatrixParser.d.ts","yes",
".\node_modules\@zxing\library\es2015\core\qrcode\decoder\DataBlock.d.ts","yes",
".\node_modules\@zxing\library\es2015\core\qrcode\decoder\DataMask.d.ts","yes",
".\node_modules\@zxing\library\es2015\core\qrcode\decoder\DecodedBitStreamParser.d.ts","yes",
".\node_modules\@zxing\library\es2015\core\qrcode\decoder\Decoder.d.ts","yes",
".\node_modules\@zxing\library\es2015\core\qrcode\decoder\ECB.d.ts","yes",
".\node_modules\@zxing\library\es2015\core\qrcode\decoder\ECBlocks.d.ts","yes",
".\node_modules\@zxing\library\es2015\core\qrcode\decoder\ErrorCorrectionLevel.d.ts","yes",
".\node_modules\@zxing\library\es2015\core\qrcode\decoder\FormatInformation.d.ts","yes",
".\node_modules\@zxing\library\es2015\core\qrcode\decoder\Mode.d.ts","yes",
".\node_modules\@zxing\library\es2015\core\qrcode\decoder\QRCodeDecoderMetaData.d.ts","yes",
".\node_modules\@zxing\library\es2015\core\qrcode\decoder\Version.d.ts","yes",
".\node_modules\@zxing\library\es2015\core\qrcode\detector\AlignmentPattern.d.ts","yes",
".\node_modules\@zxing\library\es2015\core\qrcode\detector\AlignmentPatternFinder.d.ts","yes",
".\node_modules\@zxing\library\es2015\core\qrcode\detector\Detector.d.ts","yes",
".\node_modules\@zxing\library\es2015\core\qrcode\detector\FinderPattern.d.ts","yes",
".\node_modules\@zxing\library\es2015\core\qrcode\detector\FinderPatternFinder.d.ts","yes",
".\node_modules\@zxing\library\es2015\core\qrcode\detector\FinderPatternInfo.d.ts","yes",
".\node_modules\@zxing\library\es2015\core\qrcode\encoder\BlockPair.d.ts","yes",
".\node_modules\@zxing\library\es2015\core\qrcode\encoder\ByteMatrix.d.ts","yes",
".\node_modules\@zxing\library\es2015\core\qrcode\encoder\Encoder.d.ts","yes",
".\node_modules\@zxing\library\es2015\core\qrcode\encoder\MaskUtil.d.ts","yes",
".\node_modules\@zxing\library\es2015\core\qrcode\encoder\MatrixUtil.d.ts","yes",
".\node_modules\@zxing\library\es2015\core\qrcode\encoder\QRCode.d.ts","yes",
".\node_modules\@zxing\library\es2015\core\qrcode\QRCodeReader.d.ts","yes",
".\node_modules\@zxing\library\es2015\core\qrcode\QRCodeWriter.d.ts","yes",
".\node_modules\@zxing\library\es2015\core\util\Arrays.d.ts","yes",
".\node_modules\@zxing\library\es2015\core\util\ByteArrayOutputStream.d.ts","yes",
".\node_modules\@zxing\library\es2015\core\util\Charset.d.ts","yes",
".\node_modules\@zxing\library\es2015\core\util\Collections.d.ts","yes",
".\node_modules\@zxing\library\es2015\core\util\Float.d.ts","yes",
".\node_modules\@zxing\library\es2015\core\util\Formatter.d.ts","yes",
".\node_modules\@zxing\library\es2015\core\util\Integer.d.ts","yes",
".\node_modules\@zxing\library\es2015\core\util\Long.d.ts","yes",
".\node_modules\@zxing\library\es2015\core\util\OutputStream.d.ts","yes",
".\node_modules\@zxing\library\es2015\core\util\StandardCharsets.d.ts","yes",
".\node_modules\@zxing\library\es2015\core\util\StringBuilder.d.ts","yes",
".\node_modules\@zxing\library\es2015\core\util\StringEncoding.d.ts","yes",
".\node_modules\@zxing\library\es2015\core\util\System.d.ts","yes",
".\node_modules\@zxing\library\esm\core\aztec\decoder\Decoder.d.ts","yes",
".\node_modules\@zxing\library\esm\core\aztec\detector\Detector.d.ts","yes",
".\node_modules\@zxing\library\esm\core\aztec\encoder\AztecCode.d.ts","yes",
".\node_modules\@zxing\library\esm\core\aztec\encoder\BinaryShiftToken.d.ts","yes",
".\node_modules\@zxing\library\esm\core\aztec\encoder\CharMap.d.ts","no",
".\node_modules\@zxing\library\esm\core\aztec\encoder\Encoder.d.ts","yes",
".\node_modules\@zxing\library\esm\core\aztec\encoder\EncoderConstants.d.ts","no",
".\node_modules\@zxing\library\esm\core\aztec\encoder\HighLevelEncoder.d.ts","yes",
".\node_modules\@zxing\library\esm\core\aztec\encoder\LatchTable.d.ts","no",
".\node_modules\@zxing\library\esm\core\aztec\encoder\ShiftTable.d.ts","no",
".\node_modules\@zxing\library\esm\core\aztec\encoder\SimpleToken.d.ts","yes",
".\node_modules\@zxing\library\esm\core\aztec\encoder\State.d.ts","yes",
".\node_modules\@zxing\library\esm\core\aztec\encoder\Token.d.ts","yes",
".\node_modules\@zxing\library\esm\core\aztec\encoder\TokenHelpers.d.ts","no",
".\node_modules\@zxing\library\esm\core\aztec\AztecDetectorResult.d.ts","yes",
".\node_modules\@zxing\library\esm\core\aztec\AztecReader.d.ts","yes",
".\node_modules\@zxing\library\esm\core\aztec\AztecWriter.d.ts","yes",
".\node_modules\@zxing\library\esm\core\common\detector\CornerDetector.d.ts","yes",
".\node_modules\@zxing\library\esm\core\common\detector\MathUtils.d.ts","yes",
".\node_modules\@zxing\library\esm\core\common\detector\MonochromeRectangleDetector.d.ts","no",
".\node_modules\@zxing\library\esm\core\common\detector\WhiteRectangleDetector.d.ts","yes",
".\node_modules\@zxing\library\esm\core\common\reedsolomon\AbstractGenericGF.d.ts","yes",
".\node_modules\@zxing\library\esm\core\common\reedsolomon\AbstractGenericGFPoly.d.ts","yes",
".\node_modules\@zxing\library\esm\core\common\reedsolomon\GenericGF.d.ts","yes",
".\node_modules\@zxing\library\esm\core\common\reedsolomon\GenericGFPoly.d.ts","yes",
".\node_modules\@zxing\library\esm\core\common\reedsolomon\ReedSolomonDecoder.d.ts","yes",
".\node_modules\@zxing\library\esm\core\common\reedsolomon\ReedSolomonEncoder.d.ts","yes",
".\node_modules\@zxing\library\esm\core\common\BitArray.d.ts","yes",
".\node_modules\@zxing\library\esm\core\common\BitMatrix.d.ts","yes",
".\node_modules\@zxing\library\esm\core\common\BitSource.d.ts","yes",
".\node_modules\@zxing\library\esm\core\common\CharacterSetECI.d.ts","yes",
".\node_modules\@zxing\library\esm\core\common\DecoderResult.d.ts","yes",
".\node_modules\@zxing\library\esm\core\common\DefaultGridSampler.d.ts","yes",
".\node_modules\@zxing\library\esm\core\common\DetectorResult.d.ts","yes",
".\node_modules\@zxing\library\esm\core\common\ECIEncoderSet.d.ts","no",
".\node_modules\@zxing\library\esm\core\common\ECIInput.d.ts","yes",
".\node_modules\@zxing\library\esm\core\common\GlobalHistogramBinarizer.d.ts","yes",
".\node_modules\@zxing\library\esm\core\common\GridSampler.d.ts","yes",
".\node_modules\@zxing\library\esm\core\common\GridSamplerInstance.d.ts","yes",
".\node_modules\@zxing\library\esm\core\common\HybridBinarizer.d.ts","yes",
".\node_modules\@zxing\library\esm\core\common\MinimalECIInput.d.ts","no",
".\node_modules\@zxing\library\esm\core\common\PerspectiveTransform.d.ts","yes",
".\node_modules\@zxing\library\esm\core\common\StringUtils.d.ts","yes",
".\node_modules\@zxing\library\esm\core\datamatrix\decoder\BitMatrixParser.d.ts","yes",
".\node_modules\@zxing\library\esm\core\datamatrix\decoder\DataBlock.d.ts","yes",
".\node_modules\@zxing\library\esm\core\datamatrix\decoder\DecodedBitStreamParser.d.ts","yes",
".\node_modules\@zxing\library\esm\core\datamatrix\decoder\Decoder.d.ts","yes",
".\node_modules\@zxing\library\esm\core\datamatrix\decoder\Version.d.ts","yes",
".\node_modules\@zxing\library\esm\core\datamatrix\detector\Detector.d.ts","yes",
".\node_modules\@zxing\library\esm\core\datamatrix\encoder\ASCIIEncoder.d.ts","no",
".\node_modules\@zxing\library\esm\core\datamatrix\encoder\Base256Encoder.d.ts","no",
".\node_modules\@zxing\library\esm\core\datamatrix\encoder\C40Encoder.d.ts","no",
".\node_modules\@zxing\library\esm\core\datamatrix\encoder\constants.d.ts","no",
".\node_modules\@zxing\library\esm\core\datamatrix\encoder\DefaultPlacement.d.ts","yes",
".\node_modules\@zxing\library\esm\core\datamatrix\encoder\EdifactEncoder.d.ts","no",
".\node_modules\@zxing\library\esm\core\datamatrix\encoder\Encoder.d.ts","no",
".\node_modules\@zxing\library\esm\core\datamatrix\encoder\EncoderContext.d.ts","no",
".\node_modules\@zxing\library\esm\core\datamatrix\encoder\ErrorCorrection.d.ts","yes",
".\node_modules\@zxing\library\esm\core\datamatrix\encoder\HighLevelEncoder.d.ts","yes",
".\node_modules\@zxing\library\esm\core\datamatrix\encoder\index.d.ts","no",
".\node_modules\@zxing\library\esm\core\datamatrix\encoder\MinimalEncoder.d.ts","no",
".\node_modules\@zxing\library\esm\core\datamatrix\encoder\SymbolInfo.d.ts","yes",
".\node_modules\@zxing\library\esm\core\datamatrix\encoder\TextEncoder.d.ts","no",
".\node_modules\@zxing\library\esm\core\datamatrix\encoder\X12Encoder.d.ts","no",
".\node_modules\@zxing\library\esm\core\datamatrix\DataMatrixReader.d.ts","yes",
".\node_modules\@zxing\library\esm\core\datamatrix\DataMatrixWriter.d.ts","yes",
".\node_modules\@zxing\library\esm\core\multi\MultipleBarcodeReader.d.ts","yes",
".\node_modules\@zxing\library\esm\core\oned\rss\expanded\decoders\AbstractExpandedDecoder.d.ts","yes",
".\node_modules\@zxing\library\esm\core\oned\rss\expanded\decoders\AbstractExpandedDecoderComplement.d.ts","no",
".\node_modules\@zxing\library\esm\core\oned\rss\expanded\decoders\AI013103decoder.d.ts","yes",
".\node_modules\@zxing\library\esm\core\oned\rss\expanded\decoders\AI01320xDecoder.d.ts","yes",
".\node_modules\@zxing\library\esm\core\oned\rss\expanded\decoders\AI01392xDecoder.d.ts","yes",
".\node_modules\@zxing\library\esm\core\oned\rss\expanded\decoders\AI01393xDecoder.d.ts","yes",
".\node_modules\@zxing\library\esm\core\oned\rss\expanded\decoders\AI013x0x1xDecoder.d.ts","yes",
".\node_modules\@zxing\library\esm\core\oned\rss\expanded\decoders\AI013x0xDecoder.d.ts","yes",
".\node_modules\@zxing\library\esm\core\oned\rss\expanded\decoders\AI01AndOtherAIs.d.ts","yes",
".\node_modules\@zxing\library\esm\core\oned\rss\expanded\decoders\AI01decoder.d.ts","yes",
".\node_modules\@zxing\library\esm\core\oned\rss\expanded\decoders\AI01weightDecoder.d.ts","yes",
".\node_modules\@zxing\library\esm\core\oned\rss\expanded\decoders\AnyAIDecoder.d.ts","yes",
".\node_modules\@zxing\library\esm\core\oned\rss\expanded\decoders\BlockParsedResult.d.ts","yes",
".\node_modules\@zxing\library\esm\core\oned\rss\expanded\decoders\createDecoder.d.ts","yes",
".\node_modules\@zxing\library\esm\core\oned\rss\expanded\decoders\CurrentParsingState.d.ts","yes",
".\node_modules\@zxing\library\esm\core\oned\rss\expanded\decoders\DecodedChar.d.ts","yes",
".\node_modules\@zxing\library\esm\core\oned\rss\expanded\decoders\DecodedInformation.d.ts","yes",
".\node_modules\@zxing\library\esm\core\oned\rss\expanded\decoders\DecodedNumeric.d.ts","yes",
".\node_modules\@zxing\library\esm\core\oned\rss\expanded\decoders\DecodedObject.d.ts","yes",
".\node_modules\@zxing\library\esm\core\oned\rss\expanded\decoders\FieldParser.d.ts","yes",
".\node_modules\@zxing\library\esm\core\oned\rss\expanded\decoders\GeneralAppIdDecoder.d.ts","yes",
".\node_modules\@zxing\library\esm\core\oned\rss\expanded\BitArrayBuilder.d.ts","yes",
".\node_modules\@zxing\library\esm\core\oned\rss\expanded\ExpandedPair.d.ts","yes",
".\node_modules\@zxing\library\esm\core\oned\rss\expanded\ExpandedRow.d.ts","yes",
".\node_modules\@zxing\library\esm\core\oned\rss\expanded\RSSExpandedReader.d.ts","yes",
".\node_modules\@zxing\library\esm\core\oned\rss\AbstractRSSReader.d.ts","yes",
".\node_modules\@zxing\library\esm\core\oned\rss\DataCharacter.d.ts","yes",
".\node_modules\@zxing\library\esm\core\oned\rss\FinderPattern.d.ts","yes",
".\node_modules\@zxing\library\esm\core\oned\rss\Pair.d.ts","yes",
".\node_modules\@zxing\library\esm\core\oned\rss\RSS14Reader.d.ts","yes",
".\node_modules\@zxing\library\esm\core\oned\rss\RSSUtils.d.ts","yes",
".\node_modules\@zxing\library\esm\core\oned\AbstractUPCEANReader.d.ts","yes",
".\node_modules\@zxing\library\esm\core\oned\CodaBarReader.d.ts","yes",
".\node_modules\@zxing\library\esm\core\oned\Code128Reader.d.ts","yes",
".\node_modules\@zxing\library\esm\core\oned\Code39Reader.d.ts","yes",
".\node_modules\@zxing\library\esm\core\oned\Code93Reader.d.ts","yes",
".\node_modules\@zxing\library\esm\core\oned\EAN13Reader.d.ts","yes",
".\node_modules\@zxing\library\esm\core\oned\EAN8Reader.d.ts","yes",
".\node_modules\@zxing\library\esm\core\oned\ITFReader.d.ts","yes",
".\node_modules\@zxing\library\esm\core\oned\MultiFormatOneDReader.d.ts","yes",
".\node_modules\@zxing\library\esm\core\oned\MultiFormatUPCEANReader.d.ts","yes",
".\node_modules\@zxing\library\esm\core\oned\OneDReader.d.ts","yes",
".\node_modules\@zxing\library\esm\core\oned\UPCAReader.d.ts","yes",
".\node_modules\@zxing\library\esm\core\oned\UPCEANExtension2Support.d.ts","yes",
".\node_modules\@zxing\library\esm\core\oned\UPCEANExtension5Support.d.ts","yes",
".\node_modules\@zxing\library\esm\core\oned\UPCEANExtensionSupport.d.ts","yes",
".\node_modules\@zxing\library\esm\core\oned\UPCEANReader.d.ts","yes",
".\node_modules\@zxing\library\esm\core\oned\UPCEReader.d.ts","yes",
".\node_modules\@zxing\library\esm\core\pdf417\decoder\ec\ErrorCorrection.d.ts","yes",
".\node_modules\@zxing\library\esm\core\pdf417\decoder\ec\ModulusBase.d.ts","yes",
".\node_modules\@zxing\library\esm\core\pdf417\decoder\ec\ModulusGF.d.ts","yes",
".\node_modules\@zxing\library\esm\core\pdf417\decoder\ec\ModulusPoly.d.ts","yes",
".\node_modules\@zxing\library\esm\core\pdf417\decoder\BarcodeMetadata.d.ts","yes",
".\node_modules\@zxing\library\esm\core\pdf417\decoder\BarcodeValue.d.ts","yes",
".\node_modules\@zxing\library\esm\core\pdf417\decoder\BoundingBox.d.ts","yes",
".\node_modules\@zxing\library\esm\core\pdf417\decoder\Codeword.d.ts","yes",
".\node_modules\@zxing\library\esm\core\pdf417\decoder\DecodedBitStreamParser.d.ts","yes",
".\node_modules\@zxing\library\esm\core\pdf417\decoder\DetectionResult.d.ts","yes",
".\node_modules\@zxing\library\esm\core\pdf417\decoder\DetectionResultColumn.d.ts","yes",
".\node_modules\@zxing\library\esm\core\pdf417\decoder\DetectionResultRowIndicatorColumn.d.ts","yes",
".\node_modules\@zxing\library\esm\core\pdf417\decoder\PDF417CodewordDecoder.d.ts","yes",
".\node_modules\@zxing\library\esm\core\pdf417\decoder\PDF417ScanningDecoder.d.ts","yes",
".\node_modules\@zxing\library\esm\core\pdf417\detector\Detector.d.ts","yes",
".\node_modules\@zxing\library\esm\core\pdf417\detector\PDF417DetectorResult.d.ts","yes",
".\node_modules\@zxing\library\esm\core\pdf417\PDF417Common.d.ts","yes",
".\node_modules\@zxing\library\esm\core\pdf417\PDF417Reader.d.ts","yes",
".\node_modules\@zxing\library\esm\core\pdf417\PDF417ResultMetadata.d.ts","yes",
".\node_modules\@zxing\library\esm\core\qrcode\decoder\BitMatrixParser.d.ts","yes",
".\node_modules\@zxing\library\esm\core\qrcode\decoder\DataBlock.d.ts","yes",
".\node_modules\@zxing\library\esm\core\qrcode\decoder\DataMask.d.ts","yes",
".\node_modules\@zxing\library\esm\core\qrcode\decoder\DecodedBitStreamParser.d.ts","yes",
".\node_modules\@zxing\library\esm\core\qrcode\decoder\Decoder.d.ts","yes",
".\node_modules\@zxing\library\esm\core\qrcode\decoder\ECB.d.ts","yes",
".\node_modules\@zxing\library\esm\core\qrcode\decoder\ECBlocks.d.ts","yes",
".\node_modules\@zxing\library\esm\core\qrcode\decoder\ErrorCorrectionLevel.d.ts","yes",
".\node_modules\@zxing\library\esm\core\qrcode\decoder\FormatInformation.d.ts","yes",
".\node_modules\@zxing\library\esm\core\qrcode\decoder\Mode.d.ts","yes",
".\node_modules\@zxing\library\esm\core\qrcode\decoder\QRCodeDecoderMetaData.d.ts","yes",
".\node_modules\@zxing\library\esm\core\qrcode\decoder\Version.d.ts","yes",
".\node_modules\@zxing\library\esm\core\qrcode\detector\AlignmentPattern.d.ts","yes",
".\node_modules\@zxing\library\esm\core\qrcode\detector\AlignmentPatternFinder.d.ts","yes",
".\node_modules\@zxing\library\esm\core\qrcode\detector\Detector.d.ts","yes",
".\node_modules\@zxing\library\esm\core\qrcode\detector\FinderPattern.d.ts","yes",
".\node_modules\@zxing\library\esm\core\qrcode\detector\FinderPatternFinder.d.ts","yes",
".\node_modules\@zxing\library\esm\core\qrcode\detector\FinderPatternInfo.d.ts","yes",
".\node_modules\@zxing\library\esm\core\qrcode\encoder\BlockPair.d.ts","yes",
".\node_modules\@zxing\library\esm\core\qrcode\encoder\ByteMatrix.d.ts","yes",
".\node_modules\@zxing\library\esm\core\qrcode\encoder\Encoder.d.ts","yes",
".\node_modules\@zxing\library\esm\core\qrcode\encoder\MaskUtil.d.ts","yes",
".\node_modules\@zxing\library\esm\core\qrcode\encoder\MatrixUtil.d.ts","yes",
".\node_modules\@zxing\library\esm\core\qrcode\encoder\QRCode.d.ts","yes",
".\node_modules\@zxing\library\esm\core\qrcode\QRCodeReader.d.ts","yes",
".\node_modules\@zxing\library\esm\core\qrcode\QRCodeWriter.d.ts","yes",
".\node_modules\@zxing\library\esm\core\util\Arrays.d.ts","yes",
".\node_modules\@zxing\library\esm\core\util\ByteArrayOutputStream.d.ts","yes",
".\node_modules\@zxing\library\esm\core\util\Charset.d.ts","yes",
".\node_modules\@zxing\library\esm\core\util\Collections.d.ts","yes",
".\node_modules\@zxing\library\esm\core\util\Float.d.ts","yes",
".\node_modules\@zxing\library\esm\core\util\Formatter.d.ts","yes",
".\node_modules\@zxing\library\esm\core\util\Integer.d.ts","yes",
".\node_modules\@zxing\library\esm\core\util\Long.d.ts","yes",
".\node_modules\@zxing\library\esm\core\util\OutputStream.d.ts","yes",
".\node_modules\@zxing\library\esm\core\util\StandardCharsets.d.ts","yes",
".\node_modules\@zxing\library\esm\core\util\StringBuilder.d.ts","yes",
".\node_modules\@zxing\library\esm\core\util\StringEncoding.d.ts","yes",
".\node_modules\@zxing\library\esm\core\util\System.d.ts","yes",
".\node_modules\@zxing\text-encoding\cjs\coders\big5\Big5Decoder.d.ts","no",
".\node_modules\@zxing\text-encoding\cjs\coders\big5\Big5Encoder.d.ts","no",
".\node_modules\@zxing\text-encoding\cjs\coders\big5\index.d.ts","no",
".\node_modules\@zxing\text-encoding\cjs\coders\euc-jp\EUCJPDecoder.d.ts","no",
".\node_modules\@zxing\text-encoding\cjs\coders\euc-jp\EUCJPEncoder.d.ts","no",
".\node_modules\@zxing\text-encoding\cjs\coders\euc-jp\index.d.ts","no",
".\node_modules\@zxing\text-encoding\cjs\coders\euc-kr\EUCKRDecoder.d.ts","no",
".\node_modules\@zxing\text-encoding\cjs\coders\euc-kr\EUCKREncoder.d.ts","no",
".\node_modules\@zxing\text-encoding\cjs\coders\euc-kr\index.d.ts","no",
".\node_modules\@zxing\text-encoding\cjs\coders\gb18030\GB18030Decoder.d.ts","no",
".\node_modules\@zxing\text-encoding\cjs\coders\gb18030\GB18030Encoder.d.ts","no",
".\node_modules\@zxing\text-encoding\cjs\coders\gb18030\index.d.ts","no",
".\node_modules\@zxing\text-encoding\cjs\coders\iso-2022-jp\index.d.ts","no",
".\node_modules\@zxing\text-encoding\cjs\coders\iso-2022-jp\ISO2022JPDecoder.d.ts","no",
".\node_modules\@zxing\text-encoding\cjs\coders\iso-2022-jp\ISO2022JPEncoder.d.ts","no",
".\node_modules\@zxing\text-encoding\cjs\coders\shift-jis\index.d.ts","no",
".\node_modules\@zxing\text-encoding\cjs\coders\shift-jis\ShiftJISDecoder.d.ts","no",
".\node_modules\@zxing\text-encoding\cjs\coders\shift-jis\ShiftJISEncoder.d.ts","no",
".\node_modules\@zxing\text-encoding\cjs\coders\single-byte\index.d.ts","no",
".\node_modules\@zxing\text-encoding\cjs\coders\single-byte\SingleByteDecoder.d.ts","no",
".\node_modules\@zxing\text-encoding\cjs\coders\single-byte\SingleByteEncoder.d.ts","no",
".\node_modules\@zxing\text-encoding\cjs\coders\utf-16\converCodeUnitToBytes.d.ts","no",
".\node_modules\@zxing\text-encoding\cjs\coders\utf-16\index.d.ts","no",
".\node_modules\@zxing\text-encoding\cjs\coders\utf-16\UTF16Decoder.d.ts","no",
".\node_modules\@zxing\text-encoding\cjs\coders\utf-16\UTF16Encoder.d.ts","no",
".\node_modules\@zxing\text-encoding\cjs\coders\utf-8\index.d.ts","no",
".\node_modules\@zxing\text-encoding\cjs\coders\utf-8\UTF8Decoder.d.ts","no",
".\node_modules\@zxing\text-encoding\cjs\coders\utf-8\UTF8Encoder.d.ts","no",
".\node_modules\@zxing\text-encoding\cjs\coders\x-user-defined\index.d.ts","no",
".\node_modules\@zxing\text-encoding\cjs\coders\x-user-defined\XUserDefinedDecoder.d.ts","no",
".\node_modules\@zxing\text-encoding\cjs\coders\x-user-defined\XUserDefinedEncoder.d.ts","no",
".\node_modules\@zxing\text-encoding\es2015\coders\big5\Big5Decoder.d.ts","no",
".\node_modules\@zxing\text-encoding\es2015\coders\big5\Big5Encoder.d.ts","no",
".\node_modules\@zxing\text-encoding\es2015\coders\big5\index.d.ts","no",
".\node_modules\@zxing\text-encoding\es2015\coders\euc-jp\EUCJPDecoder.d.ts","no",
".\node_modules\@zxing\text-encoding\es2015\coders\euc-jp\EUCJPEncoder.d.ts","no",
".\node_modules\@zxing\text-encoding\es2015\coders\euc-jp\index.d.ts","no",
".\node_modules\@zxing\text-encoding\es2015\coders\euc-kr\EUCKRDecoder.d.ts","no",
".\node_modules\@zxing\text-encoding\es2015\coders\euc-kr\EUCKREncoder.d.ts","no",
".\node_modules\@zxing\text-encoding\es2015\coders\euc-kr\index.d.ts","no",
".\node_modules\@zxing\text-encoding\es2015\coders\gb18030\GB18030Decoder.d.ts","no",
".\node_modules\@zxing\text-encoding\es2015\coders\gb18030\GB18030Encoder.d.ts","no",
".\node_modules\@zxing\text-encoding\es2015\coders\gb18030\index.d.ts","no",
".\node_modules\@zxing\text-encoding\es2015\coders\iso-2022-jp\index.d.ts","no",
".\node_modules\@zxing\text-encoding\es2015\coders\iso-2022-jp\ISO2022JPDecoder.d.ts","no",
".\node_modules\@zxing\text-encoding\es2015\coders\iso-2022-jp\ISO2022JPEncoder.d.ts","no",
".\node_modules\@zxing\text-encoding\es2015\coders\shift-jis\index.d.ts","no",
".\node_modules\@zxing\text-encoding\es2015\coders\shift-jis\ShiftJISDecoder.d.ts","no",
".\node_modules\@zxing\text-encoding\es2015\coders\shift-jis\ShiftJISEncoder.d.ts","no",
".\node_modules\@zxing\text-encoding\es2015\coders\single-byte\index.d.ts","no",
".\node_modules\@zxing\text-encoding\es2015\coders\single-byte\SingleByteDecoder.d.ts","no",
".\node_modules\@zxing\text-encoding\es2015\coders\single-byte\SingleByteEncoder.d.ts","no",
".\node_modules\@zxing\text-encoding\es2015\coders\utf-16\converCodeUnitToBytes.d.ts","no",
".\node_modules\@zxing\text-encoding\es2015\coders\utf-16\index.d.ts","no",
".\node_modules\@zxing\text-encoding\es2015\coders\utf-16\UTF16Decoder.d.ts","no",
".\node_modules\@zxing\text-encoding\es2015\coders\utf-16\UTF16Encoder.d.ts","no",
".\node_modules\@zxing\text-encoding\es2015\coders\utf-8\index.d.ts","no",
".\node_modules\@zxing\text-encoding\es2015\coders\utf-8\UTF8Decoder.d.ts","no",
".\node_modules\@zxing\text-encoding\es2015\coders\utf-8\UTF8Encoder.d.ts","no",
".\node_modules\@zxing\text-encoding\es2015\coders\x-user-defined\index.d.ts","no",
".\node_modules\@zxing\text-encoding\es2015\coders\x-user-defined\XUserDefinedDecoder.d.ts","no",
".\node_modules\@zxing\text-encoding\es2015\coders\x-user-defined\XUserDefinedEncoder.d.ts","no",
".\node_modules\@zxing\text-encoding\esm\coders\big5\Big5Decoder.d.ts","no",
".\node_modules\@zxing\text-encoding\esm\coders\big5\Big5Encoder.d.ts","no",
".\node_modules\@zxing\text-encoding\esm\coders\big5\index.d.ts","no",
".\node_modules\@zxing\text-encoding\esm\coders\euc-jp\EUCJPDecoder.d.ts","no",
".\node_modules\@zxing\text-encoding\esm\coders\euc-jp\EUCJPEncoder.d.ts","no",
".\node_modules\@zxing\text-encoding\esm\coders\euc-jp\index.d.ts","no",
".\node_modules\@zxing\text-encoding\esm\coders\euc-kr\EUCKRDecoder.d.ts","no",
".\node_modules\@zxing\text-encoding\esm\coders\euc-kr\EUCKREncoder.d.ts","no",
".\node_modules\@zxing\text-encoding\esm\coders\euc-kr\index.d.ts","no",
".\node_modules\@zxing\text-encoding\esm\coders\gb18030\GB18030Decoder.d.ts","no",
".\node_modules\@zxing\text-encoding\esm\coders\gb18030\GB18030Encoder.d.ts","no",
".\node_modules\@zxing\text-encoding\esm\coders\gb18030\index.d.ts","no",
".\node_modules\@zxing\text-encoding\esm\coders\iso-2022-jp\index.d.ts","no",
".\node_modules\@zxing\text-encoding\esm\coders\iso-2022-jp\ISO2022JPDecoder.d.ts","no",
".\node_modules\@zxing\text-encoding\esm\coders\iso-2022-jp\ISO2022JPEncoder.d.ts","no",
".\node_modules\@zxing\text-encoding\esm\coders\shift-jis\index.d.ts","no",
".\node_modules\@zxing\text-encoding\esm\coders\shift-jis\ShiftJISDecoder.d.ts","no",
".\node_modules\@zxing\text-encoding\esm\coders\shift-jis\ShiftJISEncoder.d.ts","no",
".\node_modules\@zxing\text-encoding\esm\coders\single-byte\index.d.ts","no",
".\node_modules\@zxing\text-encoding\esm\coders\single-byte\SingleByteDecoder.d.ts","no",
".\node_modules\@zxing\text-encoding\esm\coders\single-byte\SingleByteEncoder.d.ts","no",
".\node_modules\@zxing\text-encoding\esm\coders\utf-16\converCodeUnitToBytes.d.ts","no",
".\node_modules\@zxing\text-encoding\esm\coders\utf-16\index.d.ts","no",
".\node_modules\@zxing\text-encoding\esm\coders\utf-16\UTF16Decoder.d.ts","no",
".\node_modules\@zxing\text-encoding\esm\coders\utf-16\UTF16Encoder.d.ts","no",
".\node_modules\@zxing\text-encoding\esm\coders\utf-8\index.d.ts","no",
".\node_modules\@zxing\text-encoding\esm\coders\utf-8\UTF8Decoder.d.ts","no",
".\node_modules\@zxing\text-encoding\esm\coders\utf-8\UTF8Encoder.d.ts","no",
".\node_modules\@zxing\text-encoding\esm\coders\x-user-defined\index.d.ts","no",
".\node_modules\@zxing\text-encoding\esm\coders\x-user-defined\XUserDefinedDecoder.d.ts","no",
".\node_modules\@zxing\text-encoding\esm\coders\x-user-defined\XUserDefinedEncoder.d.ts","no",
".\node_modules\html2canvas\dist\types\core\__mocks__\cache-storage.d.ts","no",
".\node_modules\html2canvas\dist\types\core\__mocks__\context.d.ts","no",
".\node_modules\html2canvas\dist\types\core\__mocks__\features.d.ts","no",
".\node_modules\html2canvas\dist\types\core\__mocks__\logger.d.ts","no",
".\node_modules\html2canvas\dist\types\core\__tests__\cache-storage.d.ts","no",
".\node_modules\html2canvas\dist\types\core\__tests__\logger.d.ts","no",
".\node_modules\html2canvas\dist\types\css\layout\__mocks__\bounds.d.ts","no",
".\node_modules\html2canvas\dist\types\css\layout\bounds.d.ts","no",
".\node_modules\html2canvas\dist\types\css\layout\text.d.ts","no",
".\node_modules\html2canvas\dist\types\css\property-descriptors\__tests__\background-tests.d.ts","no",
".\node_modules\html2canvas\dist\types\css\property-descriptors\__tests__\font-family.d.ts","no",
".\node_modules\html2canvas\dist\types\css\property-descriptors\__tests__\paint-order.d.ts","no",
".\node_modules\html2canvas\dist\types\css\property-descriptors\__tests__\text-shadow.d.ts","no",
".\node_modules\html2canvas\dist\types\css\property-descriptors\__tests__\transform-tests.d.ts","no",
".\node_modules\html2canvas\dist\types\css\property-descriptors\background-clip.d.ts","no",
".\node_modules\html2canvas\dist\types\css\property-descriptors\background-color.d.ts","no",
".\node_modules\html2canvas\dist\types\css\property-descriptors\background-image.d.ts","no",
".\node_modules\html2canvas\dist\types\css\property-descriptors\background-origin.d.ts","no",
".\node_modules\html2canvas\dist\types\css\property-descriptors\background-position.d.ts","no",
".\node_modules\html2canvas\dist\types\css\property-descriptors\background-repeat.d.ts","no",
".\node_modules\html2canvas\dist\types\css\property-descriptors\background-size.d.ts","no",
".\node_modules\html2canvas\dist\types\css\property-descriptors\border-color.d.ts","no",
".\node_modules\html2canvas\dist\types\css\property-descriptors\border-radius.d.ts","no",
".\node_modules\html2canvas\dist\types\css\property-descriptors\border-style.d.ts","no",
".\node_modules\html2canvas\dist\types\css\property-descriptors\border-width.d.ts","no",
".\node_modules\html2canvas\dist\types\css\property-descriptors\box-shadow.d.ts","no",
".\node_modules\html2canvas\dist\types\css\property-descriptors\color.d.ts","no",
".\node_modules\html2canvas\dist\types\css\property-descriptors\content.d.ts","no",
".\node_modules\html2canvas\dist\types\css\property-descriptors\counter-increment.d.ts","no",
".\node_modules\html2canvas\dist\types\css\property-descriptors\counter-reset.d.ts","no",
".\node_modules\html2canvas\dist\types\css\property-descriptors\direction.d.ts","no",
".\node_modules\html2canvas\dist\types\css\property-descriptors\display.d.ts","no",
".\node_modules\html2canvas\dist\types\css\property-descriptors\duration.d.ts","no",
".\node_modules\html2canvas\dist\types\css\property-descriptors\float.d.ts","no",
".\node_modules\html2canvas\dist\types\css\property-descriptors\font-family.d.ts","no",
".\node_modules\html2canvas\dist\types\css\property-descriptors\font-size.d.ts","no",
".\node_modules\html2canvas\dist\types\css\property-descriptors\font-style.d.ts","no",
".\node_modules\html2canvas\dist\types\css\property-descriptors\font-variant.d.ts","no",
".\node_modules\html2canvas\dist\types\css\property-descriptors\font-weight.d.ts","no",
".\node_modules\html2canvas\dist\types\css\property-descriptors\letter-spacing.d.ts","no",
".\node_modules\html2canvas\dist\types\css\property-descriptors\line-break.d.ts","no",
".\node_modules\html2canvas\dist\types\css\property-descriptors\line-height.d.ts","no",
".\node_modules\html2canvas\dist\types\css\property-descriptors\list-style-image.d.ts","no",
".\node_modules\html2canvas\dist\types\css\property-descriptors\list-style-position.d.ts","no",
".\node_modules\html2canvas\dist\types\css\property-descriptors\list-style-type.d.ts","no",
".\node_modules\html2canvas\dist\types\css\property-descriptors\margin.d.ts","no",
".\node_modules\html2canvas\dist\types\css\property-descriptors\opacity.d.ts","no",
".\node_modules\html2canvas\dist\types\css\property-descriptors\overflow-wrap.d.ts","no",
".\node_modules\html2canvas\dist\types\css\property-descriptors\overflow.d.ts","no",
".\node_modules\html2canvas\dist\types\css\property-descriptors\padding.d.ts","no",
".\node_modules\html2canvas\dist\types\css\property-descriptors\paint-order.d.ts","no",
".\node_modules\html2canvas\dist\types\css\property-descriptors\position.d.ts","no",
".\node_modules\html2canvas\dist\types\css\property-descriptors\quotes.d.ts","no",
".\node_modules\html2canvas\dist\types\css\property-descriptors\text-align.d.ts","no",
".\node_modules\html2canvas\dist\types\css\property-descriptors\text-decoration-color.d.ts","no",
".\node_modules\html2canvas\dist\types\css\property-descriptors\text-decoration-line.d.ts","no",
".\node_modules\html2canvas\dist\types\css\property-descriptors\text-shadow.d.ts","no",
".\node_modules\html2canvas\dist\types\css\property-descriptors\text-transform.d.ts","no",
".\node_modules\html2canvas\dist\types\css\property-descriptors\transform-origin.d.ts","no",
".\node_modules\html2canvas\dist\types\css\property-descriptors\transform.d.ts","no",
".\node_modules\html2canvas\dist\types\css\property-descriptors\visibility.d.ts","no",
".\node_modules\html2canvas\dist\types\css\property-descriptors\webkit-text-stroke-color.d.ts","no",
".\node_modules\html2canvas\dist\types\css\property-descriptors\webkit-text-stroke-width.d.ts","no",
".\node_modules\html2canvas\dist\types\css\property-descriptors\word-break.d.ts","no",
".\node_modules\html2canvas\dist\types\css\property-descriptors\z-index.d.ts","no",
".\node_modules\html2canvas\dist\types\css\syntax\__tests__\tokernizer-tests.d.ts","no",
".\node_modules\html2canvas\dist\types\css\syntax\parser.d.ts","no",
".\node_modules\html2canvas\dist\types\css\syntax\tokenizer.d.ts","no",
".\node_modules\html2canvas\dist\types\css\types\functions\__tests__\radial-gradient.d.ts","no",
".\node_modules\html2canvas\dist\types\css\types\functions\-prefix-linear-gradient.d.ts","no",
".\node_modules\html2canvas\dist\types\css\types\functions\-prefix-radial-gradient.d.ts","no",
".\node_modules\html2canvas\dist\types\css\types\functions\-webkit-gradient.d.ts","no",
".\node_modules\html2canvas\dist\types\css\types\functions\counter.d.ts","no",
".\node_modules\html2canvas\dist\types\css\types\functions\gradient.d.ts","no",
".\node_modules\html2canvas\dist\types\css\types\functions\linear-gradient.d.ts","no",
".\node_modules\html2canvas\dist\types\css\types\functions\radial-gradient.d.ts","no",
".\node_modules\html2canvas\dist\types\css\types\__tests__\color-tests.d.ts","no",
".\node_modules\html2canvas\dist\types\css\types\__tests__\image-tests.d.ts","no",
".\node_modules\html2canvas\dist\types\css\types\angle.d.ts","no",
".\node_modules\html2canvas\dist\types\css\types\color.d.ts","no",
".\node_modules\html2canvas\dist\types\css\types\image.d.ts","no",
".\node_modules\html2canvas\dist\types\css\types\index.d.ts","no",
".\node_modules\html2canvas\dist\types\css\types\length-percentage.d.ts","no",
".\node_modules\html2canvas\dist\types\css\types\length.d.ts","no",
".\node_modules\html2canvas\dist\types\css\types\time.d.ts","no",
".\node_modules\html2canvas\dist\types\dom\elements\li-element-container.d.ts","no",
".\node_modules\html2canvas\dist\types\dom\elements\ol-element-container.d.ts","no",
".\node_modules\html2canvas\dist\types\dom\elements\select-element-container.d.ts","no",
".\node_modules\html2canvas\dist\types\dom\elements\textarea-element-container.d.ts","no",
".\node_modules\html2canvas\dist\types\dom\replaced-elements\canvas-element-container.d.ts","no",
".\node_modules\html2canvas\dist\types\dom\replaced-elements\iframe-element-container.d.ts","no",
".\node_modules\html2canvas\dist\types\dom\replaced-elements\image-element-container.d.ts","no",
".\node_modules\html2canvas\dist\types\dom\replaced-elements\index.d.ts","no",
".\node_modules\html2canvas\dist\types\dom\replaced-elements\input-element-container.d.ts","no",
".\node_modules\html2canvas\dist\types\dom\replaced-elements\pseudo-elements.d.ts","no",
".\node_modules\html2canvas\dist\types\dom\replaced-elements\svg-element-container.d.ts","no",
".\node_modules\html2canvas\dist\types\dom\__mocks__\document-cloner.d.ts","no",
".\node_modules\html2canvas\dist\types\render\canvas\canvas-renderer.d.ts","no",
".\node_modules\html2canvas\dist\types\render\canvas\foreignobject-renderer.d.ts","no",
".\node_modules\instantsearch-ui-components\dist\es\components\recommend-shared\DefaultEmpty.d.ts","no",
".\node_modules\instantsearch-ui-components\dist\es\components\recommend-shared\DefaultHeader.d.ts","no",
".\node_modules\instantsearch-ui-components\dist\es\components\recommend-shared\DefaultItem.d.ts","no",
".\node_modules\instantsearch-ui-components\dist\es\components\recommend-shared\index.d.ts","no",
".\node_modules\instantsearch-ui-components\dist\es\components\recommend-shared\List.d.ts","no",
".\node_modules\path-scurry\node_modules\lru-cache\dist\commonjs\index.d.ts","no",
".\node_modules\path-scurry\node_modules\lru-cache\dist\esm\index.d.ts","no",
".\node_modules\react-instantsearch\dist\es\ui\lib\capitalize.d.ts","no",
".\node_modules\react-instantsearch\dist\es\ui\lib\index.d.ts","no",
".\node_modules\react-instantsearch\dist\es\ui\lib\isModifierClick.d.ts","no",
".\node_modules\sucrase\dist\types\parser\plugins\jsx\index.d.ts","no",
".\node_modules\sucrase\dist\types\parser\plugins\jsx\xhtml.d.ts","yes",
".\node_modules\sucrase\dist\types\parser\plugins\flow.d.ts","no",
".\node_modules\sucrase\dist\types\parser\plugins\types.d.ts","no",
".\node_modules\sucrase\dist\types\parser\plugins\typescript.d.ts","no",
".\node_modules\sucrase\dist\types\parser\tokenizer\index.d.ts","no",
".\node_modules\sucrase\dist\types\parser\tokenizer\keywords.d.ts","no",
".\node_modules\sucrase\dist\types\parser\tokenizer\readWord.d.ts","yes",
".\node_modules\sucrase\dist\types\parser\tokenizer\readWordTree.d.ts","no",
".\node_modules\sucrase\dist\types\parser\tokenizer\state.d.ts","yes",
".\node_modules\sucrase\dist\types\parser\tokenizer\types.d.ts","no",
".\node_modules\sucrase\dist\types\parser\traverser\base.d.ts","no",
".\node_modules\sucrase\dist\types\parser\traverser\expression.d.ts","no",
".\node_modules\sucrase\dist\types\parser\traverser\index.d.ts","no",
".\node_modules\sucrase\dist\types\parser\traverser\lval.d.ts","no",
".\node_modules\sucrase\dist\types\parser\traverser\statement.d.ts","no",
".\node_modules\sucrase\dist\types\parser\traverser\util.d.ts","no",
".\node_modules\sucrase\dist\types\parser\util\charcodes.d.ts","no",
".\node_modules\sucrase\dist\types\parser\util\identifier.d.ts","no",
".\node_modules\sucrase\dist\types\parser\util\whitespace.d.ts","no",
".\node_modules\sucrase\node_modules\glob\dist\commonjs\glob.d.ts","no",
".\node_modules\sucrase\node_modules\glob\dist\commonjs\has-magic.d.ts","no",
".\node_modules\sucrase\node_modules\glob\dist\commonjs\ignore.d.ts","no",
".\node_modules\sucrase\node_modules\glob\dist\commonjs\index.d.ts","no",
".\node_modules\sucrase\node_modules\glob\dist\commonjs\pattern.d.ts","no",
".\node_modules\sucrase\node_modules\glob\dist\commonjs\processor.d.ts","no",
".\node_modules\sucrase\node_modules\glob\dist\commonjs\walker.d.ts","no",
".\node_modules\sucrase\node_modules\glob\dist\esm\glob.d.ts","no",
".\node_modules\sucrase\node_modules\glob\dist\esm\has-magic.d.ts","no",
".\node_modules\sucrase\node_modules\glob\dist\esm\ignore.d.ts","no",
".\node_modules\sucrase\node_modules\glob\dist\esm\index.d.ts","no",
".\node_modules\sucrase\node_modules\glob\dist\esm\pattern.d.ts","no",
".\node_modules\sucrase\node_modules\glob\dist\esm\processor.d.ts","no",
".\node_modules\sucrase\node_modules\glob\dist\esm\walker.d.ts","no",
".\node_modules\sucrase\node_modules\minimatch\dist\commonjs\assert-valid-pattern.d.ts","no",
".\node_modules\sucrase\node_modules\minimatch\dist\commonjs\ast.d.ts","no",
".\node_modules\sucrase\node_modules\minimatch\dist\commonjs\brace-expressions.d.ts","no",
".\node_modules\sucrase\node_modules\minimatch\dist\commonjs\escape.d.ts","no",
".\node_modules\sucrase\node_modules\minimatch\dist\commonjs\index.d.ts","no",
".\node_modules\sucrase\node_modules\minimatch\dist\commonjs\unescape.d.ts","no",
".\node_modules\sucrase\node_modules\minimatch\dist\esm\assert-valid-pattern.d.ts","no",
".\node_modules\sucrase\node_modules\minimatch\dist\esm\ast.d.ts","no",
".\node_modules\sucrase\node_modules\minimatch\dist\esm\brace-expressions.d.ts","no",
".\node_modules\sucrase\node_modules\minimatch\dist\esm\escape.d.ts","no",
".\node_modules\sucrase\node_modules\minimatch\dist\esm\index.d.ts","no",
".\node_modules\sucrase\node_modules\minimatch\dist\esm\unescape.d.ts","no",
".\node_modules\workbox-build\node_modules\@apideck\better-ajv-errors\dist\lib\filter.d.ts","no",
".\node_modules\workbox-build\node_modules\@apideck\better-ajv-errors\dist\lib\suggestions.d.ts","no",
".\node_modules\workbox-build\node_modules\@apideck\better-ajv-errors\dist\lib\utils.d.ts","no",
".\node_modules\workbox-build\node_modules\@apideck\better-ajv-errors\dist\types\ValidationError.d.ts","no",
".\node_modules\workbox-build\node_modules\@apideck\better-ajv-errors\dist\constants.d.ts","no",
".\node_modules\workbox-build\node_modules\@apideck\better-ajv-errors\dist\index.d.ts","no",
".\node_modules\workbox-build\node_modules\@apideck\better-ajv-errors\src\lib\filter.ts","no",
".\node_modules\workbox-build\node_modules\@apideck\better-ajv-errors\src\lib\suggestions.ts","no",
".\node_modules\workbox-build\node_modules\@apideck\better-ajv-errors\src\lib\utils.ts","no",
".\node_modules\workbox-build\node_modules\@apideck\better-ajv-errors\src\types\ValidationError.ts","no",
".\node_modules\workbox-build\node_modules\@apideck\better-ajv-errors\src\constants.ts","no",
".\node_modules\workbox-build\node_modules\@apideck\better-ajv-errors\src\index.test.ts","no",
".\node_modules\workbox-build\node_modules\@apideck\better-ajv-errors\src\index.ts","no",
".\node_modules\workbox-build\node_modules\@rollup\plugin-babel\types\index.d.ts","yes",
".\node_modules\workbox-build\node_modules\@rollup\plugin-replace\types\index.d.ts","yes",
".\node_modules\workbox-build\node_modules\@rollup\pluginutils\types\index.d.ts","yes",
".\node_modules\workbox-build\node_modules\ajv\dist\compile\codegen\code.d.ts","no",
".\node_modules\workbox-build\node_modules\ajv\dist\compile\codegen\index.d.ts","no",
".\node_modules\workbox-build\node_modules\ajv\dist\compile\codegen\scope.d.ts","no",
".\node_modules\workbox-build\node_modules\ajv\dist\compile\jtd\parse.d.ts","yes",
".\node_modules\workbox-build\node_modules\ajv\dist\compile\jtd\serialize.d.ts","yes",
".\node_modules\workbox-build\node_modules\ajv\dist\compile\jtd\types.d.ts","no",
".\node_modules\workbox-build\node_modules\ajv\dist\compile\validate\applicability.d.ts","no",
".\node_modules\workbox-build\node_modules\ajv\dist\compile\validate\boolSchema.d.ts","no",
".\node_modules\workbox-build\node_modules\ajv\dist\compile\validate\dataType.d.ts","no",
".\node_modules\workbox-build\node_modules\ajv\dist\compile\validate\defaults.d.ts","no",
".\node_modules\workbox-build\node_modules\ajv\dist\compile\validate\index.d.ts","no",
".\node_modules\workbox-build\node_modules\ajv\dist\compile\validate\keyword.d.ts","no",
".\node_modules\workbox-build\node_modules\ajv\dist\compile\validate\subschema.d.ts","no",
".\node_modules\workbox-build\node_modules\ajv\dist\compile\errors.d.ts","no",
".\node_modules\workbox-build\node_modules\ajv\dist\compile\index.d.ts","no",
".\node_modules\workbox-build\node_modules\ajv\dist\compile\names.d.ts","yes",
".\node_modules\workbox-build\node_modules\ajv\dist\compile\ref_error.d.ts","yes",
".\node_modules\workbox-build\node_modules\ajv\dist\compile\resolve.d.ts","no",
".\node_modules\workbox-build\node_modules\ajv\dist\compile\rules.d.ts","no",
".\node_modules\workbox-build\node_modules\ajv\dist\compile\util.d.ts","no",
".\node_modules\workbox-build\node_modules\ajv\dist\refs\json-schema-2019-09\index.d.ts","yes",
".\node_modules\workbox-build\node_modules\ajv\dist\refs\json-schema-2020-12\index.d.ts","yes",
".\node_modules\workbox-build\node_modules\ajv\dist\refs\jtd-schema.d.ts","yes",
".\node_modules\workbox-build\node_modules\ajv\dist\runtime\equal.d.ts","yes",
".\node_modules\workbox-build\node_modules\ajv\dist\runtime\parseJson.d.ts","no",
".\node_modules\workbox-build\node_modules\ajv\dist\runtime\quote.d.ts","yes",
".\node_modules\workbox-build\node_modules\ajv\dist\runtime\re2.d.ts","yes",
".\node_modules\workbox-build\node_modules\ajv\dist\runtime\timestamp.d.ts","yes",
".\node_modules\workbox-build\node_modules\ajv\dist\runtime\ucs2length.d.ts","yes",
".\node_modules\workbox-build\node_modules\ajv\dist\runtime\uri.d.ts","yes",
".\node_modules\workbox-build\node_modules\ajv\dist\runtime\validation_error.d.ts","yes",
".\node_modules\workbox-build\node_modules\ajv\dist\standalone\index.d.ts","yes",
".\node_modules\workbox-build\node_modules\ajv\dist\standalone\instance.d.ts","yes",
".\node_modules\workbox-build\node_modules\ajv\dist\types\index.d.ts","no",
".\node_modules\workbox-build\node_modules\ajv\dist\types\json-schema.d.ts","no",
".\node_modules\workbox-build\node_modules\ajv\dist\types\jtd-schema.d.ts","no",
".\node_modules\workbox-build\node_modules\ajv\dist\vocabularies\applicator\additionalItems.d.ts","yes",
".\node_modules\workbox-build\node_modules\ajv\dist\vocabularies\applicator\additionalProperties.d.ts","yes",
".\node_modules\workbox-build\node_modules\ajv\dist\vocabularies\applicator\allOf.d.ts","yes",
".\node_modules\workbox-build\node_modules\ajv\dist\vocabularies\applicator\anyOf.d.ts","yes",
".\node_modules\workbox-build\node_modules\ajv\dist\vocabularies\applicator\contains.d.ts","yes",
".\node_modules\workbox-build\node_modules\ajv\dist\vocabularies\applicator\dependencies.d.ts","yes",
".\node_modules\workbox-build\node_modules\ajv\dist\vocabularies\applicator\dependentSchemas.d.ts","yes",
".\node_modules\workbox-build\node_modules\ajv\dist\vocabularies\applicator\if.d.ts","yes",
".\node_modules\workbox-build\node_modules\ajv\dist\vocabularies\applicator\index.d.ts","yes",
".\node_modules\workbox-build\node_modules\ajv\dist\vocabularies\applicator\items.d.ts","yes",
".\node_modules\workbox-build\node_modules\ajv\dist\vocabularies\applicator\items2020.d.ts","yes",
".\node_modules\workbox-build\node_modules\ajv\dist\vocabularies\applicator\not.d.ts","yes",
".\node_modules\workbox-build\node_modules\ajv\dist\vocabularies\applicator\oneOf.d.ts","yes",
".\node_modules\workbox-build\node_modules\ajv\dist\vocabularies\applicator\patternProperties.d.ts","yes",
".\node_modules\workbox-build\node_modules\ajv\dist\vocabularies\applicator\prefixItems.d.ts","yes",
".\node_modules\workbox-build\node_modules\ajv\dist\vocabularies\applicator\properties.d.ts","yes",
".\node_modules\workbox-build\node_modules\ajv\dist\vocabularies\applicator\propertyNames.d.ts","yes",
".\node_modules\workbox-build\node_modules\ajv\dist\vocabularies\applicator\thenElse.d.ts","yes",
".\node_modules\workbox-build\node_modules\ajv\dist\vocabularies\core\id.d.ts","yes",
".\node_modules\workbox-build\node_modules\ajv\dist\vocabularies\core\index.d.ts","yes",
".\node_modules\workbox-build\node_modules\ajv\dist\vocabularies\core\ref.d.ts","yes",
".\node_modules\workbox-build\node_modules\ajv\dist\vocabularies\discriminator\index.d.ts","yes",
".\node_modules\workbox-build\node_modules\ajv\dist\vocabularies\discriminator\types.d.ts","no",
".\node_modules\workbox-build\node_modules\ajv\dist\vocabularies\dynamic\dynamicAnchor.d.ts","yes",
".\node_modules\workbox-build\node_modules\ajv\dist\vocabularies\dynamic\dynamicRef.d.ts","yes",
".\node_modules\workbox-build\node_modules\ajv\dist\vocabularies\dynamic\index.d.ts","yes",
".\node_modules\workbox-build\node_modules\ajv\dist\vocabularies\dynamic\recursiveAnchor.d.ts","yes",
".\node_modules\workbox-build\node_modules\ajv\dist\vocabularies\dynamic\recursiveRef.d.ts","yes",
".\node_modules\workbox-build\node_modules\ajv\dist\vocabularies\format\format.d.ts","yes",
".\node_modules\workbox-build\node_modules\ajv\dist\vocabularies\format\index.d.ts","yes",
".\node_modules\workbox-build\node_modules\ajv\dist\vocabularies\jtd\discriminator.d.ts","yes",
".\node_modules\workbox-build\node_modules\ajv\dist\vocabularies\jtd\elements.d.ts","yes",
".\node_modules\workbox-build\node_modules\ajv\dist\vocabularies\jtd\enum.d.ts","yes",
".\node_modules\workbox-build\node_modules\ajv\dist\vocabularies\jtd\error.d.ts","no",
".\node_modules\workbox-build\node_modules\ajv\dist\vocabularies\jtd\index.d.ts","yes",
".\node_modules\workbox-build\node_modules\ajv\dist\vocabularies\jtd\metadata.d.ts","yes",
".\node_modules\workbox-build\node_modules\ajv\dist\vocabularies\jtd\nullable.d.ts","no",
".\node_modules\workbox-build\node_modules\ajv\dist\vocabularies\jtd\optionalProperties.d.ts","yes",
".\node_modules\workbox-build\node_modules\ajv\dist\vocabularies\jtd\properties.d.ts","yes",
".\node_modules\workbox-build\node_modules\ajv\dist\vocabularies\jtd\ref.d.ts","yes",
".\node_modules\workbox-build\node_modules\ajv\dist\vocabularies\jtd\type.d.ts","yes",
".\node_modules\workbox-build\node_modules\ajv\dist\vocabularies\jtd\union.d.ts","yes",
".\node_modules\workbox-build\node_modules\ajv\dist\vocabularies\jtd\values.d.ts","yes",
".\node_modules\workbox-build\node_modules\ajv\dist\vocabularies\unevaluated\index.d.ts","yes",
".\node_modules\workbox-build\node_modules\ajv\dist\vocabularies\unevaluated\unevaluatedItems.d.ts","yes",
".\node_modules\workbox-build\node_modules\ajv\dist\vocabularies\unevaluated\unevaluatedProperties.d.ts","yes",
".\node_modules\workbox-build\node_modules\ajv\dist\vocabularies\validation\const.d.ts","yes",
".\node_modules\workbox-build\node_modules\ajv\dist\vocabularies\validation\dependentRequired.d.ts","yes",
".\node_modules\workbox-build\node_modules\ajv\dist\vocabularies\validation\enum.d.ts","yes",
".\node_modules\workbox-build\node_modules\ajv\dist\vocabularies\validation\index.d.ts","yes",
".\node_modules\workbox-build\node_modules\ajv\dist\vocabularies\validation\limitContains.d.ts","yes",
".\node_modules\workbox-build\node_modules\ajv\dist\vocabularies\validation\limitItems.d.ts","yes",
".\node_modules\workbox-build\node_modules\ajv\dist\vocabularies\validation\limitLength.d.ts","yes",
".\node_modules\workbox-build\node_modules\ajv\dist\vocabularies\validation\limitNumber.d.ts","yes",
".\node_modules\workbox-build\node_modules\ajv\dist\vocabularies\validation\limitProperties.d.ts","yes",
".\node_modules\workbox-build\node_modules\ajv\dist\vocabularies\validation\multipleOf.d.ts","yes",
".\node_modules\workbox-build\node_modules\ajv\dist\vocabularies\validation\pattern.d.ts","yes",
".\node_modules\workbox-build\node_modules\ajv\dist\vocabularies\validation\required.d.ts","yes",
".\node_modules\workbox-build\node_modules\ajv\dist\vocabularies\validation\uniqueItems.d.ts","yes",
".\node_modules\workbox-build\node_modules\ajv\dist\vocabularies\code.d.ts","no",
".\node_modules\workbox-build\node_modules\ajv\dist\vocabularies\draft2020.d.ts","yes",
".\node_modules\workbox-build\node_modules\ajv\dist\vocabularies\draft7.d.ts","yes",
".\node_modules\workbox-build\node_modules\ajv\dist\vocabularies\errors.d.ts","no",
".\node_modules\workbox-build\node_modules\ajv\dist\vocabularies\metadata.d.ts","no",
".\node_modules\workbox-build\node_modules\ajv\dist\vocabularies\next.d.ts","yes",
".\node_modules\workbox-build\node_modules\ajv\lib\compile\codegen\code.ts","no",
".\node_modules\workbox-build\node_modules\ajv\lib\compile\codegen\index.ts","no",
".\node_modules\workbox-build\node_modules\ajv\lib\compile\codegen\scope.ts","no",
".\node_modules\workbox-build\node_modules\ajv\lib\compile\jtd\parse.ts","yes",
".\node_modules\workbox-build\node_modules\ajv\lib\compile\jtd\serialize.ts","yes",
".\node_modules\workbox-build\node_modules\ajv\lib\compile\jtd\types.ts","no",
".\node_modules\workbox-build\node_modules\ajv\lib\compile\validate\applicability.ts","no",
".\node_modules\workbox-build\node_modules\ajv\lib\compile\validate\boolSchema.ts","no",
".\node_modules\workbox-build\node_modules\ajv\lib\compile\validate\dataType.ts","no",
".\node_modules\workbox-build\node_modules\ajv\lib\compile\validate\defaults.ts","no",
".\node_modules\workbox-build\node_modules\ajv\lib\compile\validate\index.ts","no",
".\node_modules\workbox-build\node_modules\ajv\lib\compile\validate\keyword.ts","no",
".\node_modules\workbox-build\node_modules\ajv\lib\compile\validate\subschema.ts","no",
".\node_modules\workbox-build\node_modules\ajv\lib\compile\errors.ts","no",
".\node_modules\workbox-build\node_modules\ajv\lib\compile\index.ts","no",
".\node_modules\workbox-build\node_modules\ajv\lib\compile\names.ts","yes",
".\node_modules\workbox-build\node_modules\ajv\lib\compile\ref_error.ts","yes",
".\node_modules\workbox-build\node_modules\ajv\lib\compile\resolve.ts","no",
".\node_modules\workbox-build\node_modules\ajv\lib\compile\rules.ts","no",
".\node_modules\workbox-build\node_modules\ajv\lib\compile\util.ts","no",
".\node_modules\workbox-build\node_modules\ajv\lib\refs\json-schema-2019-09\index.ts","yes",
".\node_modules\workbox-build\node_modules\ajv\lib\refs\json-schema-2020-12\index.ts","yes",
".\node_modules\workbox-build\node_modules\ajv\lib\refs\jtd-schema.ts","yes",
".\node_modules\workbox-build\node_modules\ajv\lib\runtime\equal.ts","yes",
".\node_modules\workbox-build\node_modules\ajv\lib\runtime\parseJson.ts","no",
".\node_modules\workbox-build\node_modules\ajv\lib\runtime\quote.ts","yes",
".\node_modules\workbox-build\node_modules\ajv\lib\runtime\re2.ts","yes",
".\node_modules\workbox-build\node_modules\ajv\lib\runtime\timestamp.ts","yes",
".\node_modules\workbox-build\node_modules\ajv\lib\runtime\ucs2length.ts","yes",
".\node_modules\workbox-build\node_modules\ajv\lib\runtime\uri.ts","yes",
".\node_modules\workbox-build\node_modules\ajv\lib\runtime\validation_error.ts","yes",
".\node_modules\workbox-build\node_modules\ajv\lib\standalone\index.ts","yes",
".\node_modules\workbox-build\node_modules\ajv\lib\standalone\instance.ts","yes",
".\node_modules\workbox-build\node_modules\ajv\lib\types\index.ts","no",
".\node_modules\workbox-build\node_modules\ajv\lib\types\json-schema.ts","no",
".\node_modules\workbox-build\node_modules\ajv\lib\types\jtd-schema.ts","no",
".\node_modules\workbox-build\node_modules\ajv\lib\vocabularies\applicator\additionalItems.ts","yes",
".\node_modules\workbox-build\node_modules\ajv\lib\vocabularies\applicator\additionalProperties.ts","yes",
".\node_modules\workbox-build\node_modules\ajv\lib\vocabularies\applicator\allOf.ts","yes",
".\node_modules\workbox-build\node_modules\ajv\lib\vocabularies\applicator\anyOf.ts","yes",
".\node_modules\workbox-build\node_modules\ajv\lib\vocabularies\applicator\contains.ts","yes",
".\node_modules\workbox-build\node_modules\ajv\lib\vocabularies\applicator\dependencies.ts","yes",
".\node_modules\workbox-build\node_modules\ajv\lib\vocabularies\applicator\dependentSchemas.ts","yes",
".\node_modules\workbox-build\node_modules\ajv\lib\vocabularies\applicator\if.ts","yes",
".\node_modules\workbox-build\node_modules\ajv\lib\vocabularies\applicator\index.ts","yes",
".\node_modules\workbox-build\node_modules\ajv\lib\vocabularies\applicator\items.ts","yes",
".\node_modules\workbox-build\node_modules\ajv\lib\vocabularies\applicator\items2020.ts","yes",
".\node_modules\workbox-build\node_modules\ajv\lib\vocabularies\applicator\not.ts","yes",
".\node_modules\workbox-build\node_modules\ajv\lib\vocabularies\applicator\oneOf.ts","yes",
".\node_modules\workbox-build\node_modules\ajv\lib\vocabularies\applicator\patternProperties.ts","yes",
".\node_modules\workbox-build\node_modules\ajv\lib\vocabularies\applicator\prefixItems.ts","yes",
".\node_modules\workbox-build\node_modules\ajv\lib\vocabularies\applicator\properties.ts","yes",
".\node_modules\workbox-build\node_modules\ajv\lib\vocabularies\applicator\propertyNames.ts","yes",
".\node_modules\workbox-build\node_modules\ajv\lib\vocabularies\applicator\thenElse.ts","yes",
".\node_modules\workbox-build\node_modules\ajv\lib\vocabularies\core\id.ts","yes",
".\node_modules\workbox-build\node_modules\ajv\lib\vocabularies\core\index.ts","yes",
".\node_modules\workbox-build\node_modules\ajv\lib\vocabularies\core\ref.ts","yes",
".\node_modules\workbox-build\node_modules\ajv\lib\vocabularies\discriminator\index.ts","yes",
".\node_modules\workbox-build\node_modules\ajv\lib\vocabularies\discriminator\types.ts","no",
".\node_modules\workbox-build\node_modules\ajv\lib\vocabularies\dynamic\dynamicAnchor.ts","yes",
".\node_modules\workbox-build\node_modules\ajv\lib\vocabularies\dynamic\dynamicRef.ts","yes",
".\node_modules\workbox-build\node_modules\ajv\lib\vocabularies\dynamic\index.ts","yes",
".\node_modules\workbox-build\node_modules\ajv\lib\vocabularies\dynamic\recursiveAnchor.ts","yes",
".\node_modules\workbox-build\node_modules\ajv\lib\vocabularies\dynamic\recursiveRef.ts","yes",
".\node_modules\workbox-build\node_modules\ajv\lib\vocabularies\format\format.ts","yes",
".\node_modules\workbox-build\node_modules\ajv\lib\vocabularies\format\index.ts","yes",
".\node_modules\workbox-build\node_modules\ajv\lib\vocabularies\jtd\discriminator.ts","yes",
".\node_modules\workbox-build\node_modules\ajv\lib\vocabularies\jtd\elements.ts","yes",
".\node_modules\workbox-build\node_modules\ajv\lib\vocabularies\jtd\enum.ts","yes",
".\node_modules\workbox-build\node_modules\ajv\lib\vocabularies\jtd\error.ts","no",
".\node_modules\workbox-build\node_modules\ajv\lib\vocabularies\jtd\index.ts","yes",
".\node_modules\workbox-build\node_modules\ajv\lib\vocabularies\jtd\metadata.ts","yes",
".\node_modules\workbox-build\node_modules\ajv\lib\vocabularies\jtd\nullable.ts","no",
".\node_modules\workbox-build\node_modules\ajv\lib\vocabularies\jtd\optionalProperties.ts","yes",
".\node_modules\workbox-build\node_modules\ajv\lib\vocabularies\jtd\properties.ts","yes",
".\node_modules\workbox-build\node_modules\ajv\lib\vocabularies\jtd\ref.ts","yes",
".\node_modules\workbox-build\node_modules\ajv\lib\vocabularies\jtd\type.ts","yes",
".\node_modules\workbox-build\node_modules\ajv\lib\vocabularies\jtd\union.ts","yes",
".\node_modules\workbox-build\node_modules\ajv\lib\vocabularies\jtd\values.ts","yes",
".\node_modules\workbox-build\node_modules\ajv\lib\vocabularies\unevaluated\index.ts","yes",
".\node_modules\workbox-build\node_modules\ajv\lib\vocabularies\unevaluated\unevaluatedItems.ts","yes",
".\node_modules\workbox-build\node_modules\ajv\lib\vocabularies\unevaluated\unevaluatedProperties.ts","yes",
".\node_modules\workbox-build\node_modules\ajv\lib\vocabularies\validation\const.ts","yes",
".\node_modules\workbox-build\node_modules\ajv\lib\vocabularies\validation\dependentRequired.ts","yes",
".\node_modules\workbox-build\node_modules\ajv\lib\vocabularies\validation\enum.ts","yes",
".\node_modules\workbox-build\node_modules\ajv\lib\vocabularies\validation\index.ts","yes",
".\node_modules\workbox-build\node_modules\ajv\lib\vocabularies\validation\limitContains.ts","yes",
".\node_modules\workbox-build\node_modules\ajv\lib\vocabularies\validation\limitItems.ts","yes",
".\node_modules\workbox-build\node_modules\ajv\lib\vocabularies\validation\limitLength.ts","yes",
".\node_modules\workbox-build\node_modules\ajv\lib\vocabularies\validation\limitNumber.ts","yes",
".\node_modules\workbox-build\node_modules\ajv\lib\vocabularies\validation\limitProperties.ts","yes",
".\node_modules\workbox-build\node_modules\ajv\lib\vocabularies\validation\multipleOf.ts","yes",
".\node_modules\workbox-build\node_modules\ajv\lib\vocabularies\validation\pattern.ts","yes",
".\node_modules\workbox-build\node_modules\ajv\lib\vocabularies\validation\required.ts","yes",
".\node_modules\workbox-build\node_modules\ajv\lib\vocabularies\validation\uniqueItems.ts","yes",
".\node_modules\workbox-build\node_modules\ajv\lib\vocabularies\code.ts","no",
".\node_modules\workbox-build\node_modules\ajv\lib\vocabularies\draft2020.ts","yes",
".\node_modules\workbox-build\node_modules\ajv\lib\vocabularies\draft7.ts","yes",
".\node_modules\workbox-build\node_modules\ajv\lib\vocabularies\errors.ts","no",
".\node_modules\workbox-build\node_modules\ajv\lib\vocabularies\metadata.ts","no",
".\node_modules\workbox-build\node_modules\ajv\lib\vocabularies\next.ts","yes",
".\node_modules\zod\src\v4\classic\tests\anyunknown.test.ts","no",
".\node_modules\zod\src\v4\classic\tests\array.test.ts","no",
".\node_modules\zod\src\v4\classic\tests\assignability.test.ts","no",
".\node_modules\zod\src\v4\classic\tests\async-parsing.test.ts","no",
".\node_modules\zod\src\v4\classic\tests\async-refinements.test.ts","no",
".\node_modules\zod\src\v4\classic\tests\base.test.ts","no",
".\node_modules\zod\src\v4\classic\tests\bigint.test.ts","no",
".\node_modules\zod\src\v4\classic\tests\brand.test.ts","no",
".\node_modules\zod\src\v4\classic\tests\catch.test.ts","no",
".\node_modules\zod\src\v4\classic\tests\coalesce.test.ts","no",
".\node_modules\zod\src\v4\classic\tests\coerce.test.ts","no",
".\node_modules\zod\src\v4\classic\tests\continuability.test.ts","no",
".\node_modules\zod\src\v4\classic\tests\custom.test.ts","no",
".\node_modules\zod\src\v4\classic\tests\date.test.ts","no",
".\node_modules\zod\src\v4\classic\tests\datetime.test.ts","no",
".\node_modules\zod\src\v4\classic\tests\default.test.ts","no",
".\node_modules\zod\src\v4\classic\tests\description.test.ts","no",
".\node_modules\zod\src\v4\classic\tests\discriminated-unions.test.ts","no",
".\node_modules\zod\src\v4\classic\tests\enum.test.ts","no",
".\node_modules\zod\src\v4\classic\tests\error-utils.test.ts","no",
".\node_modules\zod\src\v4\classic\tests\error.test.ts","no",
".\node_modules\zod\src\v4\classic\tests\file.test.ts","no",
".\node_modules\zod\src\v4\classic\tests\firstparty.test.ts","no",
".\node_modules\zod\src\v4\classic\tests\function.test.ts","no",
".\node_modules\zod\src\v4\classic\tests\generics.test.ts","no",
".\node_modules\zod\src\v4\classic\tests\index.test.ts","no",
".\node_modules\zod\src\v4\classic\tests\instanceof.test.ts","no",
".\node_modules\zod\src\v4\classic\tests\intersection.test.ts","no",
".\node_modules\zod\src\v4\classic\tests\json.test.ts","no",
".\node_modules\zod\src\v4\classic\tests\lazy.test.ts","no",
".\node_modules\zod\src\v4\classic\tests\literal.test.ts","no",
".\node_modules\zod\src\v4\classic\tests\map.test.ts","no",
".\node_modules\zod\src\v4\classic\tests\nan.test.ts","no",
".\node_modules\zod\src\v4\classic\tests\nested-refine.test.ts","no",
".\node_modules\zod\src\v4\classic\tests\nonoptional.test.ts","no",
".\node_modules\zod\src\v4\classic\tests\nullable.test.ts","no",
".\node_modules\zod\src\v4\classic\tests\number.test.ts","no",
".\node_modules\zod\src\v4\classic\tests\object.test.ts","no",
".\node_modules\zod\src\v4\classic\tests\optional.test.ts","no",
".\node_modules\zod\src\v4\classic\tests\partial.test.ts","no",
".\node_modules\zod\src\v4\classic\tests\pickomit.test.ts","no",
".\node_modules\zod\src\v4\classic\tests\pipe.test.ts","no",
".\node_modules\zod\src\v4\classic\tests\prefault.test.ts","no",
".\node_modules\zod\src\v4\classic\tests\preprocess.test.ts","no",
".\node_modules\zod\src\v4\classic\tests\primitive.test.ts","no",
".\node_modules\zod\src\v4\classic\tests\promise.test.ts","no",
".\node_modules\zod\src\v4\classic\tests\prototypes.test.ts","no",
".\node_modules\zod\src\v4\classic\tests\readonly.test.ts","no",
".\node_modules\zod\src\v4\classic\tests\record.test.ts","no",
".\node_modules\zod\src\v4\classic\tests\recursive-types.test.ts","no",
".\node_modules\zod\src\v4\classic\tests\refine.test.ts","no",
".\node_modules\zod\src\v4\classic\tests\registries.test.ts","no",
".\node_modules\zod\src\v4\classic\tests\set.test.ts","no",
".\node_modules\zod\src\v4\classic\tests\standard-schema.test.ts","no",
".\node_modules\zod\src\v4\classic\tests\string-formats.test.ts","no",
".\node_modules\zod\src\v4\classic\tests\string.test.ts","no",
".\node_modules\zod\src\v4\classic\tests\stringbool.test.ts","no",
".\node_modules\zod\src\v4\classic\tests\template-literal.test.ts","no",
".\node_modules\zod\src\v4\classic\tests\to-json-schema.test.ts","no",
".\node_modules\zod\src\v4\classic\tests\transform.test.ts","no",
".\node_modules\zod\src\v4\classic\tests\tuple.test.ts","no",
".\node_modules\zod\src\v4\classic\tests\union.test.ts","no",
".\node_modules\zod\src\v4\classic\tests\validations.test.ts","no",
".\node_modules\zod\src\v4\classic\tests\void.test.ts","no",
".\node_modules\zod\src\v4\core\tests\locales\be.test.ts","no",
".\node_modules\zod\src\v4\core\tests\locales\en.test.ts","no",
".\node_modules\zod\src\v4\core\tests\locales\ru.test.ts","no",
".\node_modules\zod\src\v4\core\tests\locales\tr.test.ts","no",
".\node_modules\zod\src\v4\core\tests\index.test.ts","no",
".\node_modules\zod\src\v4\mini\tests\assignability.test.ts","no",
".\node_modules\zod\src\v4\mini\tests\brand.test.ts","no",
".\node_modules\zod\src\v4\mini\tests\checks.test.ts","no",
".\node_modules\zod\src\v4\mini\tests\computed.test.ts","no",
".\node_modules\zod\src\v4\mini\tests\error.test.ts","no",
".\node_modules\zod\src\v4\mini\tests\functions.test.ts","no",
".\node_modules\zod\src\v4\mini\tests\index.test.ts","no",
".\node_modules\zod\src\v4\mini\tests\number.test.ts","no",
".\node_modules\zod\src\v4\mini\tests\object.test.ts","no",
".\node_modules\zod\src\v4\mini\tests\prototypes.test.ts","no",
".\node_modules\zod\src\v4\mini\tests\recursive-types.test.ts","no",
".\node_modules\zod\src\v4\mini\tests\string.test.ts","no",
".\src\api\products\[id].ts","no",
".\src\api\products.ts","yes",
".\src\api\types.ts","no",
".\src\backup_20250906_221723\.ts","no",
".\src\backup_20250906_221723\adminApi.ts","yes",
".\src\backup_20250906_221723\aiAnalysisService.ts","yes",
".\src\backup_20250906_221723\aiService.ts","yes",
".\src\backup_20250906_221723\alternativesService.ts","no",
".\src\backup_20250906_221723\analysisService.ts","yes",
".\src\backup_20250906_221723\analyticsService.ts","yes",
".\src\backup_20250906_221723\api.ts","yes",
".\src\backup_20250906_221723\ApiAdapter.ts","no",
".\src\backup_20250906_221723\apiClient.ts","yes",
".\src\backup_20250906_221723\authService.ts","yes",
".\src\backup_20250906_221723\chatService.ts","yes",
".\src\backup_20250906_221723\cloudinaryService.ts","yes",
".\src\backup_20250906_221723\configService.ts","yes",
".\src\backup_20250906_221723\dashboardService.ts","yes",
".\src\backup_20250906_221723\demoMode.ts","yes",
".\src\backup_20250906_221723\demoService.ts","yes",
".\src\backup_20250906_221723\EmailService.ts","no",
".\src\backup_20250906_221723\emailValidationService.ts","yes",
".\src\backup_20250906_221723\env.ts","no",
".\src\backup_20250906_221723\errorHandling.ts","no",
".\src\backup_20250906_221723\exportService.ts","no",
".\src\backup_20250906_221723\fallbackService.ts","yes",
".\src\backup_20250906_221723\favoritesService.ts","no",
".\src\backup_20250906_221723\historyService.ts","yes",
".\src\backup_20250906_221723\historySyncService.ts","no",
".\src\backup_20250906_221723\index.ts","yes",
".\src\backup_20250906_221723\mockService.ts","yes",
".\src\backup_20250906_221723\multiCategoryApi.ts","yes",
".\src\backup_20250906_221723\notificationService.ts","no",
".\src\backup_20250906_221723\novaAdapter.ts","no",
".\src\backup_20250906_221723\ocrService.ts","yes",
".\src\backup_20250906_221723\offlineService.ts","no",
".\src\backup_20250906_221723\paymentService.ts","yes",
".\src\backup_20250906_221723\productService.ts","yes",
".\src\backup_20250906_221723\quotaService.ts","yes",
".\src\backup_20250906_221723\scanService.ts","no",
".\src\backup_20250906_221723\searchService.ts","yes",
".\src\backup_20250906_221723\UserAnalytics.ts","yes",
".\src\backup_20250906_221723\userService.ts","no",
".\src\backup_20250906_221723\visionService.ts","no",
".\src\chat\DeepSeekChat.tsx","no",
".\src\chat\UpgradeModal.tsx","no",
".\src\components\Admin\ImportProgress.tsx","no",
".\src\components\Admin\LogViewer.tsx","no",
".\src\components\Admin\ProductTable.tsx","no",
".\src\components\Admin\StatsCard.tsx","no",
".\src\components\analysis\AIChat.tsx","no",
".\src\components\analysis\AlternativesList.tsx","no",
".\src\components\analysis\AlternativesSuggestions.tsx","no",
".\src\components\analysis\CosmeticAnalysisDisplay.tsx","yes",
".\src\components\analysis\CosmeticsAnalyzer.ts","no",
".\src\components\analysis\index.ts","no",
".\src\components\analysis\NovaAlert.tsx","no",
".\src\components\analysis\ProgressiveAnalysis.tsx","no",
".\src\components\analysis\QuickStatsWidget.tsx","no",
".\src\components\analysis\RiskCard.tsx","no",
".\src\components\analysis\ScientificScore.tsx","no",
".\src\components\analysis\ScoreDisplay.tsx","no",
".\src\components\analysis\ScoreGauge.tsx","no",
".\src\components\analysis\ScoreGaugeEnhanced.tsx","no",
".\src\components\analysis\UnifiedAnalysisResult.tsx","no",
".\src\components\chat\ChatBubble.tsx","no",
".\src\components\chat\ChatWidget.tsx","no",
".\src\components\common\Badge.tsx","no",
".\src\components\common\Button.tsx","no",
".\src\components\common\LoadingSpinner.tsx","no",
".\src\components\dashboard\CommunityComparison.tsx","no",
".\src\components\dashboard\DailyAnalysesChart.tsx","no",
".\src\components\dashboard\RecommendationsSection.tsx","no",
".\src\components\dashboard\StatsCard.tsx","no",
".\src\components\dashboard\TrendSparkline.tsx","no",
".\src\components\dashboard\WeeklySummary.tsx","no",
".\src\components\gdpr\ConsentManager.tsx","no",
".\src\components\layout\Layout.tsx","no",
".\src\components\payments\CheckoutButton.tsx","no",
".\src\components\premium\PremiumModal.tsx","no",
".\src\components\product\AdditivesList.tsx","no",
".\src\components\product\AllergensPanel.tsx","no",
".\src\components\product\EnvImpact.tsx","no",
".\src\components\product\NutrientRow.tsx","no",
".\src\components\product\ProductIngredientsSection.tsx","no",
".\src\components\product\ScoreBadge.tsx","no",
".\src\components\product\SectionCard.tsx","no",
".\src\components\profile\PreferencesTab.tsx","no",
".\src\components\quota\QuotaAlert.tsx","no",
".\src\components\quota\QuotaBanner.tsx","no",
".\src\components\quota\QuotaBar.tsx","no",
".\src\components\scanner\__tests__\BarcodeScanner.spec.tsx","no",
".\src\components\scanner\BarcodeScanner.tsx","yes",
".\src\components\scanner\BarcodeScannerEnhanced.tsx","no",
".\src\components\scanner\CategoryAutoDetector.tsx","no",
".\src\components\scanner\EnhancedBarcodeScanner.tsx","no",
".\src\components\scanner\ManualInput.tsx","no",
".\src\components\scanner\ManualSearch.tsx","no",
".\src\components\scanner\PhotoCapture.tsx","no",
".\src\components\search\FiltersPanel.tsx","no",
".\src\components\search\SearchBar.tsx","no",
".\src\components\search\SearchExperience.tsx","no",
".\src\components\ui\LoadingStates.tsx","no",
".\src\components\upgrade\SmartUpgradeModal.tsx","no",
".\src\components\.tsx","no",
".\src\components\AdvancedFilters.tsx","no",
".\src\components\AffiliateButton.tsx","no",
".\src\components\AlgoliaProductCard.tsx","no",
".\src\components\AnalysisResultCard.tsx","no",
".\src\components\CategoryCard.tsx","no",
".\src\components\CategoryFilter.tsx","no",
".\src\components\CategoryNavigation.tsx","no",
".\src\components\CategorySelector.tsx","no",
".\src\components\ConfidenceBadge.tsx","no",
".\src\components\CookieBanner.tsx","no",
".\src\components\CriteriaList.tsx","no",
".\src\components\DomainBadges.tsx","no",
".\src\components\EcoScoreBadge.tsx","no",
".\src\components\EmailVerificationBanner.tsx","no",
".\src\components\EnvironmentScore.tsx","no",
".\src\components\ErrorBoundary.tsx","no",
".\src\components\ErrorMessage.tsx","no",
".\src\components\EthicalScoreBadge.tsx","no",
".\src\components\Footer.tsx","no",
".\src\components\HealthScoreCircle.tsx","no",
".\src\components\LanguageSelector.tsx","no",
".\src\components\Layout.tsx","no",
".\src\components\MockTestPanel.tsx","no",
".\src\components\Navbar.tsx","no",
".\src\components\NoResultsFound.tsx","no",
".\src\components\NotificationContainer.tsx","no",
".\src\components\NovaBadge.tsx","no",
".\src\components\NovaDetails.tsx","no",
".\src\components\NovaResults.tsx","no",
".\src\components\OCRPanel.tsx","no",
".\src\components\OCRUpload.tsx","no",
".\src\components\OfflineIndicator.tsx","no",
".\src\components\PartnerLinks.tsx","no",
".\src\components\PhotoAnalyzerEnhanced.tsx","no",
".\src\components\PhotoCapture.tsx","no",
".\src\components\PremiumCTA.tsx","no",
".\src\components\PremiumUpgradeModal.tsx","no",
".\src\components\PrivateRoute.tsx","no",
".\src\components\ProductCard.tsx","no",
".\src\components\ProductCardSkeleton.tsx","no",
".\src\components\ProductDetail.tsx","no",
".\src\components\ProductHit.tsx","no",
".\src\components\ProtectedRoute.tsx","no",
".\src\components\PWAInstallBanner.tsx","no",
".\src\components\ResultCard.tsx","no",
".\src\components\ScanFloatingButton.tsx","no",
".\src\components\ScannerChoice.tsx","no",
".\src\components\ScoreChip.tsx","no",
".\src\components\SEOHead.tsx","no",
".\src\components\SimilarProductsCarousel.tsx","no",
".\src\components\TranslatedContent.tsx","no",
".\src\components\UltraProcessingPanel.tsx","no",
".\src\components\UltraTransformResults.tsx","no",
".\src\config\api.config.ts","no",
".\src\config\constants.ts","no",
".\src\config\featureFlags.ts","no",
".\src\config\mock.config.ts","no",
".\src\Contexts\AuthContext.tsx","no",
".\src\cosmetics\CertificationBadges.tsx","no",
".\src\cosmetics\IngredientsList.tsx","no",
".\src\data\ingredientsKnowledge.ts","no",
".\src\data\mockData.ts","no",
".\src\data\mockProducts.ts","no",
".\src\dev\devTools.ts","no",
".\src\hooks\index.ts","no",
".\src\hooks\use-debounce.ts","no",
".\src\hooks\use-toast.ts","no",
".\src\hooks\useAdmin.ts","yes",
".\src\hooks\useAIChat.ts","no",
".\src\hooks\useAnalysis.ts","no",
".\src\hooks\useCamera.ts","no",
".\src\hooks\useChat.ts","no",
".\src\hooks\useDebounce.ts","no",
".\src\hooks\useEmailValidation.ts","no",
".\src\hooks\useFavorites.ts","no",
".\src\hooks\useHistory.ts","no",
".\src\hooks\useIngredientsEnrichment.ts","no",
".\src\hooks\useIntersectionObserver.ts","no",
".\src\hooks\useNotifications.ts","no",
".\src\hooks\useNovaApi.ts","yes",
".\src\hooks\useOfflineStatus.ts","no",
".\src\hooks\useProductAnalysis.ts","no",
".\src\hooks\useProductCache.ts","yes",
".\src\hooks\usePWA.ts","no",
".\src\hooks\useQuerySync.ts","no",
".\src\hooks\useQuota.ts","no",
".\src\hooks\useScanner.ts","no",
".\src\hooks\useSEO.ts","no",
".\src\hooks\useSimilarProducts.ts","yes",
".\src\hooks\useUniversalSearch.ts","yes",
".\src\hooks\useUserAnalytics.ts","yes",
".\src\i18n\locales\en.ts","no",
".\src\i18n\locales\fr.ts","yes",
".\src\i18n\config.ts","yes",
".\src\i18n\index.ts","yes",
".\src\lib\api\analysis.ts","no",
".\src\lib\algolia.ts","yes",
".\src\lib\api.ts","no",
".\src\monitoring\sentry.ts","yes",
".\src\pages\payments\PricingPage.tsx","no",
".\src\pages\AboutPage.tsx","no",
".\src\pages\AdminDashboard.tsx","no",
".\src\pages\AiPreferencesPage.tsx","no",
".\src\pages\AnalysisDevPage.tsx","no",
".\src\pages\CategoryPage.tsx","no",
".\src\pages\ChatPage.tsx","no",
".\src\pages\ComparePage.tsx","no",
".\src\pages\CosmeticAnalysisPage.tsx","no",
".\src\pages\DashboardPage.tsx","no",
".\src\pages\DetergentAnalysisPage.tsx","no",
".\src\pages\DiagnosticPage.tsx","no",
".\src\pages\EmailVerificationPage.tsx","no",
".\src\pages\FavoritesPage.tsx","no",
".\src\pages\HistoryPage.tsx","no",
".\src\pages\HomePage.tsx","no",
".\src\pages\LegalPage.tsx","no",
".\src\pages\LoginPage.tsx","no",
".\src\pages\ManualAnalysisPage.tsx","no",
".\src\pages\MultiCategoriesPage.tsx","no",
".\src\pages\MultiScanPage.tsx","no",
".\src\pages\OCRPage.tsx","no",
".\src\pages\OnboardingPage.tsx","no",
".\src\pages\PremiumPage.tsx","no",
".\src\pages\PricingPage.tsx","no",
".\src\pages\PrivacyPage.tsx","no",
".\src\pages\ProductDetailPage.tsx","no",
".\src\pages\ProductNotFoundPage.tsx","no",
".\src\pages\ProductPage.tsx","no",
".\src\pages\ProfilePage.tsx","no",
".\src\pages\RegisterPage.tsx","no",
".\src\pages\ResultPage.tsx","no",
".\src\pages\Results.tsx","no",
".\src\pages\ResultsPage.tsx","no",
".\src\pages\ResultsPageIntegrated.tsx","no",
".\src\pages\ScannerChoicePage.tsx","no",
".\src\pages\ScanPage.tsx","no",
".\src\pages\ScanPageIntegrated.tsx","no",
".\src\pages\SearchPage.bak_m8_unify.tsx","no",
".\src\pages\SearchPage.tsx","no",
".\src\pages\SettingsPage.tsx","no",
".\src\pages\TermsPage.tsx","no",
".\src\pages\TestPage.tsx","no",
".\src\pages\UnifiedResultsPage.tsx","no",
".\src\pages\UniversalSearchPage.tsx","no",
".\src\pages\UniversalSearchService.ts","yes",
".\src\router\AppRouter.tsx","no",
".\src\services\ai\AIAnalysisService.ts","no",
".\src\services\ai\DeepSeekChat.tsx","no",
".\src\services\ai\DeepSeekClient.ts","no",
".\src\services\ai\DeepSeekECOLOJIAService.ts","no",
".\src\services\ai\novaClassifier.ts","yes",
".\src\services\ai\ultraTransformService.ts","yes",
".\src\services\algolia\client.ts","yes",
".\src\services\api\ApiAdapter.ts","no",
".\src\services\chat\ChatService.ts","yes",
".\src\services\search\EnhancedSearchInterface.tsx","no",
".\src\services\search\UniversalSearchService.ts","yes",
".\src\services\security\SecureProxyService.ts","no",
".\src\services\__tests__\analysisService.spec.ts","no",
".\src\services\.ts","no",
".\src\services\adminApi.ts","yes",
".\src\services\aiAnalysisService.ts","yes",
".\src\services\aiService.ts","yes",
".\src\services\alternativesService.ts","no",
".\src\services\analysisService.ts","yes",
".\src\services\analyticsService.ts","yes",
".\src\services\api.ts","no",
".\src\services\ApiAdapter.ts","no",
".\src\services\apiClient.ts","yes",
".\src\services\apiEnhanced.ts","no",
".\src\services\apiIntegrated.ts","no",
".\src\services\authService.ts","yes",
".\src\services\chatService.ts","yes",
".\src\services\cloudinaryService.ts","yes",
".\src\services\configService.ts","yes",
".\src\services\dashboardService.ts","yes",
".\src\services\demoMode.ts","yes",
".\src\services\demoService.ts","yes",
".\src\services\EmailService.ts","no",
".\src\services\emailValidationService.ts","yes",
".\src\services\errorHandling.ts","no",
".\src\services\exportService.ts","no",
".\src\services\fallbackService.ts","yes",
".\src\services\favoritesService.ts","no",
".\src\services\historyService.ts","yes",
".\src\services\historySyncService.ts","no",
".\src\services\index.ts","yes",
".\src\services\multiCategoryApi.ts","yes",
".\src\services\notificationService.ts","no",
".\src\services\novaAdapter.ts","no",
".\src\services\ocrService.ts","yes",
".\src\services\offlineService.ts","no",
".\src\services\paymentService.ts","yes",
".\src\services\productSaveService.ts","no",
".\src\services\productService.ts","yes",
".\src\services\quotaService.ts","yes",
".\src\services\scanService.ts","no",
".\src\services\searchService.ts","yes",
".\src\services\UserAnalytics.ts","yes",
".\src\services\userService.ts","no",
".\src\services\visionService.ts","no",
".\src\store\productStore.ts","no",
".\src\types\admin.ts","no",
".\src\types\api.ts","no",
".\src\types\categories.ts","no",
".\src\types\chat.types.ts","no",
".\src\types\index.ts","no",
".\src\types\mockData.ts","no",
".\src\types\quagga.d.ts","yes",
".\src\types\quagga2.d.ts","yes",
".\src\types\search.ts","no",
".\src\types\user.ts","no",
".\src\utils\algoliaAdapter.ts","no",
".\src\utils\bugFixes.ts","no",
".\src\utils\checkPremium.ts","no",
".\src\utils\domain.ts","no",
".\src\utils\keepAlive.ts","no",
".\src\utils\localScoring.ts","no",
".\src\utils\normalizeAlgoliaProduct.ts","no",
".\src\utils\performance.ts","no",
".\src\utils\scannerControl.ts","no",
".\src\utils\scores.ts","no",
".\src\utils\setupMocks.ts","no",
".\src\utils\textParsing.ts","no",
".\src\__mocks__\quagga2.ts","yes",
".\src\App.complex.tsx","no",
".\src\App.minimal.tsx","no",
".\src\App.tsx","yes",
".\src\AppCopie.tsx","no",
".\src\env.ts","no",
".\src\i18n.ts","yes",
".\src\main.tsx","no",
".\src\sw-register.ts","no",
".\src\vite-env.d.ts","no",
".\tests\e2e\scan-manual.spec.ts","no",
".\tests\testAllFeatures.ts","yes",
".\playwright.config.ts","yes",
".\vite.config.ts","yes",
".\vitest.config.ts","yes",
".\vitest.setup.ts","no",
".\node_modules\@algolia\cache-browser-local-storage\dist\cache-browser-local-storage.d.ts","no",
".\node_modules\@algolia\cache-common\dist\cache-common.d.ts","no",
".\node_modules\@algolia\cache-in-memory\dist\cache-in-memory.d.ts","no",
".\node_modules\@algolia\client-account\dist\client-account.d.ts","no",
".\node_modules\@algolia\client-analytics\dist\client-analytics.d.ts","no",
".\node_modules\@algolia\client-common\dist\client-common.d.ts","no",
".\node_modules\@algolia\client-personalization\dist\client-personalization.d.ts","no",
".\node_modules\@algolia\client-search\dist\client-search.d.ts","no",
".\node_modules\@algolia\logger-common\dist\logger-common.d.ts","no",
".\node_modules\@algolia\logger-console\dist\logger-console.d.ts","no",
".\node_modules\@algolia\recommend\dist\recommend.d.ts","yes",
".\node_modules\@algolia\recommend\index.d.ts","no",
".\node_modules\@algolia\requester-browser-xhr\dist\requester-browser-xhr.d.ts","no",
".\node_modules\@algolia\requester-common\dist\requester-common.d.ts","no",
".\node_modules\@algolia\requester-node-http\dist\requester-node-http.d.ts","no",
".\node_modules\@algolia\transporter\dist\transporter.d.ts","no",
".\node_modules\@babel\core\src\config\files\index-browser.ts","no",
".\node_modules\@babel\core\src\config\files\index.ts","no",
".\node_modules\@babel\core\src\config\resolve-targets-browser.ts","no",
".\node_modules\@babel\core\src\config\resolve-targets.ts","no",
".\node_modules\@babel\core\src\transform-file-browser.ts","no",
".\node_modules\@babel\core\src\transform-file.ts","no",
".\node_modules\@babel\parser\typings\babel-parser.d.ts","no",
".\node_modules\@babel\types\lib\index-legacy.d.ts","no",
".\node_modules\@babel\types\lib\index.d.ts","no",
".\node_modules\@colors\colors\index.d.ts","no",
".\node_modules\@colors\colors\safe.d.ts","no",
".\node_modules\@google-cloud\promisify\build\src\index.d.ts","no",
".\node_modules\@google-cloud\vision\build\protos\protos.d.ts","no",
".\node_modules\@google-cloud\vision\build\src\v1\image_annotator_client.d.ts","no",
".\node_modules\@google-cloud\vision\build\src\v1\index.d.ts","no",
".\node_modules\@google-cloud\vision\build\src\v1\product_search_client.d.ts","no",
".\node_modules\@google-cloud\vision\build\src\v1p1beta1\image_annotator_client.d.ts","no",
".\node_modules\@google-cloud\vision\build\src\v1p1beta1\index.d.ts","no",
".\node_modules\@google-cloud\vision\build\src\v1p2beta1\image_annotator_client.d.ts","no",
".\node_modules\@google-cloud\vision\build\src\v1p2beta1\index.d.ts","no",
".\node_modules\@google-cloud\vision\build\src\v1p3beta1\image_annotator_client.d.ts","no",
".\node_modules\@google-cloud\vision\build\src\v1p3beta1\index.d.ts","no",
".\node_modules\@google-cloud\vision\build\src\v1p3beta1\product_search_client.d.ts","no",
".\node_modules\@google-cloud\vision\build\src\v1p4beta1\image_annotator_client.d.ts","no",
".\node_modules\@google-cloud\vision\build\src\v1p4beta1\index.d.ts","no",
".\node_modules\@google-cloud\vision\build\src\v1p4beta1\product_search_client.d.ts","no",
".\node_modules\@google-cloud\vision\build\src\helpers.d.ts","no",
".\node_modules\@google-cloud\vision\build\src\index.d.ts","yes",
".\node_modules\@grpc\grpc-js\build\src\generated\google\protobuf\Any.d.ts","no",
".\node_modules\@grpc\grpc-js\build\src\generated\google\protobuf\BoolValue.d.ts","no",
".\node_modules\@grpc\grpc-js\build\src\generated\google\protobuf\BytesValue.d.ts","no",
".\node_modules\@grpc\grpc-js\build\src\generated\google\protobuf\DescriptorProto.d.ts","no",
".\node_modules\@grpc\grpc-js\build\src\generated\google\protobuf\DoubleValue.d.ts","no",
".\node_modules\@grpc\grpc-js\build\src\generated\google\protobuf\Duration.d.ts","no",
".\node_modules\@grpc\grpc-js\build\src\generated\google\protobuf\Edition.d.ts","no",
".\node_modules\@grpc\grpc-js\build\src\generated\google\protobuf\EnumDescriptorProto.d.ts","no",
".\node_modules\@grpc\grpc-js\build\src\generated\google\protobuf\EnumOptions.d.ts","no",
".\node_modules\@grpc\grpc-js\build\src\generated\google\protobuf\EnumValueDescriptorProto.d.ts","no",
".\node_modules\@grpc\grpc-js\build\src\generated\google\protobuf\EnumValueOptions.d.ts","no",
".\node_modules\@grpc\grpc-js\build\src\generated\google\protobuf\ExtensionRangeOptions.d.ts","no",
".\node_modules\@grpc\grpc-js\build\src\generated\google\protobuf\FeatureSet.d.ts","no",
".\node_modules\@grpc\grpc-js\build\src\generated\google\protobuf\FeatureSetDefaults.d.ts","no",
".\node_modules\@grpc\grpc-js\build\src\generated\google\protobuf\FieldDescriptorProto.d.ts","no",
".\node_modules\@grpc\grpc-js\build\src\generated\google\protobuf\FieldOptions.d.ts","no",
".\node_modules\@grpc\grpc-js\build\src\generated\google\protobuf\FileDescriptorProto.d.ts","no",
".\node_modules\@grpc\grpc-js\build\src\generated\google\protobuf\FileDescriptorSet.d.ts","no",
".\node_modules\@grpc\grpc-js\build\src\generated\google\protobuf\FileOptions.d.ts","no",
".\node_modules\@grpc\grpc-js\build\src\generated\google\protobuf\FloatValue.d.ts","no",
".\node_modules\@grpc\grpc-js\build\src\generated\google\protobuf\GeneratedCodeInfo.d.ts","no",
".\node_modules\@grpc\grpc-js\build\src\generated\google\protobuf\Int32Value.d.ts","no",
".\node_modules\@grpc\grpc-js\build\src\generated\google\protobuf\Int64Value.d.ts","no",
".\node_modules\@grpc\grpc-js\build\src\generated\google\protobuf\MessageOptions.d.ts","no",
".\node_modules\@grpc\grpc-js\build\src\generated\google\protobuf\MethodDescriptorProto.d.ts","no",
".\node_modules\@grpc\grpc-js\build\src\generated\google\protobuf\MethodOptions.d.ts","no",
".\node_modules\@grpc\grpc-js\build\src\generated\google\protobuf\OneofDescriptorProto.d.ts","no",
".\node_modules\@grpc\grpc-js\build\src\generated\google\protobuf\OneofOptions.d.ts","no",
".\node_modules\@grpc\grpc-js\build\src\generated\google\protobuf\ServiceDescriptorProto.d.ts","no",
".\node_modules\@grpc\grpc-js\build\src\generated\google\protobuf\ServiceOptions.d.ts","no",
".\node_modules\@grpc\grpc-js\build\src\generated\google\protobuf\SourceCodeInfo.d.ts","no",
".\node_modules\@grpc\grpc-js\build\src\generated\google\protobuf\StringValue.d.ts","no",
".\node_modules\@grpc\grpc-js\build\src\generated\google\protobuf\SymbolVisibility.d.ts","no",
".\node_modules\@grpc\grpc-js\build\src\generated\google\protobuf\Timestamp.d.ts","no",
".\node_modules\@grpc\grpc-js\build\src\generated\google\protobuf\UInt32Value.d.ts","no",
".\node_modules\@grpc\grpc-js\build\src\generated\google\protobuf\UInt64Value.d.ts","no",
".\node_modules\@grpc\grpc-js\build\src\generated\google\protobuf\UninterpretedOption.d.ts","no",
".\node_modules\@grpc\grpc-js\build\src\generated\grpc\channelz\v1\Address.d.ts","no",
".\node_modules\@grpc\grpc-js\build\src\generated\grpc\channelz\v1\Channel.d.ts","no",
".\node_modules\@grpc\grpc-js\build\src\generated\grpc\channelz\v1\ChannelConnectivityState.d.ts","no",
".\node_modules\@grpc\grpc-js\build\src\generated\grpc\channelz\v1\ChannelData.d.ts","no",
".\node_modules\@grpc\grpc-js\build\src\generated\grpc\channelz\v1\ChannelRef.d.ts","no",
".\node_modules\@grpc\grpc-js\build\src\generated\grpc\channelz\v1\ChannelTrace.d.ts","no",
".\node_modules\@grpc\grpc-js\build\src\generated\grpc\channelz\v1\ChannelTraceEvent.d.ts","no",
".\node_modules\@grpc\grpc-js\build\src\generated\grpc\channelz\v1\Channelz.d.ts","no",
".\node_modules\@grpc\grpc-js\build\src\generated\grpc\channelz\v1\GetChannelRequest.d.ts","no",
".\node_modules\@grpc\grpc-js\build\src\generated\grpc\channelz\v1\GetChannelResponse.d.ts","no",
".\node_modules\@grpc\grpc-js\build\src\generated\grpc\channelz\v1\GetServerRequest.d.ts","no",
".\node_modules\@grpc\grpc-js\build\src\generated\grpc\channelz\v1\GetServerResponse.d.ts","no",
".\node_modules\@grpc\grpc-js\build\src\generated\grpc\channelz\v1\GetServerSocketsRequest.d.ts","no",
".\node_modules\@grpc\grpc-js\build\src\generated\grpc\channelz\v1\GetServerSocketsResponse.d.ts","no",
".\node_modules\@grpc\grpc-js\build\src\generated\grpc\channelz\v1\GetServersRequest.d.ts","no",
".\node_modules\@grpc\grpc-js\build\src\generated\grpc\channelz\v1\GetServersResponse.d.ts","no",
".\node_modules\@grpc\grpc-js\build\src\generated\grpc\channelz\v1\GetSocketRequest.d.ts","no",
".\node_modules\@grpc\grpc-js\build\src\generated\grpc\channelz\v1\GetSocketResponse.d.ts","no",
".\node_modules\@grpc\grpc-js\build\src\generated\grpc\channelz\v1\GetSubchannelRequest.d.ts","no",
".\node_modules\@grpc\grpc-js\build\src\generated\grpc\channelz\v1\GetSubchannelResponse.d.ts","no",
".\node_modules\@grpc\grpc-js\build\src\generated\grpc\channelz\v1\GetTopChannelsRequest.d.ts","no",
".\node_modules\@grpc\grpc-js\build\src\generated\grpc\channelz\v1\GetTopChannelsResponse.d.ts","no",
".\node_modules\@grpc\grpc-js\build\src\generated\grpc\channelz\v1\Security.d.ts","no",
".\node_modules\@grpc\grpc-js\build\src\generated\grpc\channelz\v1\Server.d.ts","no",
".\node_modules\@grpc\grpc-js\build\src\generated\grpc\channelz\v1\ServerData.d.ts","no",
".\node_modules\@grpc\grpc-js\build\src\generated\grpc\channelz\v1\ServerRef.d.ts","no",
".\node_modules\@grpc\grpc-js\build\src\generated\grpc\channelz\v1\Socket.d.ts","no",
".\node_modules\@grpc\grpc-js\build\src\generated\grpc\channelz\v1\SocketData.d.ts","no",
".\node_modules\@grpc\grpc-js\build\src\generated\grpc\channelz\v1\SocketOption.d.ts","no",
".\node_modules\@grpc\grpc-js\build\src\generated\grpc\channelz\v1\SocketOptionLinger.d.ts","no",
".\node_modules\@grpc\grpc-js\build\src\generated\grpc\channelz\v1\SocketOptionTcpInfo.d.ts","no",
".\node_modules\@grpc\grpc-js\build\src\generated\grpc\channelz\v1\SocketOptionTimeout.d.ts","no",
".\node_modules\@grpc\grpc-js\build\src\generated\grpc\channelz\v1\SocketRef.d.ts","no",
".\node_modules\@grpc\grpc-js\build\src\generated\grpc\channelz\v1\Subchannel.d.ts","no",
".\node_modules\@grpc\grpc-js\build\src\generated\grpc\channelz\v1\SubchannelRef.d.ts","no",
".\node_modules\@grpc\grpc-js\build\src\generated\validate\AnyRules.d.ts","no",
".\node_modules\@grpc\grpc-js\build\src\generated\validate\BoolRules.d.ts","no",
".\node_modules\@grpc\grpc-js\build\src\generated\validate\BytesRules.d.ts","no",
".\node_modules\@grpc\grpc-js\build\src\generated\validate\DoubleRules.d.ts","no",
".\node_modules\@grpc\grpc-js\build\src\generated\validate\DurationRules.d.ts","no",
".\node_modules\@grpc\grpc-js\build\src\generated\validate\EnumRules.d.ts","no",
".\node_modules\@grpc\grpc-js\build\src\generated\validate\FieldRules.d.ts","no",
".\node_modules\@grpc\grpc-js\build\src\generated\validate\Fixed32Rules.d.ts","no",
".\node_modules\@grpc\grpc-js\build\src\generated\validate\Fixed64Rules.d.ts","no",
".\node_modules\@grpc\grpc-js\build\src\generated\validate\FloatRules.d.ts","no",
".\node_modules\@grpc\grpc-js\build\src\generated\validate\Int32Rules.d.ts","no",
".\node_modules\@grpc\grpc-js\build\src\generated\validate\Int64Rules.d.ts","no",
".\node_modules\@grpc\grpc-js\build\src\generated\validate\KnownRegex.d.ts","no",
".\node_modules\@grpc\grpc-js\build\src\generated\validate\MapRules.d.ts","no",
".\node_modules\@grpc\grpc-js\build\src\generated\validate\MessageRules.d.ts","no",
".\node_modules\@grpc\grpc-js\build\src\generated\validate\RepeatedRules.d.ts","no",
".\node_modules\@grpc\grpc-js\build\src\generated\validate\SFixed32Rules.d.ts","no",
".\node_modules\@grpc\grpc-js\build\src\generated\validate\SFixed64Rules.d.ts","no",
".\node_modules\@grpc\grpc-js\build\src\generated\validate\SInt32Rules.d.ts","no",
".\node_modules\@grpc\grpc-js\build\src\generated\validate\SInt64Rules.d.ts","no",
".\node_modules\@grpc\grpc-js\build\src\generated\validate\StringRules.d.ts","no",
".\node_modules\@grpc\grpc-js\build\src\generated\validate\TimestampRules.d.ts","no",
".\node_modules\@grpc\grpc-js\build\src\generated\validate\UInt32Rules.d.ts","no",
".\node_modules\@grpc\grpc-js\build\src\generated\validate\UInt64Rules.d.ts","no",
".\node_modules\@grpc\grpc-js\build\src\generated\xds\data\orca\v3\OrcaLoadReport.d.ts","no",
".\node_modules\@grpc\grpc-js\build\src\generated\xds\service\orca\v3\OpenRcaService.d.ts","no",
".\node_modules\@grpc\grpc-js\build\src\generated\xds\service\orca\v3\OrcaLoadReportRequest.d.ts","no",
".\node_modules\@grpc\grpc-js\build\src\generated\channelz.d.ts","no",
".\node_modules\@grpc\grpc-js\build\src\generated\orca.d.ts","no",
".\node_modules\@grpc\grpc-js\build\src\admin.d.ts","no",
".\node_modules\@grpc\grpc-js\build\src\auth-context.d.ts","no",
".\node_modules\@grpc\grpc-js\build\src\backoff-timeout.d.ts","no",
".\node_modules\@grpc\grpc-js\build\src\call-credentials.d.ts","no",
".\node_modules\@grpc\grpc-js\build\src\call-interface.d.ts","no",
".\node_modules\@grpc\grpc-js\build\src\call-number.d.ts","no",
".\node_modules\@grpc\grpc-js\build\src\call.d.ts","no",
".\node_modules\@grpc\grpc-js\build\src\certificate-provider.d.ts","no",
".\node_modules\@grpc\grpc-js\build\src\channel-credentials.d.ts","no",
".\node_modules\@grpc\grpc-js\build\src\channel-options.d.ts","no",
".\node_modules\@grpc\grpc-js\build\src\channel.d.ts","no",
".\node_modules\@grpc\grpc-js\build\src\channelz.d.ts","no",
".\node_modules\@grpc\grpc-js\build\src\client-interceptors.d.ts","no",
".\node_modules\@grpc\grpc-js\build\src\client.d.ts","no",
".\node_modules\@grpc\grpc-js\build\src\compression-algorithms.d.ts","no",
".\node_modules\@grpc\grpc-js\build\src\compression-filter.d.ts","no",
".\node_modules\@grpc\grpc-js\build\src\connectivity-state.d.ts","no",
".\node_modules\@grpc\grpc-js\build\src\constants.d.ts","no",
".\node_modules\@grpc\grpc-js\build\src\control-plane-status.d.ts","no",
".\node_modules\@grpc\grpc-js\build\src\deadline.d.ts","no",
".\node_modules\@grpc\grpc-js\build\src\duration.d.ts","no",
".\node_modules\@grpc\grpc-js\build\src\environment.d.ts","no",
".\node_modules\@grpc\grpc-js\build\src\error.d.ts","no",
".\node_modules\@grpc\grpc-js\build\src\events.d.ts","no",
".\node_modules\@grpc\grpc-js\build\src\experimental.d.ts","no",
".\node_modules\@grpc\grpc-js\build\src\filter-stack.d.ts","no",
".\node_modules\@grpc\grpc-js\build\src\filter.d.ts","no",
".\node_modules\@grpc\grpc-js\build\src\http_proxy.d.ts","no",
".\node_modules\@grpc\grpc-js\build\src\index.d.ts","no",
".\node_modules\@grpc\grpc-js\build\src\internal-channel.d.ts","no",
".\node_modules\@grpc\grpc-js\build\src\load-balancer-child-handler.d.ts","no",
".\node_modules\@grpc\grpc-js\build\src\load-balancer-outlier-detection.d.ts","no",
".\node_modules\@grpc\grpc-js\build\src\load-balancer-pick-first.d.ts","no",
".\node_modules\@grpc\grpc-js\build\src\load-balancer-round-robin.d.ts","no",
".\node_modules\@grpc\grpc-js\build\src\load-balancer-weighted-round-robin.d.ts","no",
".\node_modules\@grpc\grpc-js\build\src\load-balancer.d.ts","no",
".\node_modules\@grpc\grpc-js\build\src\load-balancing-call.d.ts","no",
".\node_modules\@grpc\grpc-js\build\src\logging.d.ts","no",
".\node_modules\@grpc\grpc-js\build\src\make-client.d.ts","no",
".\node_modules\@grpc\grpc-js\build\src\metadata.d.ts","no",
".\node_modules\@grpc\grpc-js\build\src\object-stream.d.ts","no",
".\node_modules\@grpc\grpc-js\build\src\orca.d.ts","no",
".\node_modules\@grpc\grpc-js\build\src\picker.d.ts","no",
".\node_modules\@grpc\grpc-js\build\src\priority-queue.d.ts","no",
".\node_modules\@grpc\grpc-js\build\src\resolver-dns.d.ts","no",
".\node_modules\@grpc\grpc-js\build\src\resolver-ip.d.ts","no",
".\node_modules\@grpc\grpc-js\build\src\resolver-uds.d.ts","no",
".\node_modules\@grpc\grpc-js\build\src\resolver.d.ts","no",
".\node_modules\@grpc\grpc-js\build\src\resolving-call.d.ts","no",
".\node_modules\@grpc\grpc-js\build\src\resolving-load-balancer.d.ts","no",
".\node_modules\@grpc\grpc-js\build\src\retrying-call.d.ts","no",
".\node_modules\@grpc\grpc-js\build\src\server-call.d.ts","no",
".\node_modules\@grpc\grpc-js\build\src\server-credentials.d.ts","no",
".\node_modules\@grpc\grpc-js\build\src\server-interceptors.d.ts","no",
".\node_modules\@grpc\grpc-js\build\src\server.d.ts","no",
".\node_modules\@grpc\grpc-js\build\src\service-config.d.ts","no",
".\node_modules\@grpc\grpc-js\build\src\single-subchannel-channel.d.ts","no",
".\node_modules\@grpc\grpc-js\build\src\status-builder.d.ts","no",
".\node_modules\@grpc\grpc-js\build\src\stream-decoder.d.ts","no",
".\node_modules\@grpc\grpc-js\build\src\subchannel-address.d.ts","no",
".\node_modules\@grpc\grpc-js\build\src\subchannel-call.d.ts","no",
".\node_modules\@grpc\grpc-js\build\src\subchannel-interface.d.ts","no",
".\node_modules\@grpc\grpc-js\build\src\subchannel-pool.d.ts","no",
".\node_modules\@grpc\grpc-js\build\src\subchannel.d.ts","no",
".\node_modules\@grpc\grpc-js\build\src\tls-helpers.d.ts","no",
".\node_modules\@grpc\grpc-js\build\src\transport.d.ts","no",
".\node_modules\@grpc\grpc-js\build\src\uri-parser.d.ts","no",
".\node_modules\@grpc\grpc-js\src\generated\google\protobuf\Any.ts","no",
".\node_modules\@grpc\grpc-js\src\generated\google\protobuf\BoolValue.ts","no",
".\node_modules\@grpc\grpc-js\src\generated\google\protobuf\BytesValue.ts","no",
".\node_modules\@grpc\grpc-js\src\generated\google\protobuf\DescriptorProto.ts","no",
".\node_modules\@grpc\grpc-js\src\generated\google\protobuf\DoubleValue.ts","no",
".\node_modules\@grpc\grpc-js\src\generated\google\protobuf\Duration.ts","no",
".\node_modules\@grpc\grpc-js\src\generated\google\protobuf\Edition.ts","no",
".\node_modules\@grpc\grpc-js\src\generated\google\protobuf\EnumDescriptorProto.ts","no",
".\node_modules\@grpc\grpc-js\src\generated\google\protobuf\EnumOptions.ts","no",
".\node_modules\@grpc\grpc-js\src\generated\google\protobuf\EnumValueDescriptorProto.ts","no",
".\node_modules\@grpc\grpc-js\src\generated\google\protobuf\EnumValueOptions.ts","no",
".\node_modules\@grpc\grpc-js\src\generated\google\protobuf\ExtensionRangeOptions.ts","no",
".\node_modules\@grpc\grpc-js\src\generated\google\protobuf\FeatureSet.ts","no",
".\node_modules\@grpc\grpc-js\src\generated\google\protobuf\FeatureSetDefaults.ts","no",
".\node_modules\@grpc\grpc-js\src\generated\google\protobuf\FieldDescriptorProto.ts","no",
".\node_modules\@grpc\grpc-js\src\generated\google\protobuf\FieldOptions.ts","no",
".\node_modules\@grpc\grpc-js\src\generated\google\protobuf\FileDescriptorProto.ts","no",
".\node_modules\@grpc\grpc-js\src\generated\google\protobuf\FileDescriptorSet.ts","no",
".\node_modules\@grpc\grpc-js\src\generated\google\protobuf\FileOptions.ts","no",
".\node_modules\@grpc\grpc-js\src\generated\google\protobuf\FloatValue.ts","no",
".\node_modules\@grpc\grpc-js\src\generated\google\protobuf\GeneratedCodeInfo.ts","no",
".\node_modules\@grpc\grpc-js\src\generated\google\protobuf\Int32Value.ts","no",
".\node_modules\@grpc\grpc-js\src\generated\google\protobuf\Int64Value.ts","no",
".\node_modules\@grpc\grpc-js\src\generated\google\protobuf\MessageOptions.ts","no",
".\node_modules\@grpc\grpc-js\src\generated\google\protobuf\MethodDescriptorProto.ts","no",
".\node_modules\@grpc\grpc-js\src\generated\google\protobuf\MethodOptions.ts","no",
".\node_modules\@grpc\grpc-js\src\generated\google\protobuf\OneofDescriptorProto.ts","no",
".\node_modules\@grpc\grpc-js\src\generated\google\protobuf\OneofOptions.ts","no",
".\node_modules\@grpc\grpc-js\src\generated\google\protobuf\ServiceDescriptorProto.ts","no",
".\node_modules\@grpc\grpc-js\src\generated\google\protobuf\ServiceOptions.ts","no",
".\node_modules\@grpc\grpc-js\src\generated\google\protobuf\SourceCodeInfo.ts","no",
".\node_modules\@grpc\grpc-js\src\generated\google\protobuf\StringValue.ts","no",
".\node_modules\@grpc\grpc-js\src\generated\google\protobuf\SymbolVisibility.ts","no",
".\node_modules\@grpc\grpc-js\src\generated\google\protobuf\Timestamp.ts","no",
".\node_modules\@grpc\grpc-js\src\generated\google\protobuf\UInt32Value.ts","no",
".\node_modules\@grpc\grpc-js\src\generated\google\protobuf\UInt64Value.ts","no",
".\node_modules\@grpc\grpc-js\src\generated\google\protobuf\UninterpretedOption.ts","no",
".\node_modules\@grpc\grpc-js\src\generated\grpc\channelz\v1\Address.ts","no",
".\node_modules\@grpc\grpc-js\src\generated\grpc\channelz\v1\Channel.ts","no",
".\node_modules\@grpc\grpc-js\src\generated\grpc\channelz\v1\ChannelConnectivityState.ts","no",
".\node_modules\@grpc\grpc-js\src\generated\grpc\channelz\v1\ChannelData.ts","no",
".\node_modules\@grpc\grpc-js\src\generated\grpc\channelz\v1\ChannelRef.ts","no",
".\node_modules\@grpc\grpc-js\src\generated\grpc\channelz\v1\ChannelTrace.ts","no",
".\node_modules\@grpc\grpc-js\src\generated\grpc\channelz\v1\ChannelTraceEvent.ts","no",
".\node_modules\@grpc\grpc-js\src\generated\grpc\channelz\v1\Channelz.ts","no",
".\node_modules\@grpc\grpc-js\src\generated\grpc\channelz\v1\GetChannelRequest.ts","no",
".\node_modules\@grpc\grpc-js\src\generated\grpc\channelz\v1\GetChannelResponse.ts","no",
".\node_modules\@grpc\grpc-js\src\generated\grpc\channelz\v1\GetServerRequest.ts","no",
".\node_modules\@grpc\grpc-js\src\generated\grpc\channelz\v1\GetServerResponse.ts","no",
".\node_modules\@grpc\grpc-js\src\generated\grpc\channelz\v1\GetServerSocketsRequest.ts","no",
".\node_modules\@grpc\grpc-js\src\generated\grpc\channelz\v1\GetServerSocketsResponse.ts","no",
".\node_modules\@grpc\grpc-js\src\generated\grpc\channelz\v1\GetServersRequest.ts","no",
".\node_modules\@grpc\grpc-js\src\generated\grpc\channelz\v1\GetServersResponse.ts","no",
".\node_modules\@grpc\grpc-js\src\generated\grpc\channelz\v1\GetSocketRequest.ts","no",
".\node_modules\@grpc\grpc-js\src\generated\grpc\channelz\v1\GetSocketResponse.ts","no",
".\node_modules\@grpc\grpc-js\src\generated\grpc\channelz\v1\GetSubchannelRequest.ts","no",
".\node_modules\@grpc\grpc-js\src\generated\grpc\channelz\v1\GetSubchannelResponse.ts","no",
".\node_modules\@grpc\grpc-js\src\generated\grpc\channelz\v1\GetTopChannelsRequest.ts","no",
".\node_modules\@grpc\grpc-js\src\generated\grpc\channelz\v1\GetTopChannelsResponse.ts","no",
".\node_modules\@grpc\grpc-js\src\generated\grpc\channelz\v1\Security.ts","no",
".\node_modules\@grpc\grpc-js\src\generated\grpc\channelz\v1\Server.ts","no",
".\node_modules\@grpc\grpc-js\src\generated\grpc\channelz\v1\ServerData.ts","no",
".\node_modules\@grpc\grpc-js\src\generated\grpc\channelz\v1\ServerRef.ts","no",
".\node_modules\@grpc\grpc-js\src\generated\grpc\channelz\v1\Socket.ts","no",
".\node_modules\@grpc\grpc-js\src\generated\grpc\channelz\v1\SocketData.ts","no",
".\node_modules\@grpc\grpc-js\src\generated\grpc\channelz\v1\SocketOption.ts","no",
".\node_modules\@grpc\grpc-js\src\generated\grpc\channelz\v1\SocketOptionLinger.ts","no",
".\node_modules\@grpc\grpc-js\src\generated\grpc\channelz\v1\SocketOptionTcpInfo.ts","no",
".\node_modules\@grpc\grpc-js\src\generated\grpc\channelz\v1\SocketOptionTimeout.ts","no",
".\node_modules\@grpc\grpc-js\src\generated\grpc\channelz\v1\SocketRef.ts","no",
".\node_modules\@grpc\grpc-js\src\generated\grpc\channelz\v1\Subchannel.ts","no",
".\node_modules\@grpc\grpc-js\src\generated\grpc\channelz\v1\SubchannelRef.ts","no",
".\node_modules\@grpc\grpc-js\src\generated\validate\AnyRules.ts","no",
".\node_modules\@grpc\grpc-js\src\generated\validate\BoolRules.ts","no",
".\node_modules\@grpc\grpc-js\src\generated\validate\BytesRules.ts","no",
".\node_modules\@grpc\grpc-js\src\generated\validate\DoubleRules.ts","no",
".\node_modules\@grpc\grpc-js\src\generated\validate\DurationRules.ts","no",
".\node_modules\@grpc\grpc-js\src\generated\validate\EnumRules.ts","no",
".\node_modules\@grpc\grpc-js\src\generated\validate\FieldRules.ts","no",
".\node_modules\@grpc\grpc-js\src\generated\validate\Fixed32Rules.ts","no",
".\node_modules\@grpc\grpc-js\src\generated\validate\Fixed64Rules.ts","no",
".\node_modules\@grpc\grpc-js\src\generated\validate\FloatRules.ts","no",
".\node_modules\@grpc\grpc-js\src\generated\validate\Int32Rules.ts","no",
".\node_modules\@grpc\grpc-js\src\generated\validate\Int64Rules.ts","no",
".\node_modules\@grpc\grpc-js\src\generated\validate\KnownRegex.ts","no",
".\node_modules\@grpc\grpc-js\src\generated\validate\MapRules.ts","no",
".\node_modules\@grpc\grpc-js\src\generated\validate\MessageRules.ts","no",
".\node_modules\@grpc\grpc-js\src\generated\validate\RepeatedRules.ts","no",
".\node_modules\@grpc\grpc-js\src\generated\validate\SFixed32Rules.ts","no",
".\node_modules\@grpc\grpc-js\src\generated\validate\SFixed64Rules.ts","no",
".\node_modules\@grpc\grpc-js\src\generated\validate\SInt32Rules.ts","no",
".\node_modules\@grpc\grpc-js\src\generated\validate\SInt64Rules.ts","no",
".\node_modules\@grpc\grpc-js\src\generated\validate\StringRules.ts","no",
".\node_modules\@grpc\grpc-js\src\generated\validate\TimestampRules.ts","no",
".\node_modules\@grpc\grpc-js\src\generated\validate\UInt32Rules.ts","no",
".\node_modules\@grpc\grpc-js\src\generated\validate\UInt64Rules.ts","no",
".\node_modules\@grpc\grpc-js\src\generated\xds\data\orca\v3\OrcaLoadReport.ts","no",
".\node_modules\@grpc\grpc-js\src\generated\xds\service\orca\v3\OpenRcaService.ts","no",
".\node_modules\@grpc\grpc-js\src\generated\xds\service\orca\v3\OrcaLoadReportRequest.ts","no",
".\node_modules\@grpc\grpc-js\src\generated\channelz.ts","no",
".\node_modules\@grpc\grpc-js\src\generated\orca.ts","no",
".\node_modules\@grpc\grpc-js\src\admin.ts","no",
".\node_modules\@grpc\grpc-js\src\auth-context.ts","no",
".\node_modules\@grpc\grpc-js\src\backoff-timeout.ts","no",
".\node_modules\@grpc\grpc-js\src\call-credentials.ts","no",
".\node_modules\@grpc\grpc-js\src\call-interface.ts","no",
".\node_modules\@grpc\grpc-js\src\call-number.ts","no",
".\node_modules\@grpc\grpc-js\src\call.ts","no",
".\node_modules\@grpc\grpc-js\src\certificate-provider.ts","no",
".\node_modules\@grpc\grpc-js\src\channel-credentials.ts","no",
".\node_modules\@grpc\grpc-js\src\channel-options.ts","no",
".\node_modules\@grpc\grpc-js\src\channel.ts","no",
".\node_modules\@grpc\grpc-js\src\channelz.ts","no",
".\node_modules\@grpc\grpc-js\src\client-interceptors.ts","no",
".\node_modules\@grpc\grpc-js\src\client.ts","no",
".\node_modules\@grpc\grpc-js\src\compression-algorithms.ts","no",
".\node_modules\@grpc\grpc-js\src\compression-filter.ts","no",
".\node_modules\@grpc\grpc-js\src\connectivity-state.ts","no",
".\node_modules\@grpc\grpc-js\src\constants.ts","no",
".\node_modules\@grpc\grpc-js\src\control-plane-status.ts","no",
".\node_modules\@grpc\grpc-js\src\deadline.ts","no",
".\node_modules\@grpc\grpc-js\src\duration.ts","no",
".\node_modules\@grpc\grpc-js\src\environment.ts","no",
".\node_modules\@grpc\grpc-js\src\error.ts","no",
".\node_modules\@grpc\grpc-js\src\events.ts","no",
".\node_modules\@grpc\grpc-js\src\experimental.ts","no",
".\node_modules\@grpc\grpc-js\src\filter-stack.ts","no",
".\node_modules\@grpc\grpc-js\src\filter.ts","no",
".\node_modules\@grpc\grpc-js\src\http_proxy.ts","no",
".\node_modules\@grpc\grpc-js\src\index.ts","no",
".\node_modules\@grpc\grpc-js\src\internal-channel.ts","no",
".\node_modules\@grpc\grpc-js\src\load-balancer-child-handler.ts","no",
".\node_modules\@grpc\grpc-js\src\load-balancer-outlier-detection.ts","no",
".\node_modules\@grpc\grpc-js\src\load-balancer-pick-first.ts","no",
".\node_modules\@grpc\grpc-js\src\load-balancer-round-robin.ts","no",
".\node_modules\@grpc\grpc-js\src\load-balancer-weighted-round-robin.ts","no",
".\node_modules\@grpc\grpc-js\src\load-balancer.ts","no",
".\node_modules\@grpc\grpc-js\src\load-balancing-call.ts","no",
".\node_modules\@grpc\grpc-js\src\logging.ts","no",
".\node_modules\@grpc\grpc-js\src\make-client.ts","no",
".\node_modules\@grpc\grpc-js\src\metadata.ts","no",
".\node_modules\@grpc\grpc-js\src\object-stream.ts","no",
".\node_modules\@grpc\grpc-js\src\orca.ts","no",
".\node_modules\@grpc\grpc-js\src\picker.ts","no",
".\node_modules\@grpc\grpc-js\src\priority-queue.ts","no",
".\node_modules\@grpc\grpc-js\src\resolver-dns.ts","no",
".\node_modules\@grpc\grpc-js\src\resolver-ip.ts","no",
".\node_modules\@grpc\grpc-js\src\resolver-uds.ts","no",
".\node_modules\@grpc\grpc-js\src\resolver.ts","no",
".\node_modules\@grpc\grpc-js\src\resolving-call.ts","no",
".\node_modules\@grpc\grpc-js\src\resolving-load-balancer.ts","no",
".\node_modules\@grpc\grpc-js\src\retrying-call.ts","no",
".\node_modules\@grpc\grpc-js\src\server-call.ts","no",
".\node_modules\@grpc\grpc-js\src\server-credentials.ts","no",
".\node_modules\@grpc\grpc-js\src\server-interceptors.ts","no",
".\node_modules\@grpc\grpc-js\src\server.ts","no",
".\node_modules\@grpc\grpc-js\src\service-config.ts","no",
".\node_modules\@grpc\grpc-js\src\single-subchannel-channel.ts","no",
".\node_modules\@grpc\grpc-js\src\status-builder.ts","no",
".\node_modules\@grpc\grpc-js\src\stream-decoder.ts","no",
".\node_modules\@grpc\grpc-js\src\subchannel-address.ts","no",
".\node_modules\@grpc\grpc-js\src\subchannel-call.ts","no",
".\node_modules\@grpc\grpc-js\src\subchannel-interface.ts","no",
".\node_modules\@grpc\grpc-js\src\subchannel-pool.ts","no",
".\node_modules\@grpc\grpc-js\src\subchannel.ts","no",
".\node_modules\@grpc\grpc-js\src\tls-helpers.ts","no",
".\node_modules\@grpc\grpc-js\src\transport.ts","no",
".\node_modules\@grpc\grpc-js\src\uri-parser.ts","no",
".\node_modules\@grpc\proto-loader\build\src\index.d.ts","no",
".\node_modules\@grpc\proto-loader\build\src\util.d.ts","no",
".\node_modules\@ioredis\commands\built\index.d.ts","no",
".\node_modules\@jridgewell\gen-mapping\dist\types\gen-mapping.d.ts","no",
".\node_modules\@jridgewell\gen-mapping\dist\types\set-array.d.ts","no",
".\node_modules\@jridgewell\gen-mapping\dist\types\sourcemap-segment.d.ts","no",
".\node_modules\@jridgewell\gen-mapping\dist\types\types.d.ts","no",
".\node_modules\@jridgewell\gen-mapping\src\gen-mapping.ts","no",
".\node_modules\@jridgewell\gen-mapping\src\set-array.ts","no",
".\node_modules\@jridgewell\gen-mapping\src\sourcemap-segment.ts","no",
".\node_modules\@jridgewell\gen-mapping\src\types.ts","no",
".\node_modules\@jridgewell\remapping\src\build-source-map-tree.ts","yes",
".\node_modules\@jridgewell\remapping\src\remapping.ts","yes",
".\node_modules\@jridgewell\remapping\src\source-map-tree.ts","no",
".\node_modules\@jridgewell\remapping\src\source-map.ts","yes",
".\node_modules\@jridgewell\remapping\src\types.ts","no",
".\node_modules\@jridgewell\resolve-uri\dist\types\resolve-uri.d.ts","yes",
".\node_modules\@jridgewell\sourcemap-codec\src\scopes.ts","no",
".\node_modules\@jridgewell\sourcemap-codec\src\sourcemap-codec.ts","no",
".\node_modules\@jridgewell\sourcemap-codec\src\strings.ts","no",
".\node_modules\@jridgewell\sourcemap-codec\src\vlq.ts","no",
".\node_modules\@jridgewell\trace-mapping\src\binary-search.ts","no",
".\node_modules\@jridgewell\trace-mapping\src\by-source.ts","yes",
".\node_modules\@jridgewell\trace-mapping\src\flatten-map.ts","no",
".\node_modules\@jridgewell\trace-mapping\src\resolve.ts","yes",
".\node_modules\@jridgewell\trace-mapping\src\sort.ts","yes",
".\node_modules\@jridgewell\trace-mapping\src\sourcemap-segment.ts","no",
".\node_modules\@jridgewell\trace-mapping\src\strip-filename.ts","yes",
".\node_modules\@jridgewell\trace-mapping\src\trace-mapping.ts","no",
".\node_modules\@jridgewell\trace-mapping\src\types.ts","no",
".\node_modules\@js-sdsl\ordered-map\dist\cjs\index.d.ts","no",
".\node_modules\@js-sdsl\ordered-map\dist\esm\index.d.ts","no",
".\node_modules\@lemonsqueezy\lemonsqueezy.js\dist\index.d.ts","no",
".\node_modules\@mongodb-js\saslprep\dist\browser.d.ts","no",
".\node_modules\@mongodb-js\saslprep\dist\code-points-data-browser.d.ts","yes",
".\node_modules\@mongodb-js\saslprep\dist\code-points-data.d.ts","yes",
".\node_modules\@mongodb-js\saslprep\dist\code-points-src.d.ts","no",
".\node_modules\@mongodb-js\saslprep\dist\generate-code-points.d.ts","no",
".\node_modules\@mongodb-js\saslprep\dist\index.d.ts","no",
".\node_modules\@mongodb-js\saslprep\dist\memory-code-points.d.ts","no",
".\node_modules\@mongodb-js\saslprep\dist\node.d.ts","no",
".\node_modules\@mongodb-js\saslprep\dist\util.d.ts","no",
".\node_modules\@opentelemetry\api\build\esm\api\context.d.ts","no",
".\node_modules\@opentelemetry\api\build\esm\api\diag.d.ts","no",
".\node_modules\@opentelemetry\api\build\esm\api\metrics.d.ts","no",
".\node_modules\@opentelemetry\api\build\esm\api\propagation.d.ts","no",
".\node_modules\@opentelemetry\api\build\esm\api\trace.d.ts","no",
".\node_modules\@opentelemetry\api\build\esm\baggage\internal\baggage-impl.d.ts","no",
".\node_modules\@opentelemetry\api\build\esm\baggage\internal\symbol.d.ts","no",
".\node_modules\@opentelemetry\api\build\esm\baggage\context-helpers.d.ts","no",
".\node_modules\@opentelemetry\api\build\esm\baggage\types.d.ts","no",
".\node_modules\@opentelemetry\api\build\esm\baggage\utils.d.ts","no",
".\node_modules\@opentelemetry\api\build\esm\common\Attributes.d.ts","no",
".\node_modules\@opentelemetry\api\build\esm\common\Exception.d.ts","no",
".\node_modules\@opentelemetry\api\build\esm\common\Time.d.ts","no",
".\node_modules\@opentelemetry\api\build\esm\context\context.d.ts","no",
".\node_modules\@opentelemetry\api\build\esm\context\NoopContextManager.d.ts","no",
".\node_modules\@opentelemetry\api\build\esm\context\types.d.ts","no",
".\node_modules\@opentelemetry\api\build\esm\diag\internal\logLevelLogger.d.ts","no",
".\node_modules\@opentelemetry\api\build\esm\diag\internal\noopLogger.d.ts","no",
".\node_modules\@opentelemetry\api\build\esm\diag\ComponentLogger.d.ts","no",
".\node_modules\@opentelemetry\api\build\esm\diag\consoleLogger.d.ts","no",
".\node_modules\@opentelemetry\api\build\esm\diag\types.d.ts","no",
".\node_modules\@opentelemetry\api\build\esm\experimental\trace\SugaredOptions.d.ts","no",
".\node_modules\@opentelemetry\api\build\esm\experimental\trace\SugaredTracer.d.ts","no",
".\node_modules\@opentelemetry\api\build\esm\experimental\index.d.ts","no",
".\node_modules\@opentelemetry\api\build\esm\internal\global-utils.d.ts","no",
".\node_modules\@opentelemetry\api\build\esm\internal\semver.d.ts","no",
".\node_modules\@opentelemetry\api\build\esm\metrics\Meter.d.ts","no",
".\node_modules\@opentelemetry\api\build\esm\metrics\MeterProvider.d.ts","no",
".\node_modules\@opentelemetry\api\build\esm\metrics\Metric.d.ts","no",
".\node_modules\@opentelemetry\api\build\esm\metrics\NoopMeter.d.ts","no",
".\node_modules\@opentelemetry\api\build\esm\metrics\NoopMeterProvider.d.ts","no",
".\node_modules\@opentelemetry\api\build\esm\metrics\ObservableResult.d.ts","no",
".\node_modules\@opentelemetry\api\build\esm\platform\browser\globalThis.d.ts","no",
".\node_modules\@opentelemetry\api\build\esm\platform\browser\index.d.ts","no",
".\node_modules\@opentelemetry\api\build\esm\platform\node\globalThis.d.ts","no",
".\node_modules\@opentelemetry\api\build\esm\platform\node\index.d.ts","no",
".\node_modules\@opentelemetry\api\build\esm\platform\index.d.ts","no",
".\node_modules\@opentelemetry\api\build\esm\propagation\NoopTextMapPropagator.d.ts","no",
".\node_modules\@opentelemetry\api\build\esm\propagation\TextMapPropagator.d.ts","no",
".\node_modules\@opentelemetry\api\build\esm\trace\internal\tracestate-impl.d.ts","no",
".\node_modules\@opentelemetry\api\build\esm\trace\internal\tracestate-validators.d.ts","no",
".\node_modules\@opentelemetry\api\build\esm\trace\internal\utils.d.ts","no",
".\node_modules\@opentelemetry\api\build\esm\trace\attributes.d.ts","no",
".\node_modules\@opentelemetry\api\build\esm\trace\context-utils.d.ts","no",
".\node_modules\@opentelemetry\api\build\esm\trace\invalid-span-constants.d.ts","no",
".\node_modules\@opentelemetry\api\build\esm\trace\link.d.ts","no",
".\node_modules\@opentelemetry\api\build\esm\trace\NonRecordingSpan.d.ts","no",
".\node_modules\@opentelemetry\api\build\esm\trace\NoopTracer.d.ts","no",
".\node_modules\@opentelemetry\api\build\esm\trace\NoopTracerProvider.d.ts","no",
".\node_modules\@opentelemetry\api\build\esm\trace\ProxyTracer.d.ts","no",
".\node_modules\@opentelemetry\api\build\esm\trace\ProxyTracerProvider.d.ts","no",
".\node_modules\@opentelemetry\api\build\esm\trace\Sampler.d.ts","no",
".\node_modules\@opentelemetry\api\build\esm\trace\SamplingResult.d.ts","no",
".\node_modules\@opentelemetry\api\build\esm\trace\span.d.ts","no",
".\node_modules\@opentelemetry\api\build\esm\trace\spancontext-utils.d.ts","no",
".\node_modules\@opentelemetry\api\build\esm\trace\SpanOptions.d.ts","no",
".\node_modules\@opentelemetry\api\build\esm\trace\span_context.d.ts","no",
".\node_modules\@opentelemetry\api\build\esm\trace\span_kind.d.ts","no",
".\node_modules\@opentelemetry\api\build\esm\trace\status.d.ts","no",
".\node_modules\@opentelemetry\api\build\esm\trace\tracer.d.ts","no",
".\node_modules\@opentelemetry\api\build\esm\trace\tracer_options.d.ts","no",
".\node_modules\@opentelemetry\api\build\esm\trace\tracer_provider.d.ts","no",
".\node_modules\@opentelemetry\api\build\esm\trace\trace_flags.d.ts","no",
".\node_modules\@opentelemetry\api\build\esm\trace\trace_state.d.ts","no",
".\node_modules\@opentelemetry\api\build\esm\context-api.d.ts","no",
".\node_modules\@opentelemetry\api\build\esm\diag-api.d.ts","no",
".\node_modules\@opentelemetry\api\build\esm\index.d.ts","yes",
".\node_modules\@opentelemetry\api\build\esm\metrics-api.d.ts","no",
".\node_modules\@opentelemetry\api\build\esm\propagation-api.d.ts","no",
".\node_modules\@opentelemetry\api\build\esm\trace-api.d.ts","no",
".\node_modules\@opentelemetry\api\build\esm\version.d.ts","no",
".\node_modules\@opentelemetry\api\build\esnext\api\context.d.ts","no",
".\node_modules\@opentelemetry\api\build\esnext\api\diag.d.ts","no",
".\node_modules\@opentelemetry\api\build\esnext\api\metrics.d.ts","no",
".\node_modules\@opentelemetry\api\build\esnext\api\propagation.d.ts","no",
".\node_modules\@opentelemetry\api\build\esnext\api\trace.d.ts","no",
".\node_modules\@opentelemetry\api\build\esnext\baggage\internal\baggage-impl.d.ts","no",
".\node_modules\@opentelemetry\api\build\esnext\baggage\internal\symbol.d.ts","no",
".\node_modules\@opentelemetry\api\build\esnext\baggage\context-helpers.d.ts","no",
".\node_modules\@opentelemetry\api\build\esnext\baggage\types.d.ts","no",
".\node_modules\@opentelemetry\api\build\esnext\baggage\utils.d.ts","no",
".\node_modules\@opentelemetry\api\build\esnext\common\Attributes.d.ts","no",
".\node_modules\@opentelemetry\api\build\esnext\common\Exception.d.ts","no",
".\node_modules\@opentelemetry\api\build\esnext\common\Time.d.ts","no",
".\node_modules\@opentelemetry\api\build\esnext\context\context.d.ts","no",
".\node_modules\@opentelemetry\api\build\esnext\context\NoopContextManager.d.ts","no",
".\node_modules\@opentelemetry\api\build\esnext\context\types.d.ts","no",
".\node_modules\@opentelemetry\api\build\esnext\diag\internal\logLevelLogger.d.ts","no",
".\node_modules\@opentelemetry\api\build\esnext\diag\internal\noopLogger.d.ts","no",
".\node_modules\@opentelemetry\api\build\esnext\diag\ComponentLogger.d.ts","no",
".\node_modules\@opentelemetry\api\build\esnext\diag\consoleLogger.d.ts","no",
".\node_modules\@opentelemetry\api\build\esnext\diag\types.d.ts","no",
".\node_modules\@opentelemetry\api\build\esnext\experimental\trace\SugaredOptions.d.ts","no",
".\node_modules\@opentelemetry\api\build\esnext\experimental\trace\SugaredTracer.d.ts","no",
".\node_modules\@opentelemetry\api\build\esnext\experimental\index.d.ts","no",
".\node_modules\@opentelemetry\api\build\esnext\internal\global-utils.d.ts","no",
".\node_modules\@opentelemetry\api\build\esnext\internal\semver.d.ts","no",
".\node_modules\@opentelemetry\api\build\esnext\metrics\Meter.d.ts","no",
".\node_modules\@opentelemetry\api\build\esnext\metrics\MeterProvider.d.ts","no",
".\node_modules\@opentelemetry\api\build\esnext\metrics\Metric.d.ts","no",
".\node_modules\@opentelemetry\api\build\esnext\metrics\NoopMeter.d.ts","no",
".\node_modules\@opentelemetry\api\build\esnext\metrics\NoopMeterProvider.d.ts","no",
".\node_modules\@opentelemetry\api\build\esnext\metrics\ObservableResult.d.ts","no",
".\node_modules\@opentelemetry\api\build\esnext\platform\browser\globalThis.d.ts","no",
".\node_modules\@opentelemetry\api\build\esnext\platform\browser\index.d.ts","no",
".\node_modules\@opentelemetry\api\build\esnext\platform\node\globalThis.d.ts","no",
".\node_modules\@opentelemetry\api\build\esnext\platform\node\index.d.ts","no",
".\node_modules\@opentelemetry\api\build\esnext\platform\index.d.ts","no",
".\node_modules\@opentelemetry\api\build\esnext\propagation\NoopTextMapPropagator.d.ts","no",
".\node_modules\@opentelemetry\api\build\esnext\propagation\TextMapPropagator.d.ts","no",
".\node_modules\@opentelemetry\api\build\esnext\trace\internal\tracestate-impl.d.ts","no",
".\node_modules\@opentelemetry\api\build\esnext\trace\internal\tracestate-validators.d.ts","no",
".\node_modules\@opentelemetry\api\build\esnext\trace\internal\utils.d.ts","no",
".\node_modules\@opentelemetry\api\build\esnext\trace\attributes.d.ts","no",
".\node_modules\@opentelemetry\api\build\esnext\trace\context-utils.d.ts","no",
".\node_modules\@opentelemetry\api\build\esnext\trace\invalid-span-constants.d.ts","no",
".\node_modules\@opentelemetry\api\build\esnext\trace\link.d.ts","no",
".\node_modules\@opentelemetry\api\build\esnext\trace\NonRecordingSpan.d.ts","no",
".\node_modules\@opentelemetry\api\build\esnext\trace\NoopTracer.d.ts","no",
".\node_modules\@opentelemetry\api\build\esnext\trace\NoopTracerProvider.d.ts","no",
".\node_modules\@opentelemetry\api\build\esnext\trace\ProxyTracer.d.ts","no",
".\node_modules\@opentelemetry\api\build\esnext\trace\ProxyTracerProvider.d.ts","no",
".\node_modules\@opentelemetry\api\build\esnext\trace\Sampler.d.ts","no",
".\node_modules\@opentelemetry\api\build\esnext\trace\SamplingResult.d.ts","no",
".\node_modules\@opentelemetry\api\build\esnext\trace\span.d.ts","no",
".\node_modules\@opentelemetry\api\build\esnext\trace\spancontext-utils.d.ts","no",
".\node_modules\@opentelemetry\api\build\esnext\trace\SpanOptions.d.ts","no",
".\node_modules\@opentelemetry\api\build\esnext\trace\span_context.d.ts","no",
".\node_modules\@opentelemetry\api\build\esnext\trace\span_kind.d.ts","no",
".\node_modules\@opentelemetry\api\build\esnext\trace\status.d.ts","no",
".\node_modules\@opentelemetry\api\build\esnext\trace\tracer.d.ts","no",
".\node_modules\@opentelemetry\api\build\esnext\trace\tracer_options.d.ts","no",
".\node_modules\@opentelemetry\api\build\esnext\trace\tracer_provider.d.ts","no",
".\node_modules\@opentelemetry\api\build\esnext\trace\trace_flags.d.ts","no",
".\node_modules\@opentelemetry\api\build\esnext\trace\trace_state.d.ts","no",
".\node_modules\@opentelemetry\api\build\esnext\context-api.d.ts","no",
".\node_modules\@opentelemetry\api\build\esnext\diag-api.d.ts","no",
".\node_modules\@opentelemetry\api\build\esnext\index.d.ts","yes",
".\node_modules\@opentelemetry\api\build\esnext\metrics-api.d.ts","no",
".\node_modules\@opentelemetry\api\build\esnext\propagation-api.d.ts","no",
".\node_modules\@opentelemetry\api\build\esnext\trace-api.d.ts","no",
".\node_modules\@opentelemetry\api\build\esnext\version.d.ts","no",
".\node_modules\@opentelemetry\api\build\src\api\context.d.ts","no",
".\node_modules\@opentelemetry\api\build\src\api\diag.d.ts","no",
".\node_modules\@opentelemetry\api\build\src\api\metrics.d.ts","no",
".\node_modules\@opentelemetry\api\build\src\api\propagation.d.ts","no",
".\node_modules\@opentelemetry\api\build\src\api\trace.d.ts","no",
".\node_modules\@opentelemetry\api\build\src\baggage\internal\baggage-impl.d.ts","no",
".\node_modules\@opentelemetry\api\build\src\baggage\internal\symbol.d.ts","no",
".\node_modules\@opentelemetry\api\build\src\baggage\context-helpers.d.ts","no",
".\node_modules\@opentelemetry\api\build\src\baggage\types.d.ts","no",
".\node_modules\@opentelemetry\api\build\src\baggage\utils.d.ts","no",
".\node_modules\@opentelemetry\api\build\src\common\Attributes.d.ts","no",
".\node_modules\@opentelemetry\api\build\src\common\Exception.d.ts","no",
".\node_modules\@opentelemetry\api\build\src\common\Time.d.ts","no",
".\node_modules\@opentelemetry\api\build\src\context\context.d.ts","no",
".\node_modules\@opentelemetry\api\build\src\context\NoopContextManager.d.ts","no",
".\node_modules\@opentelemetry\api\build\src\context\types.d.ts","no",
".\node_modules\@opentelemetry\api\build\src\diag\internal\logLevelLogger.d.ts","no",
".\node_modules\@opentelemetry\api\build\src\diag\internal\noopLogger.d.ts","no",
".\node_modules\@opentelemetry\api\build\src\diag\ComponentLogger.d.ts","no",
".\node_modules\@opentelemetry\api\build\src\diag\consoleLogger.d.ts","no",
".\node_modules\@opentelemetry\api\build\src\diag\types.d.ts","no",
".\node_modules\@opentelemetry\api\build\src\experimental\trace\SugaredOptions.d.ts","no",
".\node_modules\@opentelemetry\api\build\src\experimental\trace\SugaredTracer.d.ts","no",
".\node_modules\@opentelemetry\api\build\src\experimental\index.d.ts","no",
".\node_modules\@opentelemetry\api\build\src\internal\global-utils.d.ts","no",
".\node_modules\@opentelemetry\api\build\src\internal\semver.d.ts","no",
".\node_modules\@opentelemetry\api\build\src\metrics\Meter.d.ts","no",
".\node_modules\@opentelemetry\api\build\src\metrics\MeterProvider.d.ts","no",
".\node_modules\@opentelemetry\api\build\src\metrics\Metric.d.ts","no",
".\node_modules\@opentelemetry\api\build\src\metrics\NoopMeter.d.ts","no",
".\node_modules\@opentelemetry\api\build\src\metrics\NoopMeterProvider.d.ts","no",
".\node_modules\@opentelemetry\api\build\src\metrics\ObservableResult.d.ts","no",
".\node_modules\@opentelemetry\api\build\src\platform\browser\globalThis.d.ts","no",
".\node_modules\@opentelemetry\api\build\src\platform\browser\index.d.ts","no",
".\node_modules\@opentelemetry\api\build\src\platform\node\globalThis.d.ts","no",
".\node_modules\@opentelemetry\api\build\src\platform\node\index.d.ts","no",
".\node_modules\@opentelemetry\api\build\src\platform\index.d.ts","no",
".\node_modules\@opentelemetry\api\build\src\propagation\NoopTextMapPropagator.d.ts","no",
".\node_modules\@opentelemetry\api\build\src\propagation\TextMapPropagator.d.ts","no",
".\node_modules\@opentelemetry\api\build\src\trace\internal\tracestate-impl.d.ts","no",
".\node_modules\@opentelemetry\api\build\src\trace\internal\tracestate-validators.d.ts","no",
".\node_modules\@opentelemetry\api\build\src\trace\internal\utils.d.ts","no",
".\node_modules\@opentelemetry\api\build\src\trace\attributes.d.ts","no",
".\node_modules\@opentelemetry\api\build\src\trace\context-utils.d.ts","no",
".\node_modules\@opentelemetry\api\build\src\trace\invalid-span-constants.d.ts","no",
".\node_modules\@opentelemetry\api\build\src\trace\link.d.ts","no",
".\node_modules\@opentelemetry\api\build\src\trace\NonRecordingSpan.d.ts","no",
".\node_modules\@opentelemetry\api\build\src\trace\NoopTracer.d.ts","no",
".\node_modules\@opentelemetry\api\build\src\trace\NoopTracerProvider.d.ts","no",
".\node_modules\@opentelemetry\api\build\src\trace\ProxyTracer.d.ts","no",
".\node_modules\@opentelemetry\api\build\src\trace\ProxyTracerProvider.d.ts","no",
".\node_modules\@opentelemetry\api\build\src\trace\Sampler.d.ts","no",
".\node_modules\@opentelemetry\api\build\src\trace\SamplingResult.d.ts","no",
".\node_modules\@opentelemetry\api\build\src\trace\span.d.ts","no",
".\node_modules\@opentelemetry\api\build\src\trace\spancontext-utils.d.ts","no",
".\node_modules\@opentelemetry\api\build\src\trace\SpanOptions.d.ts","no",
".\node_modules\@opentelemetry\api\build\src\trace\span_context.d.ts","no",
".\node_modules\@opentelemetry\api\build\src\trace\span_kind.d.ts","no",
".\node_modules\@opentelemetry\api\build\src\trace\status.d.ts","no",
".\node_modules\@opentelemetry\api\build\src\trace\tracer.d.ts","no",
".\node_modules\@opentelemetry\api\build\src\trace\tracer_options.d.ts","no",
".\node_modules\@opentelemetry\api\build\src\trace\tracer_provider.d.ts","no",
".\node_modules\@opentelemetry\api\build\src\trace\trace_flags.d.ts","no",
".\node_modules\@opentelemetry\api\build\src\trace\trace_state.d.ts","no",
".\node_modules\@opentelemetry\api\build\src\context-api.d.ts","no",
".\node_modules\@opentelemetry\api\build\src\diag-api.d.ts","no",
".\node_modules\@opentelemetry\api\build\src\index.d.ts","yes",
".\node_modules\@opentelemetry\api\build\src\metrics-api.d.ts","no",
".\node_modules\@opentelemetry\api\build\src\propagation-api.d.ts","no",
".\node_modules\@opentelemetry\api\build\src\trace-api.d.ts","no",
".\node_modules\@opentelemetry\api\build\src\version.d.ts","no",
".\node_modules\@opentelemetry\api-logs\build\esm\api\logs.d.ts","no",
".\node_modules\@opentelemetry\api-logs\build\esm\internal\global-utils.d.ts","no",
".\node_modules\@opentelemetry\api-logs\build\esm\platform\browser\globalThis.d.ts","no",
".\node_modules\@opentelemetry\api-logs\build\esm\platform\browser\index.d.ts","no",
".\node_modules\@opentelemetry\api-logs\build\esm\platform\node\globalThis.d.ts","no",
".\node_modules\@opentelemetry\api-logs\build\esm\platform\node\index.d.ts","no",
".\node_modules\@opentelemetry\api-logs\build\esm\platform\index.d.ts","no",
".\node_modules\@opentelemetry\api-logs\build\esm\types\AnyValue.d.ts","no",
".\node_modules\@opentelemetry\api-logs\build\esm\types\Logger.d.ts","no",
".\node_modules\@opentelemetry\api-logs\build\esm\types\LoggerOptions.d.ts","no",
".\node_modules\@opentelemetry\api-logs\build\esm\types\LoggerProvider.d.ts","no",
".\node_modules\@opentelemetry\api-logs\build\esm\types\LogRecord.d.ts","no",
".\node_modules\@opentelemetry\api-logs\build\esm\index.d.ts","no",
".\node_modules\@opentelemetry\api-logs\build\esm\NoopLogger.d.ts","no",
".\node_modules\@opentelemetry\api-logs\build\esm\NoopLoggerProvider.d.ts","no",
".\node_modules\@opentelemetry\api-logs\build\esm\ProxyLogger.d.ts","no",
".\node_modules\@opentelemetry\api-logs\build\esm\ProxyLoggerProvider.d.ts","no",
".\node_modules\@opentelemetry\api-logs\build\esm\version.d.ts","no",
".\node_modules\@opentelemetry\api-logs\build\esnext\api\logs.d.ts","no",
".\node_modules\@opentelemetry\api-logs\build\esnext\internal\global-utils.d.ts","no",
".\node_modules\@opentelemetry\api-logs\build\esnext\platform\browser\globalThis.d.ts","no",
".\node_modules\@opentelemetry\api-logs\build\esnext\platform\browser\index.d.ts","no",
".\node_modules\@opentelemetry\api-logs\build\esnext\platform\node\globalThis.d.ts","no",
".\node_modules\@opentelemetry\api-logs\build\esnext\platform\node\index.d.ts","no",
".\node_modules\@opentelemetry\api-logs\build\esnext\platform\index.d.ts","no",
".\node_modules\@opentelemetry\api-logs\build\esnext\types\AnyValue.d.ts","no",
".\node_modules\@opentelemetry\api-logs\build\esnext\types\Logger.d.ts","no",
".\node_modules\@opentelemetry\api-logs\build\esnext\types\LoggerOptions.d.ts","no",
".\node_modules\@opentelemetry\api-logs\build\esnext\types\LoggerProvider.d.ts","no",
".\node_modules\@opentelemetry\api-logs\build\esnext\types\LogRecord.d.ts","no",
".\node_modules\@opentelemetry\api-logs\build\esnext\index.d.ts","no",
".\node_modules\@opentelemetry\api-logs\build\esnext\NoopLogger.d.ts","no",
".\node_modules\@opentelemetry\api-logs\build\esnext\NoopLoggerProvider.d.ts","no",
".\node_modules\@opentelemetry\api-logs\build\esnext\ProxyLogger.d.ts","no",
".\node_modules\@opentelemetry\api-logs\build\esnext\ProxyLoggerProvider.d.ts","no",
".\node_modules\@opentelemetry\api-logs\build\esnext\version.d.ts","no",
".\node_modules\@opentelemetry\api-logs\build\src\api\logs.d.ts","no",
".\node_modules\@opentelemetry\api-logs\build\src\internal\global-utils.d.ts","no",
".\node_modules\@opentelemetry\api-logs\build\src\platform\browser\globalThis.d.ts","no",
".\node_modules\@opentelemetry\api-logs\build\src\platform\browser\index.d.ts","no",
".\node_modules\@opentelemetry\api-logs\build\src\platform\node\globalThis.d.ts","no",
".\node_modules\@opentelemetry\api-logs\build\src\platform\node\index.d.ts","no",
".\node_modules\@opentelemetry\api-logs\build\src\platform\index.d.ts","no",
".\node_modules\@opentelemetry\api-logs\build\src\types\AnyValue.d.ts","no",
".\node_modules\@opentelemetry\api-logs\build\src\types\Logger.d.ts","no",
".\node_modules\@opentelemetry\api-logs\build\src\types\LoggerOptions.d.ts","no",
".\node_modules\@opentelemetry\api-logs\build\src\types\LoggerProvider.d.ts","no",
".\node_modules\@opentelemetry\api-logs\build\src\types\LogRecord.d.ts","no",
".\node_modules\@opentelemetry\api-logs\build\src\index.d.ts","no",
".\node_modules\@opentelemetry\api-logs\build\src\NoopLogger.d.ts","no",
".\node_modules\@opentelemetry\api-logs\build\src\NoopLoggerProvider.d.ts","no",
".\node_modules\@opentelemetry\api-logs\build\src\ProxyLogger.d.ts","no",
".\node_modules\@opentelemetry\api-logs\build\src\ProxyLoggerProvider.d.ts","no",
".\node_modules\@opentelemetry\api-logs\build\src\version.d.ts","no",
".\node_modules\@opentelemetry\context-async-hooks\build\src\AbstractAsyncHooksContextManager.d.ts","no",
".\node_modules\@opentelemetry\context-async-hooks\build\src\AsyncHooksContextManager.d.ts","no",
".\node_modules\@opentelemetry\context-async-hooks\build\src\AsyncLocalStorageContextManager.d.ts","no",
".\node_modules\@opentelemetry\context-async-hooks\build\src\index.d.ts","no",
".\node_modules\@opentelemetry\context-async-hooks\build\src\version.d.ts","no",
".\node_modules\@opentelemetry\core\build\esm\baggage\propagation\W3CBaggagePropagator.d.ts","no",
".\node_modules\@opentelemetry\core\build\esm\baggage\constants.d.ts","no",
".\node_modules\@opentelemetry\core\build\esm\baggage\utils.d.ts","no",
".\node_modules\@opentelemetry\core\build\esm\common\anchored-clock.d.ts","no",
".\node_modules\@opentelemetry\core\build\esm\common\attributes.d.ts","no",
".\node_modules\@opentelemetry\core\build\esm\common\global-error-handler.d.ts","no",
".\node_modules\@opentelemetry\core\build\esm\common\logging-error-handler.d.ts","no",
".\node_modules\@opentelemetry\core\build\esm\common\time.d.ts","no",
".\node_modules\@opentelemetry\core\build\esm\common\types.d.ts","no",
".\node_modules\@opentelemetry\core\build\esm\internal\exporter.d.ts","no",
".\node_modules\@opentelemetry\core\build\esm\internal\validators.d.ts","no",
".\node_modules\@opentelemetry\core\build\esm\platform\browser\environment.d.ts","no",
".\node_modules\@opentelemetry\core\build\esm\platform\browser\globalThis.d.ts","no",
".\node_modules\@opentelemetry\core\build\esm\platform\browser\index.d.ts","no",
".\node_modules\@opentelemetry\core\build\esm\platform\browser\performance.d.ts","no",
".\node_modules\@opentelemetry\core\build\esm\platform\browser\sdk-info.d.ts","no",
".\node_modules\@opentelemetry\core\build\esm\platform\browser\timer-util.d.ts","no",
".\node_modules\@opentelemetry\core\build\esm\platform\node\environment.d.ts","no",
".\node_modules\@opentelemetry\core\build\esm\platform\node\globalThis.d.ts","no",
".\node_modules\@opentelemetry\core\build\esm\platform\node\index.d.ts","no",
".\node_modules\@opentelemetry\core\build\esm\platform\node\performance.d.ts","no",
".\node_modules\@opentelemetry\core\build\esm\platform\node\sdk-info.d.ts","no",
".\node_modules\@opentelemetry\core\build\esm\platform\node\timer-util.d.ts","no",
".\node_modules\@opentelemetry\core\build\esm\platform\index.d.ts","no",
".\node_modules\@opentelemetry\core\build\esm\propagation\composite.d.ts","no",
".\node_modules\@opentelemetry\core\build\esm\trace\rpc-metadata.d.ts","no",
".\node_modules\@opentelemetry\core\build\esm\trace\suppress-tracing.d.ts","no",
".\node_modules\@opentelemetry\core\build\esm\trace\TraceState.d.ts","no",
".\node_modules\@opentelemetry\core\build\esm\trace\W3CTraceContextPropagator.d.ts","no",
".\node_modules\@opentelemetry\core\build\esm\utils\callback.d.ts","no",
".\node_modules\@opentelemetry\core\build\esm\utils\configuration.d.ts","no",
".\node_modules\@opentelemetry\core\build\esm\utils\lodash.merge.d.ts","no",
".\node_modules\@opentelemetry\core\build\esm\utils\merge.d.ts","no",
".\node_modules\@opentelemetry\core\build\esm\utils\promise.d.ts","no",
".\node_modules\@opentelemetry\core\build\esm\utils\timeout.d.ts","no",
".\node_modules\@opentelemetry\core\build\esm\utils\url.d.ts","no",
".\node_modules\@opentelemetry\core\build\esm\ExportResult.d.ts","no",
".\node_modules\@opentelemetry\core\build\esm\index.d.ts","no",
".\node_modules\@opentelemetry\core\build\esm\semconv.d.ts","no",
".\node_modules\@opentelemetry\core\build\esm\version.d.ts","no",
".\node_modules\@opentelemetry\core\build\esnext\baggage\propagation\W3CBaggagePropagator.d.ts","no",
".\node_modules\@opentelemetry\core\build\esnext\baggage\constants.d.ts","no",
".\node_modules\@opentelemetry\core\build\esnext\baggage\utils.d.ts","no",
".\node_modules\@opentelemetry\core\build\esnext\common\anchored-clock.d.ts","no",
".\node_modules\@opentelemetry\core\build\esnext\common\attributes.d.ts","no",
".\node_modules\@opentelemetry\core\build\esnext\common\global-error-handler.d.ts","no",
".\node_modules\@opentelemetry\core\build\esnext\common\logging-error-handler.d.ts","no",
".\node_modules\@opentelemetry\core\build\esnext\common\time.d.ts","no",
".\node_modules\@opentelemetry\core\build\esnext\common\types.d.ts","no",
".\node_modules\@opentelemetry\core\build\esnext\internal\exporter.d.ts","no",
".\node_modules\@opentelemetry\core\build\esnext\internal\validators.d.ts","no",
".\node_modules\@opentelemetry\core\build\esnext\platform\browser\environment.d.ts","no",
".\node_modules\@opentelemetry\core\build\esnext\platform\browser\globalThis.d.ts","no",
".\node_modules\@opentelemetry\core\build\esnext\platform\browser\index.d.ts","no",
".\node_modules\@opentelemetry\core\build\esnext\platform\browser\performance.d.ts","no",
".\node_modules\@opentelemetry\core\build\esnext\platform\browser\sdk-info.d.ts","no",
".\node_modules\@opentelemetry\core\build\esnext\platform\browser\timer-util.d.ts","no",
".\node_modules\@opentelemetry\core\build\esnext\platform\node\environment.d.ts","no",
".\node_modules\@opentelemetry\core\build\esnext\platform\node\globalThis.d.ts","no",
".\node_modules\@opentelemetry\core\build\esnext\platform\node\index.d.ts","no",
".\node_modules\@opentelemetry\core\build\esnext\platform\node\performance.d.ts","no",
".\node_modules\@opentelemetry\core\build\esnext\platform\node\sdk-info.d.ts","no",
".\node_modules\@opentelemetry\core\build\esnext\platform\node\timer-util.d.ts","no",
".\node_modules\@opentelemetry\core\build\esnext\platform\index.d.ts","no",
".\node_modules\@opentelemetry\core\build\esnext\propagation\composite.d.ts","no",
".\node_modules\@opentelemetry\core\build\esnext\trace\rpc-metadata.d.ts","no",
".\node_modules\@opentelemetry\core\build\esnext\trace\suppress-tracing.d.ts","no",
".\node_modules\@opentelemetry\core\build\esnext\trace\TraceState.d.ts","no",
".\node_modules\@opentelemetry\core\build\esnext\trace\W3CTraceContextPropagator.d.ts","no",
".\node_modules\@opentelemetry\core\build\esnext\utils\callback.d.ts","no",
".\node_modules\@opentelemetry\core\build\esnext\utils\configuration.d.ts","no",
".\node_modules\@opentelemetry\core\build\esnext\utils\lodash.merge.d.ts","no",
".\node_modules\@opentelemetry\core\build\esnext\utils\merge.d.ts","no",
".\node_modules\@opentelemetry\core\build\esnext\utils\promise.d.ts","no",
".\node_modules\@opentelemetry\core\build\esnext\utils\timeout.d.ts","no",
".\node_modules\@opentelemetry\core\build\esnext\utils\url.d.ts","no",
".\node_modules\@opentelemetry\core\build\esnext\ExportResult.d.ts","no",
".\node_modules\@opentelemetry\core\build\esnext\index.d.ts","no",
".\node_modules\@opentelemetry\core\build\esnext\semconv.d.ts","no",
".\node_modules\@opentelemetry\core\build\esnext\version.d.ts","no",
".\node_modules\@opentelemetry\core\build\src\baggage\propagation\W3CBaggagePropagator.d.ts","no",
".\node_modules\@opentelemetry\core\build\src\baggage\constants.d.ts","no",
".\node_modules\@opentelemetry\core\build\src\baggage\utils.d.ts","no",
".\node_modules\@opentelemetry\core\build\src\common\anchored-clock.d.ts","no",
".\node_modules\@opentelemetry\core\build\src\common\attributes.d.ts","no",
".\node_modules\@opentelemetry\core\build\src\common\global-error-handler.d.ts","no",
".\node_modules\@opentelemetry\core\build\src\common\logging-error-handler.d.ts","no",
".\node_modules\@opentelemetry\core\build\src\common\time.d.ts","no",
".\node_modules\@opentelemetry\core\build\src\common\types.d.ts","no",
".\node_modules\@opentelemetry\core\build\src\internal\exporter.d.ts","no",
".\node_modules\@opentelemetry\core\build\src\internal\validators.d.ts","no",
".\node_modules\@opentelemetry\core\build\src\platform\browser\environment.d.ts","no",
".\node_modules\@opentelemetry\core\build\src\platform\browser\globalThis.d.ts","no",
".\node_modules\@opentelemetry\core\build\src\platform\browser\index.d.ts","no",
".\node_modules\@opentelemetry\core\build\src\platform\browser\performance.d.ts","no",
".\node_modules\@opentelemetry\core\build\src\platform\browser\sdk-info.d.ts","no",
".\node_modules\@opentelemetry\core\build\src\platform\browser\timer-util.d.ts","no",
".\node_modules\@opentelemetry\core\build\src\platform\node\environment.d.ts","no",
".\node_modules\@opentelemetry\core\build\src\platform\node\globalThis.d.ts","no",
".\node_modules\@opentelemetry\core\build\src\platform\node\index.d.ts","no",
".\node_modules\@opentelemetry\core\build\src\platform\node\performance.d.ts","no",
".\node_modules\@opentelemetry\core\build\src\platform\node\sdk-info.d.ts","no",
".\node_modules\@opentelemetry\core\build\src\platform\node\timer-util.d.ts","no",
".\node_modules\@opentelemetry\core\build\src\platform\index.d.ts","no",
".\node_modules\@opentelemetry\core\build\src\propagation\composite.d.ts","no",
".\node_modules\@opentelemetry\core\build\src\trace\rpc-metadata.d.ts","no",
".\node_modules\@opentelemetry\core\build\src\trace\suppress-tracing.d.ts","no",
".\node_modules\@opentelemetry\core\build\src\trace\TraceState.d.ts","no",
".\node_modules\@opentelemetry\core\build\src\trace\W3CTraceContextPropagator.d.ts","no",
".\node_modules\@opentelemetry\core\build\src\utils\callback.d.ts","no",
".\node_modules\@opentelemetry\core\build\src\utils\configuration.d.ts","no",
".\node_modules\@opentelemetry\core\build\src\utils\lodash.merge.d.ts","no",
".\node_modules\@opentelemetry\core\build\src\utils\merge.d.ts","no",
".\node_modules\@opentelemetry\core\build\src\utils\promise.d.ts","no",
".\node_modules\@opentelemetry\core\build\src\utils\timeout.d.ts","no",
".\node_modules\@opentelemetry\core\build\src\utils\url.d.ts","no",
".\node_modules\@opentelemetry\core\build\src\ExportResult.d.ts","no",
".\node_modules\@opentelemetry\core\build\src\index.d.ts","no",
".\node_modules\@opentelemetry\core\build\src\semconv.d.ts","no",
".\node_modules\@opentelemetry\core\build\src\version.d.ts","no",
".\node_modules\@opentelemetry\instrumentation\build\esm\platform\browser\index.d.ts","no",
".\node_modules\@opentelemetry\instrumentation\build\esm\platform\browser\instrumentation.d.ts","no",
".\node_modules\@opentelemetry\instrumentation\build\esm\platform\browser\noop-normalize.d.ts","no",
".\node_modules\@opentelemetry\instrumentation\build\esm\platform\node\index.d.ts","no",
".\node_modules\@opentelemetry\instrumentation\build\esm\platform\node\instrumentation.d.ts","no",
".\node_modules\@opentelemetry\instrumentation\build\esm\platform\node\ModuleNameTrie.d.ts","no",
".\node_modules\@opentelemetry\instrumentation\build\esm\platform\node\normalize.d.ts","no",
".\node_modules\@opentelemetry\instrumentation\build\esm\platform\node\RequireInTheMiddleSingleton.d.ts","no",
".\node_modules\@opentelemetry\instrumentation\build\esm\platform\index.d.ts","no",
".\node_modules\@opentelemetry\instrumentation\build\esm\autoLoader.d.ts","no",
".\node_modules\@opentelemetry\instrumentation\build\esm\autoLoaderUtils.d.ts","no",
".\node_modules\@opentelemetry\instrumentation\build\esm\index.d.ts","no",
".\node_modules\@opentelemetry\instrumentation\build\esm\instrumentation.d.ts","no",
".\node_modules\@opentelemetry\instrumentation\build\esm\instrumentationNodeModuleDefinition.d.ts","no",
".\node_modules\@opentelemetry\instrumentation\build\esm\instrumentationNodeModuleFile.d.ts","no",
".\node_modules\@opentelemetry\instrumentation\build\esm\semconvStability.d.ts","no",
".\node_modules\@opentelemetry\instrumentation\build\esm\semver.d.ts","no",
".\node_modules\@opentelemetry\instrumentation\build\esm\shimmer.d.ts","yes",
".\node_modules\@opentelemetry\instrumentation\build\esm\types.d.ts","no",
".\node_modules\@opentelemetry\instrumentation\build\esm\types_internal.d.ts","no",
".\node_modules\@opentelemetry\instrumentation\build\esm\utils.d.ts","no",
".\node_modules\@opentelemetry\instrumentation\build\esm\version.d.ts","no",
".\node_modules\@opentelemetry\instrumentation\build\esnext\platform\browser\index.d.ts","no",
".\node_modules\@opentelemetry\instrumentation\build\esnext\platform\browser\instrumentation.d.ts","no",
".\node_modules\@opentelemetry\instrumentation\build\esnext\platform\browser\noop-normalize.d.ts","no",
".\node_modules\@opentelemetry\instrumentation\build\esnext\platform\node\index.d.ts","no",
".\node_modules\@opentelemetry\instrumentation\build\esnext\platform\node\instrumentation.d.ts","no",
".\node_modules\@opentelemetry\instrumentation\build\esnext\platform\node\ModuleNameTrie.d.ts","no",
".\node_modules\@opentelemetry\instrumentation\build\esnext\platform\node\normalize.d.ts","no",
".\node_modules\@opentelemetry\instrumentation\build\esnext\platform\node\RequireInTheMiddleSingleton.d.ts","no",
".\node_modules\@opentelemetry\instrumentation\build\esnext\platform\index.d.ts","no",
".\node_modules\@opentelemetry\instrumentation\build\esnext\autoLoader.d.ts","no",
".\node_modules\@opentelemetry\instrumentation\build\esnext\autoLoaderUtils.d.ts","no",
".\node_modules\@opentelemetry\instrumentation\build\esnext\index.d.ts","no",
".\node_modules\@opentelemetry\instrumentation\build\esnext\instrumentation.d.ts","no",
".\node_modules\@opentelemetry\instrumentation\build\esnext\instrumentationNodeModuleDefinition.d.ts","no",
".\node_modules\@opentelemetry\instrumentation\build\esnext\instrumentationNodeModuleFile.d.ts","no",
".\node_modules\@opentelemetry\instrumentation\build\esnext\semconvStability.d.ts","no",
".\node_modules\@opentelemetry\instrumentation\build\esnext\semver.d.ts","no",
".\node_modules\@opentelemetry\instrumentation\build\esnext\shimmer.d.ts","yes",
".\node_modules\@opentelemetry\instrumentation\build\esnext\types.d.ts","no",
".\node_modules\@opentelemetry\instrumentation\build\esnext\types_internal.d.ts","no",
".\node_modules\@opentelemetry\instrumentation\build\esnext\utils.d.ts","no",
".\node_modules\@opentelemetry\instrumentation\build\esnext\version.d.ts","no",
".\node_modules\@opentelemetry\instrumentation\build\src\platform\browser\index.d.ts","no",
".\node_modules\@opentelemetry\instrumentation\build\src\platform\browser\instrumentation.d.ts","no",
".\node_modules\@opentelemetry\instrumentation\build\src\platform\browser\noop-normalize.d.ts","no",
".\node_modules\@opentelemetry\instrumentation\build\src\platform\node\index.d.ts","no",
".\node_modules\@opentelemetry\instrumentation\build\src\platform\node\instrumentation.d.ts","no",
".\node_modules\@opentelemetry\instrumentation\build\src\platform\node\ModuleNameTrie.d.ts","no",
".\node_modules\@opentelemetry\instrumentation\build\src\platform\node\normalize.d.ts","no",
".\node_modules\@opentelemetry\instrumentation\build\src\platform\node\RequireInTheMiddleSingleton.d.ts","no",
".\node_modules\@opentelemetry\instrumentation\build\src\platform\index.d.ts","no",
".\node_modules\@opentelemetry\instrumentation\build\src\autoLoader.d.ts","no",
".\node_modules\@opentelemetry\instrumentation\build\src\autoLoaderUtils.d.ts","no",
".\node_modules\@opentelemetry\instrumentation\build\src\index.d.ts","no",
".\node_modules\@opentelemetry\instrumentation\build\src\instrumentation.d.ts","no",
".\node_modules\@opentelemetry\instrumentation\build\src\instrumentationNodeModuleDefinition.d.ts","no",
".\node_modules\@opentelemetry\instrumentation\build\src\instrumentationNodeModuleFile.d.ts","no",
".\node_modules\@opentelemetry\instrumentation\build\src\semconvStability.d.ts","no",
".\node_modules\@opentelemetry\instrumentation\build\src\semver.d.ts","no",
".\node_modules\@opentelemetry\instrumentation\build\src\shimmer.d.ts","yes",
".\node_modules\@opentelemetry\instrumentation\build\src\types.d.ts","no",
".\node_modules\@opentelemetry\instrumentation\build\src\types_internal.d.ts","no",
".\node_modules\@opentelemetry\instrumentation\build\src\utils.d.ts","no",
".\node_modules\@opentelemetry\instrumentation\build\src\version.d.ts","no",
".\node_modules\@opentelemetry\instrumentation-amqplib\build\src\amqplib.d.ts","no",
".\node_modules\@opentelemetry\instrumentation-amqplib\build\src\index.d.ts","no",
".\node_modules\@opentelemetry\instrumentation-amqplib\build\src\types.d.ts","no",
".\node_modules\@opentelemetry\instrumentation-amqplib\build\src\utils.d.ts","no",
".\node_modules\@opentelemetry\instrumentation-amqplib\build\src\version.d.ts","no",
".\node_modules\@opentelemetry\instrumentation-connect\build\src\enums\AttributeNames.d.ts","no",
".\node_modules\@opentelemetry\instrumentation-connect\build\src\index.d.ts","no",
".\node_modules\@opentelemetry\instrumentation-connect\build\src\instrumentation.d.ts","no",
".\node_modules\@opentelemetry\instrumentation-connect\build\src\internal-types.d.ts","no",
".\node_modules\@opentelemetry\instrumentation-connect\build\src\utils.d.ts","no",
".\node_modules\@opentelemetry\instrumentation-connect\build\src\version.d.ts","no",
".\node_modules\@opentelemetry\instrumentation-dataloader\build\src\index.d.ts","no",
".\node_modules\@opentelemetry\instrumentation-dataloader\build\src\instrumentation.d.ts","no",
".\node_modules\@opentelemetry\instrumentation-dataloader\build\src\types.d.ts","no",
".\node_modules\@opentelemetry\instrumentation-dataloader\build\src\version.d.ts","no",
".\node_modules\@opentelemetry\instrumentation-express\build\src\enums\AttributeNames.d.ts","no",
".\node_modules\@opentelemetry\instrumentation-express\build\src\enums\ExpressLayerType.d.ts","no",
".\node_modules\@opentelemetry\instrumentation-express\build\src\index.d.ts","no",
".\node_modules\@opentelemetry\instrumentation-express\build\src\instrumentation.d.ts","no",
".\node_modules\@opentelemetry\instrumentation-express\build\src\internal-types.d.ts","no",
".\node_modules\@opentelemetry\instrumentation-express\build\src\types.d.ts","no",
".\node_modules\@opentelemetry\instrumentation-express\build\src\utils.d.ts","no",
".\node_modules\@opentelemetry\instrumentation-express\build\src\version.d.ts","no",
".\node_modules\@opentelemetry\instrumentation-fs\build\src\constants.d.ts","no",
".\node_modules\@opentelemetry\instrumentation-fs\build\src\index.d.ts","no",
".\node_modules\@opentelemetry\instrumentation-fs\build\src\instrumentation.d.ts","no",
".\node_modules\@opentelemetry\instrumentation-fs\build\src\types.d.ts","no",
".\node_modules\@opentelemetry\instrumentation-fs\build\src\utils.d.ts","no",
".\node_modules\@opentelemetry\instrumentation-fs\build\src\version.d.ts","no",
".\node_modules\@opentelemetry\instrumentation-generic-pool\build\src\index.d.ts","no",
".\node_modules\@opentelemetry\instrumentation-generic-pool\build\src\instrumentation.d.ts","no",
".\node_modules\@opentelemetry\instrumentation-generic-pool\build\src\version.d.ts","no",
".\node_modules\@opentelemetry\instrumentation-graphql\build\src\enums\AttributeNames.d.ts","no",
".\node_modules\@opentelemetry\instrumentation-graphql\build\src\enum.d.ts","no",
".\node_modules\@opentelemetry\instrumentation-graphql\build\src\index.d.ts","no",
".\node_modules\@opentelemetry\instrumentation-graphql\build\src\instrumentation.d.ts","no",
".\node_modules\@opentelemetry\instrumentation-graphql\build\src\internal-types.d.ts","no",
".\node_modules\@opentelemetry\instrumentation-graphql\build\src\symbols.d.ts","no",
".\node_modules\@opentelemetry\instrumentation-graphql\build\src\types.d.ts","no",
".\node_modules\@opentelemetry\instrumentation-graphql\build\src\utils.d.ts","no",
".\node_modules\@opentelemetry\instrumentation-graphql\build\src\version.d.ts","no",
".\node_modules\@opentelemetry\instrumentation-hapi\build\src\enums\AttributeNames.d.ts","no",
".\node_modules\@opentelemetry\instrumentation-hapi\build\src\index.d.ts","no",
".\node_modules\@opentelemetry\instrumentation-hapi\build\src\instrumentation.d.ts","no",
".\node_modules\@opentelemetry\instrumentation-hapi\build\src\internal-types.d.ts","no",
".\node_modules\@opentelemetry\instrumentation-hapi\build\src\semconv.d.ts","no",
".\node_modules\@opentelemetry\instrumentation-hapi\build\src\utils.d.ts","no",
".\node_modules\@opentelemetry\instrumentation-hapi\build\src\version.d.ts","no",
".\node_modules\@opentelemetry\instrumentation-http\build\src\enums\AttributeNames.d.ts","no",
".\node_modules\@opentelemetry\instrumentation-http\build\src\http.d.ts","no",
".\node_modules\@opentelemetry\instrumentation-http\build\src\index.d.ts","no",
".\node_modules\@opentelemetry\instrumentation-http\build\src\internal-types.d.ts","no",
".\node_modules\@opentelemetry\instrumentation-http\build\src\semconv.d.ts","no",
".\node_modules\@opentelemetry\instrumentation-http\build\src\types.d.ts","no",
".\node_modules\@opentelemetry\instrumentation-http\build\src\utils.d.ts","no",
".\node_modules\@opentelemetry\instrumentation-http\build\src\version.d.ts","no",
".\node_modules\@opentelemetry\instrumentation-ioredis\build\src\index.d.ts","no",
".\node_modules\@opentelemetry\instrumentation-ioredis\build\src\instrumentation.d.ts","no",
".\node_modules\@opentelemetry\instrumentation-ioredis\build\src\internal-types.d.ts","no",
".\node_modules\@opentelemetry\instrumentation-ioredis\build\src\types.d.ts","no",
".\node_modules\@opentelemetry\instrumentation-ioredis\build\src\utils.d.ts","no",
".\node_modules\@opentelemetry\instrumentation-ioredis\build\src\version.d.ts","no",
".\node_modules\@opentelemetry\instrumentation-kafkajs\build\src\index.d.ts","no",
".\node_modules\@opentelemetry\instrumentation-kafkajs\build\src\instrumentation.d.ts","no",
".\node_modules\@opentelemetry\instrumentation-kafkajs\build\src\internal-types.d.ts","no",
".\node_modules\@opentelemetry\instrumentation-kafkajs\build\src\propagator.d.ts","no",
".\node_modules\@opentelemetry\instrumentation-kafkajs\build\src\semconv.d.ts","no",
".\node_modules\@opentelemetry\instrumentation-kafkajs\build\src\types.d.ts","no",
".\node_modules\@opentelemetry\instrumentation-kafkajs\build\src\version.d.ts","no",
".\node_modules\@opentelemetry\instrumentation-knex\build\src\constants.d.ts","no",
".\node_modules\@opentelemetry\instrumentation-knex\build\src\index.d.ts","no",
".\node_modules\@opentelemetry\instrumentation-knex\build\src\instrumentation.d.ts","no",
".\node_modules\@opentelemetry\instrumentation-knex\build\src\semconv.d.ts","no",
".\node_modules\@opentelemetry\instrumentation-knex\build\src\types.d.ts","no",
".\node_modules\@opentelemetry\instrumentation-knex\build\src\utils.d.ts","no",
".\node_modules\@opentelemetry\instrumentation-knex\build\src\version.d.ts","no",
".\node_modules\@opentelemetry\instrumentation-koa\build\src\enums\AttributeNames.d.ts","no",
".\node_modules\@opentelemetry\instrumentation-koa\build\src\index.d.ts","no",
".\node_modules\@opentelemetry\instrumentation-koa\build\src\instrumentation.d.ts","no",
".\node_modules\@opentelemetry\instrumentation-koa\build\src\internal-types.d.ts","no",
".\node_modules\@opentelemetry\instrumentation-koa\build\src\types.d.ts","no",
".\node_modules\@opentelemetry\instrumentation-koa\build\src\utils.d.ts","no",
".\node_modules\@opentelemetry\instrumentation-koa\build\src\version.d.ts","no",
".\node_modules\@opentelemetry\instrumentation-lru-memoizer\build\src\index.d.ts","no",
".\node_modules\@opentelemetry\instrumentation-lru-memoizer\build\src\instrumentation.d.ts","no",
".\node_modules\@opentelemetry\instrumentation-lru-memoizer\build\src\version.d.ts","no",
".\node_modules\@opentelemetry\instrumentation-mongodb\build\src\index.d.ts","no",
".\node_modules\@opentelemetry\instrumentation-mongodb\build\src\instrumentation.d.ts","no",
".\node_modules\@opentelemetry\instrumentation-mongodb\build\src\internal-types.d.ts","no",
".\node_modules\@opentelemetry\instrumentation-mongodb\build\src\types.d.ts","no",
".\node_modules\@opentelemetry\instrumentation-mongodb\build\src\version.d.ts","no",
".\node_modules\@opentelemetry\instrumentation-mongoose\build\src\index.d.ts","no",
".\node_modules\@opentelemetry\instrumentation-mongoose\build\src\mongoose.d.ts","no",
".\node_modules\@opentelemetry\instrumentation-mongoose\build\src\types.d.ts","no",
".\node_modules\@opentelemetry\instrumentation-mongoose\build\src\utils.d.ts","no",
".\node_modules\@opentelemetry\instrumentation-mongoose\build\src\version.d.ts","no",
".\node_modules\@opentelemetry\instrumentation-mysql\build\src\AttributeNames.d.ts","no",
".\node_modules\@opentelemetry\instrumentation-mysql\build\src\index.d.ts","no",
".\node_modules\@opentelemetry\instrumentation-mysql\build\src\instrumentation.d.ts","no",
".\node_modules\@opentelemetry\instrumentation-mysql\build\src\types.d.ts","no",
".\node_modules\@opentelemetry\instrumentation-mysql\build\src\utils.d.ts","no",
".\node_modules\@opentelemetry\instrumentation-mysql\build\src\version.d.ts","no",
".\node_modules\@opentelemetry\instrumentation-mysql2\build\src\index.d.ts","no",
".\node_modules\@opentelemetry\instrumentation-mysql2\build\src\instrumentation.d.ts","no",
".\node_modules\@opentelemetry\instrumentation-mysql2\build\src\types.d.ts","no",
".\node_modules\@opentelemetry\instrumentation-mysql2\build\src\utils.d.ts","no",
".\node_modules\@opentelemetry\instrumentation-mysql2\build\src\version.d.ts","no",
".\node_modules\@opentelemetry\instrumentation-pg\build\src\enums\AttributeNames.d.ts","no",
".\node_modules\@opentelemetry\instrumentation-pg\build\src\enums\SpanNames.d.ts","no",
".\node_modules\@opentelemetry\instrumentation-pg\build\src\index.d.ts","no",
".\node_modules\@opentelemetry\instrumentation-pg\build\src\instrumentation.d.ts","no",
".\node_modules\@opentelemetry\instrumentation-pg\build\src\internal-types.d.ts","no",
".\node_modules\@opentelemetry\instrumentation-pg\build\src\semconv.d.ts","no",
".\node_modules\@opentelemetry\instrumentation-pg\build\src\types.d.ts","no",
".\node_modules\@opentelemetry\instrumentation-pg\build\src\utils.d.ts","no",
".\node_modules\@opentelemetry\instrumentation-pg\build\src\version.d.ts","no",
".\node_modules\@opentelemetry\instrumentation-redis\build\src\v2-v3\instrumentation.d.ts","no",
".\node_modules\@opentelemetry\instrumentation-redis\build\src\v2-v3\internal-types.d.ts","no",
".\node_modules\@opentelemetry\instrumentation-redis\build\src\v2-v3\utils.d.ts","no",
".\node_modules\@opentelemetry\instrumentation-redis\build\src\v4-v5\instrumentation.d.ts","no",
".\node_modules\@opentelemetry\instrumentation-redis\build\src\v4-v5\internal-types.d.ts","no",
".\node_modules\@opentelemetry\instrumentation-redis\build\src\v4-v5\utils.d.ts","no",
".\node_modules\@opentelemetry\instrumentation-redis\build\src\index.d.ts","no",
".\node_modules\@opentelemetry\instrumentation-redis\build\src\redis.d.ts","no",
".\node_modules\@opentelemetry\instrumentation-redis\build\src\types.d.ts","no",
".\node_modules\@opentelemetry\instrumentation-redis\build\src\version.d.ts","no",
".\node_modules\@opentelemetry\instrumentation-tedious\build\src\index.d.ts","no",
".\node_modules\@opentelemetry\instrumentation-tedious\build\src\instrumentation.d.ts","no",
".\node_modules\@opentelemetry\instrumentation-tedious\build\src\types.d.ts","no",
".\node_modules\@opentelemetry\instrumentation-tedious\build\src\utils.d.ts","no",
".\node_modules\@opentelemetry\instrumentation-tedious\build\src\version.d.ts","no",
".\node_modules\@opentelemetry\instrumentation-undici\build\src\enums\SemanticAttributes.d.ts","no",
".\node_modules\@opentelemetry\instrumentation-undici\build\src\index.d.ts","no",
".\node_modules\@opentelemetry\instrumentation-undici\build\src\internal-types.d.ts","no",
".\node_modules\@opentelemetry\instrumentation-undici\build\src\types.d.ts","no",
".\node_modules\@opentelemetry\instrumentation-undici\build\src\undici.d.ts","no",
".\node_modules\@opentelemetry\instrumentation-undici\build\src\version.d.ts","no",
".\node_modules\@opentelemetry\redis-common\build\src\index.d.ts","no",
".\node_modules\@opentelemetry\redis-common\build\test\redis-common.test.d.ts","no",
".\node_modules\@opentelemetry\resources\build\esm\detectors\platform\browser\HostDetector.d.ts","no",
".\node_modules\@opentelemetry\resources\build\esm\detectors\platform\browser\index.d.ts","no",
".\node_modules\@opentelemetry\resources\build\esm\detectors\platform\browser\OSDetector.d.ts","no",
".\node_modules\@opentelemetry\resources\build\esm\detectors\platform\browser\ProcessDetector.d.ts","no",
".\node_modules\@opentelemetry\resources\build\esm\detectors\platform\browser\ServiceInstanceIdDetector.d.ts","no",
".\node_modules\@opentelemetry\resources\build\esm\detectors\platform\node\machine-id\execAsync.d.ts","no",
".\node_modules\@opentelemetry\resources\build\esm\detectors\platform\node\machine-id\getMachineId-bsd.d.ts","no",
".\node_modules\@opentelemetry\resources\build\esm\detectors\platform\node\machine-id\getMachineId-darwin.d.ts","no",
".\node_modules\@opentelemetry\resources\build\esm\detectors\platform\node\machine-id\getMachineId-linux.d.ts","no",
".\node_modules\@opentelemetry\resources\build\esm\detectors\platform\node\machine-id\getMachineId-unsupported.d.ts","no",
".\node_modules\@opentelemetry\resources\build\esm\detectors\platform\node\machine-id\getMachineId-win.d.ts","no",
".\node_modules\@opentelemetry\resources\build\esm\detectors\platform\node\machine-id\getMachineId.d.ts","no",
".\node_modules\@opentelemetry\resources\build\esm\detectors\platform\node\HostDetector.d.ts","no",
".\node_modules\@opentelemetry\resources\build\esm\detectors\platform\node\index.d.ts","no",
".\node_modules\@opentelemetry\resources\build\esm\detectors\platform\node\OSDetector.d.ts","no",
".\node_modules\@opentelemetry\resources\build\esm\detectors\platform\node\ProcessDetector.d.ts","no",
".\node_modules\@opentelemetry\resources\build\esm\detectors\platform\node\ServiceInstanceIdDetector.d.ts","no",
".\node_modules\@opentelemetry\resources\build\esm\detectors\platform\node\utils.d.ts","no",
".\node_modules\@opentelemetry\resources\build\esm\detectors\platform\index.d.ts","no",
".\node_modules\@opentelemetry\resources\build\esm\detectors\EnvDetector.d.ts","no",
".\node_modules\@opentelemetry\resources\build\esm\detectors\index.d.ts","no",
".\node_modules\@opentelemetry\resources\build\esm\detectors\NoopDetector.d.ts","no",
".\node_modules\@opentelemetry\resources\build\esm\platform\browser\default-service-name.d.ts","no",
".\node_modules\@opentelemetry\resources\build\esm\platform\browser\index.d.ts","no",
".\node_modules\@opentelemetry\resources\build\esm\platform\node\default-service-name.d.ts","no",
".\node_modules\@opentelemetry\resources\build\esm\platform\node\index.d.ts","no",
".\node_modules\@opentelemetry\resources\build\esm\platform\index.d.ts","no",
".\node_modules\@opentelemetry\resources\build\esm\config.d.ts","no",
".\node_modules\@opentelemetry\resources\build\esm\detect-resources.d.ts","no",
".\node_modules\@opentelemetry\resources\build\esm\index.d.ts","no",
".\node_modules\@opentelemetry\resources\build\esm\Resource.d.ts","no",
".\node_modules\@opentelemetry\resources\build\esm\ResourceImpl.d.ts","no",
".\node_modules\@opentelemetry\resources\build\esm\semconv.d.ts","no",
".\node_modules\@opentelemetry\resources\build\esm\types.d.ts","no",
".\node_modules\@opentelemetry\resources\build\esm\utils.d.ts","no",
".\node_modules\@opentelemetry\resources\build\esm\version.d.ts","no",
".\node_modules\@opentelemetry\resources\build\esnext\detectors\platform\browser\HostDetector.d.ts","no",
".\node_modules\@opentelemetry\resources\build\esnext\detectors\platform\browser\index.d.ts","no",
".\node_modules\@opentelemetry\resources\build\esnext\detectors\platform\browser\OSDetector.d.ts","no",
".\node_modules\@opentelemetry\resources\build\esnext\detectors\platform\browser\ProcessDetector.d.ts","no",
".\node_modules\@opentelemetry\resources\build\esnext\detectors\platform\browser\ServiceInstanceIdDetector.d.ts","no",
".\node_modules\@opentelemetry\resources\build\esnext\detectors\platform\node\machine-id\execAsync.d.ts","no",
".\node_modules\@opentelemetry\resources\build\esnext\detectors\platform\node\machine-id\getMachineId-bsd.d.ts","no",
".\node_modules\@opentelemetry\resources\build\esnext\detectors\platform\node\machine-id\getMachineId-darwin.d.ts","no",
".\node_modules\@opentelemetry\resources\build\esnext\detectors\platform\node\machine-id\getMachineId-linux.d.ts","no",
".\node_modules\@opentelemetry\resources\build\esnext\detectors\platform\node\machine-id\getMachineId-unsupported.d.ts","no",
".\node_modules\@opentelemetry\resources\build\esnext\detectors\platform\node\machine-id\getMachineId-win.d.ts","no",
".\node_modules\@opentelemetry\resources\build\esnext\detectors\platform\node\machine-id\getMachineId.d.ts","no",
".\node_modules\@opentelemetry\resources\build\esnext\detectors\platform\node\HostDetector.d.ts","no",
".\node_modules\@opentelemetry\resources\build\esnext\detectors\platform\node\index.d.ts","no",
".\node_modules\@opentelemetry\resources\build\esnext\detectors\platform\node\OSDetector.d.ts","no",
".\node_modules\@opentelemetry\resources\build\esnext\detectors\platform\node\ProcessDetector.d.ts","no",
".\node_modules\@opentelemetry\resources\build\esnext\detectors\platform\node\ServiceInstanceIdDetector.d.ts","no",
".\node_modules\@opentelemetry\resources\build\esnext\detectors\platform\node\utils.d.ts","no",
".\node_modules\@opentelemetry\resources\build\esnext\detectors\platform\index.d.ts","no",
".\node_modules\@opentelemetry\resources\build\esnext\detectors\EnvDetector.d.ts","no",
".\node_modules\@opentelemetry\resources\build\esnext\detectors\index.d.ts","no",
".\node_modules\@opentelemetry\resources\build\esnext\detectors\NoopDetector.d.ts","no",
".\node_modules\@opentelemetry\resources\build\esnext\platform\browser\default-service-name.d.ts","no",
".\node_modules\@opentelemetry\resources\build\esnext\platform\browser\index.d.ts","no",
".\node_modules\@opentelemetry\resources\build\esnext\platform\node\default-service-name.d.ts","no",
".\node_modules\@opentelemetry\resources\build\esnext\platform\node\index.d.ts","no",
".\node_modules\@opentelemetry\resources\build\esnext\platform\index.d.ts","no",
".\node_modules\@opentelemetry\resources\build\esnext\config.d.ts","no",
".\node_modules\@opentelemetry\resources\build\esnext\detect-resources.d.ts","no",
".\node_modules\@opentelemetry\resources\build\esnext\index.d.ts","no",
".\node_modules\@opentelemetry\resources\build\esnext\Resource.d.ts","no",
".\node_modules\@opentelemetry\resources\build\esnext\ResourceImpl.d.ts","no",
".\node_modules\@opentelemetry\resources\build\esnext\semconv.d.ts","no",
".\node_modules\@opentelemetry\resources\build\esnext\types.d.ts","no",
".\node_modules\@opentelemetry\resources\build\esnext\utils.d.ts","no",
".\node_modules\@opentelemetry\resources\build\esnext\version.d.ts","no",
".\node_modules\@opentelemetry\resources\build\src\detectors\platform\browser\HostDetector.d.ts","no",
".\node_modules\@opentelemetry\resources\build\src\detectors\platform\browser\index.d.ts","no",
".\node_modules\@opentelemetry\resources\build\src\detectors\platform\browser\OSDetector.d.ts","no",
".\node_modules\@opentelemetry\resources\build\src\detectors\platform\browser\ProcessDetector.d.ts","no",
".\node_modules\@opentelemetry\resources\build\src\detectors\platform\browser\ServiceInstanceIdDetector.d.ts","no",
".\node_modules\@opentelemetry\resources\build\src\detectors\platform\node\machine-id\execAsync.d.ts","no",
".\node_modules\@opentelemetry\resources\build\src\detectors\platform\node\machine-id\getMachineId-bsd.d.ts","no",
".\node_modules\@opentelemetry\resources\build\src\detectors\platform\node\machine-id\getMachineId-darwin.d.ts","no",
".\node_modules\@opentelemetry\resources\build\src\detectors\platform\node\machine-id\getMachineId-linux.d.ts","no",
".\node_modules\@opentelemetry\resources\build\src\detectors\platform\node\machine-id\getMachineId-unsupported.d.ts","no",
".\node_modules\@opentelemetry\resources\build\src\detectors\platform\node\machine-id\getMachineId-win.d.ts","no",
".\node_modules\@opentelemetry\resources\build\src\detectors\platform\node\machine-id\getMachineId.d.ts","no",
".\node_modules\@opentelemetry\resources\build\src\detectors\platform\node\HostDetector.d.ts","no",
".\node_modules\@opentelemetry\resources\build\src\detectors\platform\node\index.d.ts","no",
".\node_modules\@opentelemetry\resources\build\src\detectors\platform\node\OSDetector.d.ts","no",
".\node_modules\@opentelemetry\resources\build\src\detectors\platform\node\ProcessDetector.d.ts","no",
".\node_modules\@opentelemetry\resources\build\src\detectors\platform\node\ServiceInstanceIdDetector.d.ts","no",
".\node_modules\@opentelemetry\resources\build\src\detectors\platform\node\utils.d.ts","no",
".\node_modules\@opentelemetry\resources\build\src\detectors\platform\index.d.ts","no",
".\node_modules\@opentelemetry\resources\build\src\detectors\EnvDetector.d.ts","no",
".\node_modules\@opentelemetry\resources\build\src\detectors\index.d.ts","no",
".\node_modules\@opentelemetry\resources\build\src\detectors\NoopDetector.d.ts","no",
".\node_modules\@opentelemetry\resources\build\src\platform\browser\default-service-name.d.ts","no",
".\node_modules\@opentelemetry\resources\build\src\platform\browser\index.d.ts","no",
".\node_modules\@opentelemetry\resources\build\src\platform\node\default-service-name.d.ts","no",
".\node_modules\@opentelemetry\resources\build\src\platform\node\index.d.ts","no",
".\node_modules\@opentelemetry\resources\build\src\platform\index.d.ts","no",
".\node_modules\@opentelemetry\resources\build\src\config.d.ts","no",
".\node_modules\@opentelemetry\resources\build\src\detect-resources.d.ts","no",
".\node_modules\@opentelemetry\resources\build\src\index.d.ts","no",
".\node_modules\@opentelemetry\resources\build\src\Resource.d.ts","no",
".\node_modules\@opentelemetry\resources\build\src\ResourceImpl.d.ts","no",
".\node_modules\@opentelemetry\resources\build\src\semconv.d.ts","no",
".\node_modules\@opentelemetry\resources\build\src\types.d.ts","no",
".\node_modules\@opentelemetry\resources\build\src\utils.d.ts","no",
".\node_modules\@opentelemetry\resources\build\src\version.d.ts","no",
".\node_modules\@opentelemetry\sdk-trace-base\build\esm\export\BatchSpanProcessorBase.d.ts","no",
".\node_modules\@opentelemetry\sdk-trace-base\build\esm\export\ConsoleSpanExporter.d.ts","no",
".\node_modules\@opentelemetry\sdk-trace-base\build\esm\export\InMemorySpanExporter.d.ts","no",
".\node_modules\@opentelemetry\sdk-trace-base\build\esm\export\NoopSpanProcessor.d.ts","no",
".\node_modules\@opentelemetry\sdk-trace-base\build\esm\export\ReadableSpan.d.ts","no",
".\node_modules\@opentelemetry\sdk-trace-base\build\esm\export\SimpleSpanProcessor.d.ts","no",
".\node_modules\@opentelemetry\sdk-trace-base\build\esm\export\SpanExporter.d.ts","no",
".\node_modules\@opentelemetry\sdk-trace-base\build\esm\platform\browser\export\BatchSpanProcessor.d.ts","no",
".\node_modules\@opentelemetry\sdk-trace-base\build\esm\platform\browser\index.d.ts","no",
".\node_modules\@opentelemetry\sdk-trace-base\build\esm\platform\browser\RandomIdGenerator.d.ts","no",
".\node_modules\@opentelemetry\sdk-trace-base\build\esm\platform\node\export\BatchSpanProcessor.d.ts","no",
".\node_modules\@opentelemetry\sdk-trace-base\build\esm\platform\node\index.d.ts","no",
".\node_modules\@opentelemetry\sdk-trace-base\build\esm\platform\node\RandomIdGenerator.d.ts","no",
".\node_modules\@opentelemetry\sdk-trace-base\build\esm\platform\index.d.ts","no",
".\node_modules\@opentelemetry\sdk-trace-base\build\esm\sampler\AlwaysOffSampler.d.ts","no",
".\node_modules\@opentelemetry\sdk-trace-base\build\esm\sampler\AlwaysOnSampler.d.ts","no",
".\node_modules\@opentelemetry\sdk-trace-base\build\esm\sampler\ParentBasedSampler.d.ts","no",
".\node_modules\@opentelemetry\sdk-trace-base\build\esm\sampler\TraceIdRatioBasedSampler.d.ts","no",
".\node_modules\@opentelemetry\sdk-trace-base\build\esm\BasicTracerProvider.d.ts","no",
".\node_modules\@opentelemetry\sdk-trace-base\build\esm\config.d.ts","no",
".\node_modules\@opentelemetry\sdk-trace-base\build\esm\enums.d.ts","no",
".\node_modules\@opentelemetry\sdk-trace-base\build\esm\IdGenerator.d.ts","no",
".\node_modules\@opentelemetry\sdk-trace-base\build\esm\index.d.ts","no",
".\node_modules\@opentelemetry\sdk-trace-base\build\esm\MultiSpanProcessor.d.ts","no",
".\node_modules\@opentelemetry\sdk-trace-base\build\esm\Sampler.d.ts","no",
".\node_modules\@opentelemetry\sdk-trace-base\build\esm\Span.d.ts","no",
".\node_modules\@opentelemetry\sdk-trace-base\build\esm\SpanProcessor.d.ts","no",
".\node_modules\@opentelemetry\sdk-trace-base\build\esm\TimedEvent.d.ts","no",
".\node_modules\@opentelemetry\sdk-trace-base\build\esm\Tracer.d.ts","no",
".\node_modules\@opentelemetry\sdk-trace-base\build\esm\types.d.ts","no",
".\node_modules\@opentelemetry\sdk-trace-base\build\esm\utility.d.ts","no",
".\node_modules\@opentelemetry\sdk-trace-base\build\esm\version.d.ts","no",
".\node_modules\@opentelemetry\sdk-trace-base\build\esnext\export\BatchSpanProcessorBase.d.ts","no",
".\node_modules\@opentelemetry\sdk-trace-base\build\esnext\export\ConsoleSpanExporter.d.ts","no",
".\node_modules\@opentelemetry\sdk-trace-base\build\esnext\export\InMemorySpanExporter.d.ts","no",
".\node_modules\@opentelemetry\sdk-trace-base\build\esnext\export\NoopSpanProcessor.d.ts","no",
".\node_modules\@opentelemetry\sdk-trace-base\build\esnext\export\ReadableSpan.d.ts","no",
".\node_modules\@opentelemetry\sdk-trace-base\build\esnext\export\SimpleSpanProcessor.d.ts","no",
".\node_modules\@opentelemetry\sdk-trace-base\build\esnext\export\SpanExporter.d.ts","no",
".\node_modules\@opentelemetry\sdk-trace-base\build\esnext\platform\browser\export\BatchSpanProcessor.d.ts","no",
".\node_modules\@opentelemetry\sdk-trace-base\build\esnext\platform\browser\index.d.ts","no",
".\node_modules\@opentelemetry\sdk-trace-base\build\esnext\platform\browser\RandomIdGenerator.d.ts","no",
".\node_modules\@opentelemetry\sdk-trace-base\build\esnext\platform\node\export\BatchSpanProcessor.d.ts","no",
".\node_modules\@opentelemetry\sdk-trace-base\build\esnext\platform\node\index.d.ts","no",
".\node_modules\@opentelemetry\sdk-trace-base\build\esnext\platform\node\RandomIdGenerator.d.ts","no",
".\node_modules\@opentelemetry\sdk-trace-base\build\esnext\platform\index.d.ts","no",
".\node_modules\@opentelemetry\sdk-trace-base\build\esnext\sampler\AlwaysOffSampler.d.ts","no",
".\node_modules\@opentelemetry\sdk-trace-base\build\esnext\sampler\AlwaysOnSampler.d.ts","no",
".\node_modules\@opentelemetry\sdk-trace-base\build\esnext\sampler\ParentBasedSampler.d.ts","no",
".\node_modules\@opentelemetry\sdk-trace-base\build\esnext\sampler\TraceIdRatioBasedSampler.d.ts","no",
".\node_modules\@opentelemetry\sdk-trace-base\build\esnext\BasicTracerProvider.d.ts","no",
".\node_modules\@opentelemetry\sdk-trace-base\build\esnext\config.d.ts","no",
".\node_modules\@opentelemetry\sdk-trace-base\build\esnext\enums.d.ts","no",
".\node_modules\@opentelemetry\sdk-trace-base\build\esnext\IdGenerator.d.ts","no",
".\node_modules\@opentelemetry\sdk-trace-base\build\esnext\index.d.ts","no",
".\node_modules\@opentelemetry\sdk-trace-base\build\esnext\MultiSpanProcessor.d.ts","no",
".\node_modules\@opentelemetry\sdk-trace-base\build\esnext\Sampler.d.ts","no",
".\node_modules\@opentelemetry\sdk-trace-base\build\esnext\Span.d.ts","no",
".\node_modules\@opentelemetry\sdk-trace-base\build\esnext\SpanProcessor.d.ts","no",
".\node_modules\@opentelemetry\sdk-trace-base\build\esnext\TimedEvent.d.ts","no",
".\node_modules\@opentelemetry\sdk-trace-base\build\esnext\Tracer.d.ts","no",
".\node_modules\@opentelemetry\sdk-trace-base\build\esnext\types.d.ts","no",
".\node_modules\@opentelemetry\sdk-trace-base\build\esnext\utility.d.ts","no",
".\node_modules\@opentelemetry\sdk-trace-base\build\esnext\version.d.ts","no",
".\node_modules\@opentelemetry\sdk-trace-base\build\src\export\BatchSpanProcessorBase.d.ts","no",
".\node_modules\@opentelemetry\sdk-trace-base\build\src\export\ConsoleSpanExporter.d.ts","no",
".\node_modules\@opentelemetry\sdk-trace-base\build\src\export\InMemorySpanExporter.d.ts","no",
".\node_modules\@opentelemetry\sdk-trace-base\build\src\export\NoopSpanProcessor.d.ts","no",
".\node_modules\@opentelemetry\sdk-trace-base\build\src\export\ReadableSpan.d.ts","no",
".\node_modules\@opentelemetry\sdk-trace-base\build\src\export\SimpleSpanProcessor.d.ts","no",
".\node_modules\@opentelemetry\sdk-trace-base\build\src\export\SpanExporter.d.ts","no",
".\node_modules\@opentelemetry\sdk-trace-base\build\src\platform\browser\export\BatchSpanProcessor.d.ts","no",
".\node_modules\@opentelemetry\sdk-trace-base\build\src\platform\browser\index.d.ts","no",
".\node_modules\@opentelemetry\sdk-trace-base\build\src\platform\browser\RandomIdGenerator.d.ts","no",
".\node_modules\@opentelemetry\sdk-trace-base\build\src\platform\node\export\BatchSpanProcessor.d.ts","no",
".\node_modules\@opentelemetry\sdk-trace-base\build\src\platform\node\index.d.ts","no",
".\node_modules\@opentelemetry\sdk-trace-base\build\src\platform\node\RandomIdGenerator.d.ts","no",
".\node_modules\@opentelemetry\sdk-trace-base\build\src\platform\index.d.ts","no",
".\node_modules\@opentelemetry\sdk-trace-base\build\src\sampler\AlwaysOffSampler.d.ts","no",
".\node_modules\@opentelemetry\sdk-trace-base\build\src\sampler\AlwaysOnSampler.d.ts","no",
".\node_modules\@opentelemetry\sdk-trace-base\build\src\sampler\ParentBasedSampler.d.ts","no",
".\node_modules\@opentelemetry\sdk-trace-base\build\src\sampler\TraceIdRatioBasedSampler.d.ts","no",
".\node_modules\@opentelemetry\sdk-trace-base\build\src\BasicTracerProvider.d.ts","no",
".\node_modules\@opentelemetry\sdk-trace-base\build\src\config.d.ts","no",
".\node_modules\@opentelemetry\sdk-trace-base\build\src\enums.d.ts","no",
".\node_modules\@opentelemetry\sdk-trace-base\build\src\IdGenerator.d.ts","no",
".\node_modules\@opentelemetry\sdk-trace-base\build\src\index.d.ts","no",
".\node_modules\@opentelemetry\sdk-trace-base\build\src\MultiSpanProcessor.d.ts","no",
".\node_modules\@opentelemetry\sdk-trace-base\build\src\Sampler.d.ts","no",
".\node_modules\@opentelemetry\sdk-trace-base\build\src\Span.d.ts","no",
".\node_modules\@opentelemetry\sdk-trace-base\build\src\SpanProcessor.d.ts","no",
".\node_modules\@opentelemetry\sdk-trace-base\build\src\TimedEvent.d.ts","no",
".\node_modules\@opentelemetry\sdk-trace-base\build\src\Tracer.d.ts","no",
".\node_modules\@opentelemetry\sdk-trace-base\build\src\types.d.ts","no",
".\node_modules\@opentelemetry\sdk-trace-base\build\src\utility.d.ts","no",
".\node_modules\@opentelemetry\sdk-trace-base\build\src\version.d.ts","no",
".\node_modules\@opentelemetry\semantic-conventions\build\esm\internal\utils.d.ts","no",
".\node_modules\@opentelemetry\semantic-conventions\build\esm\resource\index.d.ts","no",
".\node_modules\@opentelemetry\semantic-conventions\build\esm\resource\SemanticResourceAttributes.d.ts","no",
".\node_modules\@opentelemetry\semantic-conventions\build\esm\trace\index.d.ts","no",
".\node_modules\@opentelemetry\semantic-conventions\build\esm\trace\SemanticAttributes.d.ts","no",
".\node_modules\@opentelemetry\semantic-conventions\build\esm\experimental_attributes.d.ts","no",
".\node_modules\@opentelemetry\semantic-conventions\build\esm\experimental_events.d.ts","no",
".\node_modules\@opentelemetry\semantic-conventions\build\esm\experimental_metrics.d.ts","no",
".\node_modules\@opentelemetry\semantic-conventions\build\esm\index-incubating.d.ts","no",
".\node_modules\@opentelemetry\semantic-conventions\build\esm\index.d.ts","no",
".\node_modules\@opentelemetry\semantic-conventions\build\esm\stable_attributes.d.ts","no",
".\node_modules\@opentelemetry\semantic-conventions\build\esm\stable_events.d.ts","no",
".\node_modules\@opentelemetry\semantic-conventions\build\esm\stable_metrics.d.ts","no",
".\node_modules\@opentelemetry\semantic-conventions\build\esm\version.d.ts","no",
".\node_modules\@opentelemetry\semantic-conventions\build\esnext\internal\utils.d.ts","no",
".\node_modules\@opentelemetry\semantic-conventions\build\esnext\resource\index.d.ts","no",
".\node_modules\@opentelemetry\semantic-conventions\build\esnext\resource\SemanticResourceAttributes.d.ts","no",
".\node_modules\@opentelemetry\semantic-conventions\build\esnext\trace\index.d.ts","no",
".\node_modules\@opentelemetry\semantic-conventions\build\esnext\trace\SemanticAttributes.d.ts","no",
".\node_modules\@opentelemetry\semantic-conventions\build\esnext\experimental_attributes.d.ts","no",
".\node_modules\@opentelemetry\semantic-conventions\build\esnext\experimental_events.d.ts","no",
".\node_modules\@opentelemetry\semantic-conventions\build\esnext\experimental_metrics.d.ts","no",
".\node_modules\@opentelemetry\semantic-conventions\build\esnext\index-incubating.d.ts","no",
".\node_modules\@opentelemetry\semantic-conventions\build\esnext\index.d.ts","no",
".\node_modules\@opentelemetry\semantic-conventions\build\esnext\stable_attributes.d.ts","no",
".\node_modules\@opentelemetry\semantic-conventions\build\esnext\stable_events.d.ts","no",
".\node_modules\@opentelemetry\semantic-conventions\build\esnext\stable_metrics.d.ts","no",
".\node_modules\@opentelemetry\semantic-conventions\build\esnext\version.d.ts","no",
".\node_modules\@opentelemetry\semantic-conventions\build\src\internal\utils.d.ts","no",
".\node_modules\@opentelemetry\semantic-conventions\build\src\resource\index.d.ts","no",
".\node_modules\@opentelemetry\semantic-conventions\build\src\resource\SemanticResourceAttributes.d.ts","no",
".\node_modules\@opentelemetry\semantic-conventions\build\src\trace\index.d.ts","no",
".\node_modules\@opentelemetry\semantic-conventions\build\src\trace\SemanticAttributes.d.ts","no",
".\node_modules\@opentelemetry\semantic-conventions\build\src\experimental_attributes.d.ts","no",
".\node_modules\@opentelemetry\semantic-conventions\build\src\experimental_events.d.ts","no",
".\node_modules\@opentelemetry\semantic-conventions\build\src\experimental_metrics.d.ts","no",
".\node_modules\@opentelemetry\semantic-conventions\build\src\index-incubating.d.ts","no",
".\node_modules\@opentelemetry\semantic-conventions\build\src\index.d.ts","no",
".\node_modules\@opentelemetry\semantic-conventions\build\src\stable_attributes.d.ts","no",
".\node_modules\@opentelemetry\semantic-conventions\build\src\stable_events.d.ts","no",
".\node_modules\@opentelemetry\semantic-conventions\build\src\stable_metrics.d.ts","no",
".\node_modules\@opentelemetry\semantic-conventions\build\src\version.d.ts","no",
".\node_modules\@opentelemetry\sql-common\build\src\index.d.ts","no",
".\node_modules\@opentelemetry\sql-common\build\test\sql-common.test.d.ts","no",
".\node_modules\@prisma\instrumentation\dist\src\ActiveTracingHelper.d.ts","no",
".\node_modules\@prisma\instrumentation\dist\src\constants.d.ts","no",
".\node_modules\@prisma\instrumentation\dist\src\index.d.ts","no",
".\node_modules\@prisma\instrumentation\dist\src\PrismaInstrumentation.d.ts","no",
".\node_modules\@prisma\instrumentation\dist\index.d.ts","no",
".\node_modules\@prisma\instrumentation\node_modules\@opentelemetry\api-logs\build\esm\api\logs.d.ts","no",
".\node_modules\@prisma\instrumentation\node_modules\@opentelemetry\api-logs\build\esm\internal\global-utils.d.ts","no",
".\node_modules\@prisma\instrumentation\node_modules\@opentelemetry\api-logs\build\esm\platform\browser\globalThis.d.ts","no",
".\node_modules\@prisma\instrumentation\node_modules\@opentelemetry\api-logs\build\esm\platform\browser\index.d.ts","no",
".\node_modules\@prisma\instrumentation\node_modules\@opentelemetry\api-logs\build\esm\platform\node\globalThis.d.ts","no",
".\node_modules\@prisma\instrumentation\node_modules\@opentelemetry\api-logs\build\esm\platform\node\index.d.ts","no",
".\node_modules\@prisma\instrumentation\node_modules\@opentelemetry\api-logs\build\esm\platform\index.d.ts","no",
".\node_modules\@prisma\instrumentation\node_modules\@opentelemetry\api-logs\build\esm\types\AnyValue.d.ts","no",
".\node_modules\@prisma\instrumentation\node_modules\@opentelemetry\api-logs\build\esm\types\Logger.d.ts","no",
".\node_modules\@prisma\instrumentation\node_modules\@opentelemetry\api-logs\build\esm\types\LoggerOptions.d.ts","no",
".\node_modules\@prisma\instrumentation\node_modules\@opentelemetry\api-logs\build\esm\types\LoggerProvider.d.ts","no",
".\node_modules\@prisma\instrumentation\node_modules\@opentelemetry\api-logs\build\esm\types\LogRecord.d.ts","no",
".\node_modules\@prisma\instrumentation\node_modules\@opentelemetry\api-logs\build\esm\index.d.ts","no",
".\node_modules\@prisma\instrumentation\node_modules\@opentelemetry\api-logs\build\esm\NoopLogger.d.ts","no",
".\node_modules\@prisma\instrumentation\node_modules\@opentelemetry\api-logs\build\esm\NoopLoggerProvider.d.ts","no",
".\node_modules\@prisma\instrumentation\node_modules\@opentelemetry\api-logs\build\esm\ProxyLogger.d.ts","no",
".\node_modules\@prisma\instrumentation\node_modules\@opentelemetry\api-logs\build\esm\ProxyLoggerProvider.d.ts","no",
".\node_modules\@prisma\instrumentation\node_modules\@opentelemetry\api-logs\build\esm\version.d.ts","no",
".\node_modules\@prisma\instrumentation\node_modules\@opentelemetry\api-logs\build\esnext\api\logs.d.ts","no",
".\node_modules\@prisma\instrumentation\node_modules\@opentelemetry\api-logs\build\esnext\internal\global-utils.d.ts","no",
".\node_modules\@prisma\instrumentation\node_modules\@opentelemetry\api-logs\build\esnext\platform\browser\globalThis.d.ts","no",
".\node_modules\@prisma\instrumentation\node_modules\@opentelemetry\api-logs\build\esnext\platform\browser\index.d.ts","no",
".\node_modules\@prisma\instrumentation\node_modules\@opentelemetry\api-logs\build\esnext\platform\node\globalThis.d.ts","no",
".\node_modules\@prisma\instrumentation\node_modules\@opentelemetry\api-logs\build\esnext\platform\node\index.d.ts","no",
".\node_modules\@prisma\instrumentation\node_modules\@opentelemetry\api-logs\build\esnext\platform\index.d.ts","no",
".\node_modules\@prisma\instrumentation\node_modules\@opentelemetry\api-logs\build\esnext\types\AnyValue.d.ts","no",
".\node_modules\@prisma\instrumentation\node_modules\@opentelemetry\api-logs\build\esnext\types\Logger.d.ts","no",
".\node_modules\@prisma\instrumentation\node_modules\@opentelemetry\api-logs\build\esnext\types\LoggerOptions.d.ts","no",
".\node_modules\@prisma\instrumentation\node_modules\@opentelemetry\api-logs\build\esnext\types\LoggerProvider.d.ts","no",
".\node_modules\@prisma\instrumentation\node_modules\@opentelemetry\api-logs\build\esnext\types\LogRecord.d.ts","no",
".\node_modules\@prisma\instrumentation\node_modules\@opentelemetry\api-logs\build\esnext\index.d.ts","no",
".\node_modules\@prisma\instrumentation\node_modules\@opentelemetry\api-logs\build\esnext\NoopLogger.d.ts","no",
".\node_modules\@prisma\instrumentation\node_modules\@opentelemetry\api-logs\build\esnext\NoopLoggerProvider.d.ts","no",
".\node_modules\@prisma\instrumentation\node_modules\@opentelemetry\api-logs\build\esnext\ProxyLogger.d.ts","no",
".\node_modules\@prisma\instrumentation\node_modules\@opentelemetry\api-logs\build\esnext\ProxyLoggerProvider.d.ts","no",
".\node_modules\@prisma\instrumentation\node_modules\@opentelemetry\api-logs\build\esnext\version.d.ts","no",
".\node_modules\@prisma\instrumentation\node_modules\@opentelemetry\api-logs\build\src\api\logs.d.ts","no",
".\node_modules\@prisma\instrumentation\node_modules\@opentelemetry\api-logs\build\src\internal\global-utils.d.ts","no",
".\node_modules\@prisma\instrumentation\node_modules\@opentelemetry\api-logs\build\src\platform\browser\globalThis.d.ts","no",
".\node_modules\@prisma\instrumentation\node_modules\@opentelemetry\api-logs\build\src\platform\browser\index.d.ts","no",
".\node_modules\@prisma\instrumentation\node_modules\@opentelemetry\api-logs\build\src\platform\node\globalThis.d.ts","no",
".\node_modules\@prisma\instrumentation\node_modules\@opentelemetry\api-logs\build\src\platform\node\index.d.ts","no",
".\node_modules\@prisma\instrumentation\node_modules\@opentelemetry\api-logs\build\src\platform\index.d.ts","no",
".\node_modules\@prisma\instrumentation\node_modules\@opentelemetry\api-logs\build\src\types\AnyValue.d.ts","no",
".\node_modules\@prisma\instrumentation\node_modules\@opentelemetry\api-logs\build\src\types\Logger.d.ts","no",
".\node_modules\@prisma\instrumentation\node_modules\@opentelemetry\api-logs\build\src\types\LoggerOptions.d.ts","no",
".\node_modules\@prisma\instrumentation\node_modules\@opentelemetry\api-logs\build\src\types\LoggerProvider.d.ts","no",
".\node_modules\@prisma\instrumentation\node_modules\@opentelemetry\api-logs\build\src\types\LogRecord.d.ts","no",
".\node_modules\@prisma\instrumentation\node_modules\@opentelemetry\api-logs\build\src\index.d.ts","no",
".\node_modules\@prisma\instrumentation\node_modules\@opentelemetry\api-logs\build\src\NoopLogger.d.ts","no",
".\node_modules\@prisma\instrumentation\node_modules\@opentelemetry\api-logs\build\src\NoopLoggerProvider.d.ts","no",
".\node_modules\@prisma\instrumentation\node_modules\@opentelemetry\api-logs\build\src\ProxyLogger.d.ts","no",
".\node_modules\@prisma\instrumentation\node_modules\@opentelemetry\api-logs\build\src\ProxyLoggerProvider.d.ts","no",
".\node_modules\@prisma\instrumentation\node_modules\@opentelemetry\api-logs\build\src\version.d.ts","no",
".\node_modules\@prisma\instrumentation\node_modules\@opentelemetry\instrumentation\build\esm\platform\browser\index.d.ts","no",
".\node_modules\@prisma\instrumentation\node_modules\@opentelemetry\instrumentation\build\esm\platform\browser\instrumentation.d.ts","no",
".\node_modules\@prisma\instrumentation\node_modules\@opentelemetry\instrumentation\build\esm\platform\browser\noop-normalize.d.ts","no",
".\node_modules\@prisma\instrumentation\node_modules\@opentelemetry\instrumentation\build\esm\platform\node\index.d.ts","no",
".\node_modules\@prisma\instrumentation\node_modules\@opentelemetry\instrumentation\build\esm\platform\node\instrumentation.d.ts","no",
".\node_modules\@prisma\instrumentation\node_modules\@opentelemetry\instrumentation\build\esm\platform\node\ModuleNameTrie.d.ts","no",
".\node_modules\@prisma\instrumentation\node_modules\@opentelemetry\instrumentation\build\esm\platform\node\normalize.d.ts","no",
".\node_modules\@prisma\instrumentation\node_modules\@opentelemetry\instrumentation\build\esm\platform\node\RequireInTheMiddleSingleton.d.ts","no",
".\node_modules\@prisma\instrumentation\node_modules\@opentelemetry\instrumentation\build\esm\platform\index.d.ts","no",
".\node_modules\@prisma\instrumentation\node_modules\@opentelemetry\instrumentation\build\esm\autoLoader.d.ts","no",
".\node_modules\@prisma\instrumentation\node_modules\@opentelemetry\instrumentation\build\esm\autoLoaderUtils.d.ts","no",
".\node_modules\@prisma\instrumentation\node_modules\@opentelemetry\instrumentation\build\esm\index.d.ts","no",
".\node_modules\@prisma\instrumentation\node_modules\@opentelemetry\instrumentation\build\esm\instrumentation.d.ts","no",
".\node_modules\@prisma\instrumentation\node_modules\@opentelemetry\instrumentation\build\esm\instrumentationNodeModuleDefinition.d.ts","no",
".\node_modules\@prisma\instrumentation\node_modules\@opentelemetry\instrumentation\build\esm\instrumentationNodeModuleFile.d.ts","no",
".\node_modules\@prisma\instrumentation\node_modules\@opentelemetry\instrumentation\build\esm\types.d.ts","no",
".\node_modules\@prisma\instrumentation\node_modules\@opentelemetry\instrumentation\build\esm\types_internal.d.ts","no",
".\node_modules\@prisma\instrumentation\node_modules\@opentelemetry\instrumentation\build\esm\utils.d.ts","no",
".\node_modules\@prisma\instrumentation\node_modules\@opentelemetry\instrumentation\build\esm\version.d.ts","no",
".\node_modules\@prisma\instrumentation\node_modules\@opentelemetry\instrumentation\build\esnext\platform\browser\index.d.ts","no",
".\node_modules\@prisma\instrumentation\node_modules\@opentelemetry\instrumentation\build\esnext\platform\browser\instrumentation.d.ts","no",
".\node_modules\@prisma\instrumentation\node_modules\@opentelemetry\instrumentation\build\esnext\platform\browser\noop-normalize.d.ts","no",
".\node_modules\@prisma\instrumentation\node_modules\@opentelemetry\instrumentation\build\esnext\platform\node\index.d.ts","no",
".\node_modules\@prisma\instrumentation\node_modules\@opentelemetry\instrumentation\build\esnext\platform\node\instrumentation.d.ts","no",
".\node_modules\@prisma\instrumentation\node_modules\@opentelemetry\instrumentation\build\esnext\platform\node\ModuleNameTrie.d.ts","no",
".\node_modules\@prisma\instrumentation\node_modules\@opentelemetry\instrumentation\build\esnext\platform\node\normalize.d.ts","no",
".\node_modules\@prisma\instrumentation\node_modules\@opentelemetry\instrumentation\build\esnext\platform\node\RequireInTheMiddleSingleton.d.ts","no",
".\node_modules\@prisma\instrumentation\node_modules\@opentelemetry\instrumentation\build\esnext\platform\index.d.ts","no",
".\node_modules\@prisma\instrumentation\node_modules\@opentelemetry\instrumentation\build\esnext\autoLoader.d.ts","no",
".\node_modules\@prisma\instrumentation\node_modules\@opentelemetry\instrumentation\build\esnext\autoLoaderUtils.d.ts","no",
".\node_modules\@prisma\instrumentation\node_modules\@opentelemetry\instrumentation\build\esnext\index.d.ts","no",
".\node_modules\@prisma\instrumentation\node_modules\@opentelemetry\instrumentation\build\esnext\instrumentation.d.ts","no",
".\node_modules\@prisma\instrumentation\node_modules\@opentelemetry\instrumentation\build\esnext\instrumentationNodeModuleDefinition.d.ts","no",
".\node_modules\@prisma\instrumentation\node_modules\@opentelemetry\instrumentation\build\esnext\instrumentationNodeModuleFile.d.ts","no",
".\node_modules\@prisma\instrumentation\node_modules\@opentelemetry\instrumentation\build\esnext\types.d.ts","no",
".\node_modules\@prisma\instrumentation\node_modules\@opentelemetry\instrumentation\build\esnext\types_internal.d.ts","no",
".\node_modules\@prisma\instrumentation\node_modules\@opentelemetry\instrumentation\build\esnext\utils.d.ts","no",
".\node_modules\@prisma\instrumentation\node_modules\@opentelemetry\instrumentation\build\esnext\version.d.ts","no",
".\node_modules\@prisma\instrumentation\node_modules\@opentelemetry\instrumentation\build\src\platform\browser\index.d.ts","no",
".\node_modules\@prisma\instrumentation\node_modules\@opentelemetry\instrumentation\build\src\platform\browser\instrumentation.d.ts","no",
".\node_modules\@prisma\instrumentation\node_modules\@opentelemetry\instrumentation\build\src\platform\browser\noop-normalize.d.ts","no",
".\node_modules\@prisma\instrumentation\node_modules\@opentelemetry\instrumentation\build\src\platform\node\index.d.ts","no",
".\node_modules\@prisma\instrumentation\node_modules\@opentelemetry\instrumentation\build\src\platform\node\instrumentation.d.ts","no",
".\node_modules\@prisma\instrumentation\node_modules\@opentelemetry\instrumentation\build\src\platform\node\ModuleNameTrie.d.ts","no",
".\node_modules\@prisma\instrumentation\node_modules\@opentelemetry\instrumentation\build\src\platform\node\normalize.d.ts","no",
".\node_modules\@prisma\instrumentation\node_modules\@opentelemetry\instrumentation\build\src\platform\node\RequireInTheMiddleSingleton.d.ts","no",
".\node_modules\@prisma\instrumentation\node_modules\@opentelemetry\instrumentation\build\src\platform\index.d.ts","no",
".\node_modules\@prisma\instrumentation\node_modules\@opentelemetry\instrumentation\build\src\autoLoader.d.ts","no",
".\node_modules\@prisma\instrumentation\node_modules\@opentelemetry\instrumentation\build\src\autoLoaderUtils.d.ts","no",
".\node_modules\@prisma\instrumentation\node_modules\@opentelemetry\instrumentation\build\src\index.d.ts","no",
".\node_modules\@prisma\instrumentation\node_modules\@opentelemetry\instrumentation\build\src\instrumentation.d.ts","no",
".\node_modules\@prisma\instrumentation\node_modules\@opentelemetry\instrumentation\build\src\instrumentationNodeModuleDefinition.d.ts","no",
".\node_modules\@prisma\instrumentation\node_modules\@opentelemetry\instrumentation\build\src\instrumentationNodeModuleFile.d.ts","no",
".\node_modules\@prisma\instrumentation\node_modules\@opentelemetry\instrumentation\build\src\types.d.ts","no",
".\node_modules\@prisma\instrumentation\node_modules\@opentelemetry\instrumentation\build\src\types_internal.d.ts","no",
".\node_modules\@prisma\instrumentation\node_modules\@opentelemetry\instrumentation\build\src\utils.d.ts","no",
".\node_modules\@prisma\instrumentation\node_modules\@opentelemetry\instrumentation\build\src\version.d.ts","no",
".\node_modules\@protobufjs\aspromise\index.d.ts","no",
".\node_modules\@protobufjs\base64\index.d.ts","no",
".\node_modules\@protobufjs\codegen\index.d.ts","no",
".\node_modules\@protobufjs\eventemitter\index.d.ts","no",
".\node_modules\@protobufjs\fetch\index.d.ts","no",
".\node_modules\@protobufjs\float\index.d.ts","no",
".\node_modules\@protobufjs\inquire\index.d.ts","no",
".\node_modules\@protobufjs\path\index.d.ts","no",
".\node_modules\@protobufjs\pool\index.d.ts","no",
".\node_modules\@protobufjs\utf8\index.d.ts","no",
".\node_modules\@sentry\core\build\types\asyncContext\index.d.ts","no",
".\node_modules\@sentry\core\build\types\asyncContext\stackStrategy.d.ts","no",
".\node_modules\@sentry\core\build\types\asyncContext\types.d.ts","no",
".\node_modules\@sentry\core\build\types\build-time-plugins\buildTimeOptionsBase.d.ts","no",
".\node_modules\@sentry\core\build\types\instrument\console.d.ts","no",
".\node_modules\@sentry\core\build\types\instrument\fetch.d.ts","no",
".\node_modules\@sentry\core\build\types\instrument\globalError.d.ts","no",
".\node_modules\@sentry\core\build\types\instrument\globalUnhandledRejection.d.ts","no",
".\node_modules\@sentry\core\build\types\instrument\handlers.d.ts","no",
".\node_modules\@sentry\core\build\types\integrations\featureFlags\featureFlagsIntegration.d.ts","no",
".\node_modules\@sentry\core\build\types\integrations\featureFlags\index.d.ts","no",
".\node_modules\@sentry\core\build\types\integrations\mcp-server\attributeExtraction.d.ts","no",
".\node_modules\@sentry\core\build\types\integrations\mcp-server\attributes.d.ts","no",
".\node_modules\@sentry\core\build\types\integrations\mcp-server\correlation.d.ts","no",
".\node_modules\@sentry\core\build\types\integrations\mcp-server\errorCapture.d.ts","no",
".\node_modules\@sentry\core\build\types\integrations\mcp-server\handlers.d.ts","no",
".\node_modules\@sentry\core\build\types\integrations\mcp-server\index.d.ts","no",
".\node_modules\@sentry\core\build\types\integrations\mcp-server\methodConfig.d.ts","no",
".\node_modules\@sentry\core\build\types\integrations\mcp-server\piiFiltering.d.ts","no",
".\node_modules\@sentry\core\build\types\integrations\mcp-server\resultExtraction.d.ts","no",
".\node_modules\@sentry\core\build\types\integrations\mcp-server\sessionExtraction.d.ts","no",
".\node_modules\@sentry\core\build\types\integrations\mcp-server\sessionManagement.d.ts","no",
".\node_modules\@sentry\core\build\types\integrations\mcp-server\spans.d.ts","no",
".\node_modules\@sentry\core\build\types\integrations\mcp-server\transport.d.ts","no",
".\node_modules\@sentry\core\build\types\integrations\mcp-server\types.d.ts","no",
".\node_modules\@sentry\core\build\types\integrations\mcp-server\validation.d.ts","no",
".\node_modules\@sentry\core\build\types\integrations\captureconsole.d.ts","no",
".\node_modules\@sentry\core\build\types\integrations\consola.d.ts","no",
".\node_modules\@sentry\core\build\types\integrations\console.d.ts","no",
".\node_modules\@sentry\core\build\types\integrations\dedupe.d.ts","no",
".\node_modules\@sentry\core\build\types\integrations\eventFilters.d.ts","no",
".\node_modules\@sentry\core\build\types\integrations\extraerrordata.d.ts","no",
".\node_modules\@sentry\core\build\types\integrations\functiontostring.d.ts","no",
".\node_modules\@sentry\core\build\types\integrations\linkederrors.d.ts","no",
".\node_modules\@sentry\core\build\types\integrations\moduleMetadata.d.ts","no",
".\node_modules\@sentry\core\build\types\integrations\requestdata.d.ts","no",
".\node_modules\@sentry\core\build\types\integrations\rewriteframes.d.ts","no",
".\node_modules\@sentry\core\build\types\integrations\supabase.d.ts","no",
".\node_modules\@sentry\core\build\types\integrations\third-party-errors-filter.d.ts","no",
".\node_modules\@sentry\core\build\types\integrations\zoderrors.d.ts","no",
".\node_modules\@sentry\core\build\types\logs\console-integration.d.ts","no",
".\node_modules\@sentry\core\build\types\logs\constants.d.ts","no",
".\node_modules\@sentry\core\build\types\logs\envelope.d.ts","no",
".\node_modules\@sentry\core\build\types\logs\internal.d.ts","no",
".\node_modules\@sentry\core\build\types\logs\public-api.d.ts","no",
".\node_modules\@sentry\core\build\types\logs\utils.d.ts","no",
".\node_modules\@sentry\core\build\types\tracing\dynamicSamplingContext.d.ts","no",
".\node_modules\@sentry\core\build\types\tracing\errors.d.ts","no",
".\node_modules\@sentry\core\build\types\tracing\idleSpan.d.ts","no",
".\node_modules\@sentry\core\build\types\tracing\index.d.ts","no",
".\node_modules\@sentry\core\build\types\tracing\logSpans.d.ts","no",
".\node_modules\@sentry\core\build\types\tracing\measurement.d.ts","no",
".\node_modules\@sentry\core\build\types\tracing\sampling.d.ts","no",
".\node_modules\@sentry\core\build\types\tracing\sentryNonRecordingSpan.d.ts","no",
".\node_modules\@sentry\core\build\types\tracing\sentrySpan.d.ts","no",
".\node_modules\@sentry\core\build\types\tracing\spanstatus.d.ts","no",
".\node_modules\@sentry\core\build\types\tracing\trace.d.ts","no",
".\node_modules\@sentry\core\build\types\tracing\utils.d.ts","no",
".\node_modules\@sentry\core\build\types\transports\base.d.ts","no",
".\node_modules\@sentry\core\build\types\transports\multiplexed.d.ts","no",
".\node_modules\@sentry\core\build\types\transports\offline.d.ts","no",
".\node_modules\@sentry\core\build\types\types-hoist\feedback\config.d.ts","no",
".\node_modules\@sentry\core\build\types\types-hoist\feedback\form.d.ts","no",
".\node_modules\@sentry\core\build\types\types-hoist\feedback\index.d.ts","no",
".\node_modules\@sentry\core\build\types\types-hoist\feedback\sendFeedback.d.ts","no",
".\node_modules\@sentry\core\build\types\types-hoist\feedback\theme.d.ts","no",
".\node_modules\@sentry\core\build\types\types-hoist\attachment.d.ts","no",
".\node_modules\@sentry\core\build\types\types-hoist\breadcrumb.d.ts","no",
".\node_modules\@sentry\core\build\types\types-hoist\browseroptions.d.ts","no",
".\node_modules\@sentry\core\build\types\types-hoist\checkin.d.ts","no",
".\node_modules\@sentry\core\build\types\types-hoist\clientreport.d.ts","no",
".\node_modules\@sentry\core\build\types\types-hoist\context.d.ts","no",
".\node_modules\@sentry\core\build\types\types-hoist\csp.d.ts","no",
".\node_modules\@sentry\core\build\types\types-hoist\datacategory.d.ts","no",
".\node_modules\@sentry\core\build\types\types-hoist\debugMeta.d.ts","no",
".\node_modules\@sentry\core\build\types\types-hoist\dsn.d.ts","no",
".\node_modules\@sentry\core\build\types\types-hoist\envelope.d.ts","no",
".\node_modules\@sentry\core\build\types\types-hoist\error.d.ts","no",
".\node_modules\@sentry\core\build\types\types-hoist\event.d.ts","no",
".\node_modules\@sentry\core\build\types\types-hoist\eventprocessor.d.ts","no",
".\node_modules\@sentry\core\build\types\types-hoist\exception.d.ts","no",
".\node_modules\@sentry\core\build\types\types-hoist\extra.d.ts","no",
".\node_modules\@sentry\core\build\types\types-hoist\instrument.d.ts","no",
".\node_modules\@sentry\core\build\types\types-hoist\integration.d.ts","no",
".\node_modules\@sentry\core\build\types\types-hoist\link.d.ts","no",
".\node_modules\@sentry\core\build\types\types-hoist\log.d.ts","no",
".\node_modules\@sentry\core\build\types\types-hoist\measurement.d.ts","no",
".\node_modules\@sentry\core\build\types\types-hoist\mechanism.d.ts","no",
".\node_modules\@sentry\core\build\types\types-hoist\misc.d.ts","no",
".\node_modules\@sentry\core\build\types\types-hoist\opentelemetry.d.ts","no",
".\node_modules\@sentry\core\build\types\types-hoist\options.d.ts","no",
".\node_modules\@sentry\core\build\types\types-hoist\package.d.ts","no",
".\node_modules\@sentry\core\build\types\types-hoist\parameterize.d.ts","no",
".\node_modules\@sentry\core\build\types\types-hoist\polymorphics.d.ts","no",
".\node_modules\@sentry\core\build\types\types-hoist\profiling.d.ts","no",
".\node_modules\@sentry\core\build\types\types-hoist\replay.d.ts","no",
".\node_modules\@sentry\core\build\types\types-hoist\request.d.ts","no",
".\node_modules\@sentry\core\build\types\types-hoist\runtime.d.ts","no",
".\node_modules\@sentry\core\build\types\types-hoist\samplingcontext.d.ts","no",
".\node_modules\@sentry\core\build\types\types-hoist\sdkinfo.d.ts","no",
".\node_modules\@sentry\core\build\types\types-hoist\sdkmetadata.d.ts","no",
".\node_modules\@sentry\core\build\types\types-hoist\session.d.ts","no",
".\node_modules\@sentry\core\build\types\types-hoist\severity.d.ts","no",
".\node_modules\@sentry\core\build\types\types-hoist\span.d.ts","no",
".\node_modules\@sentry\core\build\types\types-hoist\spanStatus.d.ts","no",
".\node_modules\@sentry\core\build\types\types-hoist\stackframe.d.ts","no",
".\node_modules\@sentry\core\build\types\types-hoist\stacktrace.d.ts","no",
".\node_modules\@sentry\core\build\types\types-hoist\startSpanOptions.d.ts","no",
".\node_modules\@sentry\core\build\types\types-hoist\thread.d.ts","no",
".\node_modules\@sentry\core\build\types\types-hoist\timedEvent.d.ts","no",
".\node_modules\@sentry\core\build\types\types-hoist\tracing.d.ts","no",
".\node_modules\@sentry\core\build\types\types-hoist\transaction.d.ts","no",
".\node_modules\@sentry\core\build\types\types-hoist\transport.d.ts","no",
".\node_modules\@sentry\core\build\types\types-hoist\user.d.ts","no",
".\node_modules\@sentry\core\build\types\types-hoist\view-hierarchy.d.ts","no",
".\node_modules\@sentry\core\build\types\types-hoist\webfetchapi.d.ts","no",
".\node_modules\@sentry\core\build\types\types-hoist\wrappedfunction.d.ts","no",
".\node_modules\@sentry\core\build\types\utils\ai\gen-ai-attributes.d.ts","no",
".\node_modules\@sentry\core\build\types\utils\ai\utils.d.ts","no",
".\node_modules\@sentry\core\build\types\utils\anthropic-ai\constants.d.ts","no",
".\node_modules\@sentry\core\build\types\utils\anthropic-ai\index.d.ts","no",
".\node_modules\@sentry\core\build\types\utils\anthropic-ai\streaming.d.ts","no",
".\node_modules\@sentry\core\build\types\utils\anthropic-ai\types.d.ts","no",
".\node_modules\@sentry\core\build\types\utils\anthropic-ai\utils.d.ts","no",
".\node_modules\@sentry\core\build\types\utils\google-genai\constants.d.ts","no",
".\node_modules\@sentry\core\build\types\utils\google-genai\index.d.ts","no",
".\node_modules\@sentry\core\build\types\utils\google-genai\types.d.ts","no",
".\node_modules\@sentry\core\build\types\utils\google-genai\utils.d.ts","no",
".\node_modules\@sentry\core\build\types\utils\openai\constants.d.ts","no",
".\node_modules\@sentry\core\build\types\utils\openai\index.d.ts","no",
".\node_modules\@sentry\core\build\types\utils\openai\streaming.d.ts","no",
".\node_modules\@sentry\core\build\types\utils\openai\types.d.ts","no",
".\node_modules\@sentry\core\build\types\utils\openai\utils.d.ts","no",
".\node_modules\@sentry\core\build\types\utils\vercel-ai\constants.d.ts","no",
".\node_modules\@sentry\core\build\types\utils\vercel-ai\index.d.ts","no",
".\node_modules\@sentry\core\build\types\utils\vercel-ai\types.d.ts","no",
".\node_modules\@sentry\core\build\types\utils\vercel-ai\utils.d.ts","no",
".\node_modules\@sentry\core\build\types\utils\vercel-ai\vercel-ai-attributes.d.ts","no",
".\node_modules\@sentry\core\build\types\utils\aggregate-errors.d.ts","no",
".\node_modules\@sentry\core\build\types\utils\anr.d.ts","no",
".\node_modules\@sentry\core\build\types\utils\applyScopeDataToEvent.d.ts","no",
".\node_modules\@sentry\core\build\types\utils\baggage.d.ts","no",
".\node_modules\@sentry\core\build\types\utils\breadcrumb-log-level.d.ts","no",
".\node_modules\@sentry\core\build\types\utils\browser.d.ts","no",
".\node_modules\@sentry\core\build\types\utils\clientreport.d.ts","no",
".\node_modules\@sentry\core\build\types\utils\cookie.d.ts","no",
".\node_modules\@sentry\core\build\types\utils\debounce.d.ts","no",
".\node_modules\@sentry\core\build\types\utils\debug-ids.d.ts","no",
".\node_modules\@sentry\core\build\types\utils\debug-logger.d.ts","no",
".\node_modules\@sentry\core\build\types\utils\dsn.d.ts","no",
".\node_modules\@sentry\core\build\types\utils\env.d.ts","no",
".\node_modules\@sentry\core\build\types\utils\envelope.d.ts","no",
".\node_modules\@sentry\core\build\types\utils\error.d.ts","no",
".\node_modules\@sentry\core\build\types\utils\eventbuilder.d.ts","no",
".\node_modules\@sentry\core\build\types\utils\eventUtils.d.ts","no",
".\node_modules\@sentry\core\build\types\utils\exports.d.ts","no",
".\node_modules\@sentry\core\build\types\utils\featureFlags.d.ts","no",
".\node_modules\@sentry\core\build\types\utils\flushIfServerless.d.ts","no",
".\node_modules\@sentry\core\build\types\utils\handleCallbackErrors.d.ts","no",
".\node_modules\@sentry\core\build\types\utils\hasSpansEnabled.d.ts","no",
".\node_modules\@sentry\core\build\types\utils\ipAddress.d.ts","no",
".\node_modules\@sentry\core\build\types\utils\is.d.ts","no",
".\node_modules\@sentry\core\build\types\utils\isBrowser.d.ts","no",
".\node_modules\@sentry\core\build\types\utils\isSentryRequestUrl.d.ts","no",
".\node_modules\@sentry\core\build\types\utils\lru.d.ts","no",
".\node_modules\@sentry\core\build\types\utils\merge.d.ts","no",
".\node_modules\@sentry\core\build\types\utils\meta.d.ts","no",
".\node_modules\@sentry\core\build\types\utils\misc.d.ts","no",
".\node_modules\@sentry\core\build\types\utils\node-stack-trace.d.ts","no",
".\node_modules\@sentry\core\build\types\utils\node.d.ts","no",
".\node_modules\@sentry\core\build\types\utils\normalize.d.ts","no",
".\node_modules\@sentry\core\build\types\utils\object.d.ts","no",
".\node_modules\@sentry\core\build\types\utils\parameterize.d.ts","no",
".\node_modules\@sentry\core\build\types\utils\parseSampleRate.d.ts","no",
".\node_modules\@sentry\core\build\types\utils\path.d.ts","no",
".\node_modules\@sentry\core\build\types\utils\prepareEvent.d.ts","no",
".\node_modules\@sentry\core\build\types\utils\promisebuffer.d.ts","no",
".\node_modules\@sentry\core\build\types\utils\propagationContext.d.ts","no",
".\node_modules\@sentry\core\build\types\utils\ratelimit.d.ts","no",
".\node_modules\@sentry\core\build\types\utils\request.d.ts","no",
".\node_modules\@sentry\core\build\types\utils\sdkMetadata.d.ts","no",
".\node_modules\@sentry\core\build\types\utils\severity.d.ts","no",
".\node_modules\@sentry\core\build\types\utils\should-ignore-span.d.ts","no",
".\node_modules\@sentry\core\build\types\utils\spanOnScope.d.ts","no",
".\node_modules\@sentry\core\build\types\utils\spanUtils.d.ts","no",
".\node_modules\@sentry\core\build\types\utils\stacktrace.d.ts","no",
".\node_modules\@sentry\core\build\types\utils\string.d.ts","no",
".\node_modules\@sentry\core\build\types\utils\supports.d.ts","no",
".\node_modules\@sentry\core\build\types\utils\syncpromise.d.ts","no",
".\node_modules\@sentry\core\build\types\utils\time.d.ts","no",
".\node_modules\@sentry\core\build\types\utils\traceData.d.ts","no",
".\node_modules\@sentry\core\build\types\utils\tracing.d.ts","no",
".\node_modules\@sentry\core\build\types\utils\transactionEvent.d.ts","no",
".\node_modules\@sentry\core\build\types\utils\url.d.ts","no",
".\node_modules\@sentry\core\build\types\utils\vercelWaitUntil.d.ts","no",
".\node_modules\@sentry\core\build\types\utils\version.d.ts","no",
".\node_modules\@sentry\core\build\types\utils\worldwide.d.ts","no",
".\node_modules\@sentry\core\build\types\vendor\escapeStringForRegex.d.ts","no",
".\node_modules\@sentry\core\build\types\vendor\getIpAddress.d.ts","no",
".\node_modules\@sentry\core\build\types\api.d.ts","no",
".\node_modules\@sentry\core\build\types\breadcrumbs.d.ts","no",
".\node_modules\@sentry\core\build\types\carrier.d.ts","no",
".\node_modules\@sentry\core\build\types\checkin.d.ts","no",
".\node_modules\@sentry\core\build\types\client.d.ts","no",
".\node_modules\@sentry\core\build\types\constants.d.ts","no",
".\node_modules\@sentry\core\build\types\currentScopes.d.ts","no",
".\node_modules\@sentry\core\build\types\debug-build.d.ts","no",
".\node_modules\@sentry\core\build\types\defaultScopes.d.ts","no",
".\node_modules\@sentry\core\build\types\envelope.d.ts","no",
".\node_modules\@sentry\core\build\types\eventProcessors.d.ts","no",
".\node_modules\@sentry\core\build\types\exports.d.ts","no",
".\node_modules\@sentry\core\build\types\feedback.d.ts","no",
".\node_modules\@sentry\core\build\types\fetch.d.ts","no",
".\node_modules\@sentry\core\build\types\index.d.ts","no",
".\node_modules\@sentry\core\build\types\integration.d.ts","no",
".\node_modules\@sentry\core\build\types\metadata.d.ts","no",
".\node_modules\@sentry\core\build\types\profiling.d.ts","no",
".\node_modules\@sentry\core\build\types\report-dialog.d.ts","no",
".\node_modules\@sentry\core\build\types\scope.d.ts","no",
".\node_modules\@sentry\core\build\types\sdk.d.ts","no",
".\node_modules\@sentry\core\build\types\semanticAttributes.d.ts","no",
".\node_modules\@sentry\core\build\types\server-runtime-client.d.ts","no",
".\node_modules\@sentry\core\build\types\session.d.ts","no",
".\node_modules\@sentry\core\build\types\trpc.d.ts","no",
".\node_modules\@sentry\core\build\types-ts3.8\asyncContext\index.d.ts","no",
".\node_modules\@sentry\core\build\types-ts3.8\asyncContext\stackStrategy.d.ts","no",
".\node_modules\@sentry\core\build\types-ts3.8\asyncContext\types.d.ts","no",
".\node_modules\@sentry\core\build\types-ts3.8\build-time-plugins\buildTimeOptionsBase.d.ts","no",
".\node_modules\@sentry\core\build\types-ts3.8\instrument\console.d.ts","no",
".\node_modules\@sentry\core\build\types-ts3.8\instrument\fetch.d.ts","no",
".\node_modules\@sentry\core\build\types-ts3.8\instrument\globalError.d.ts","no",
".\node_modules\@sentry\core\build\types-ts3.8\instrument\globalUnhandledRejection.d.ts","no",
".\node_modules\@sentry\core\build\types-ts3.8\instrument\handlers.d.ts","no",
".\node_modules\@sentry\core\build\types-ts3.8\integrations\featureFlags\featureFlagsIntegration.d.ts","no",
".\node_modules\@sentry\core\build\types-ts3.8\integrations\featureFlags\index.d.ts","no",
".\node_modules\@sentry\core\build\types-ts3.8\integrations\mcp-server\attributeExtraction.d.ts","no",
".\node_modules\@sentry\core\build\types-ts3.8\integrations\mcp-server\attributes.d.ts","no",
".\node_modules\@sentry\core\build\types-ts3.8\integrations\mcp-server\correlation.d.ts","no",
".\node_modules\@sentry\core\build\types-ts3.8\integrations\mcp-server\errorCapture.d.ts","no",
".\node_modules\@sentry\core\build\types-ts3.8\integrations\mcp-server\handlers.d.ts","no",
".\node_modules\@sentry\core\build\types-ts3.8\integrations\mcp-server\index.d.ts","no",
".\node_modules\@sentry\core\build\types-ts3.8\integrations\mcp-server\methodConfig.d.ts","no",
".\node_modules\@sentry\core\build\types-ts3.8\integrations\mcp-server\piiFiltering.d.ts","no",
".\node_modules\@sentry\core\build\types-ts3.8\integrations\mcp-server\resultExtraction.d.ts","no",
".\node_modules\@sentry\core\build\types-ts3.8\integrations\mcp-server\sessionExtraction.d.ts","no",
".\node_modules\@sentry\core\build\types-ts3.8\integrations\mcp-server\sessionManagement.d.ts","no",
".\node_modules\@sentry\core\build\types-ts3.8\integrations\mcp-server\spans.d.ts","no",
".\node_modules\@sentry\core\build\types-ts3.8\integrations\mcp-server\transport.d.ts","no",
".\node_modules\@sentry\core\build\types-ts3.8\integrations\mcp-server\types.d.ts","no",
".\node_modules\@sentry\core\build\types-ts3.8\integrations\mcp-server\validation.d.ts","no",
".\node_modules\@sentry\core\build\types-ts3.8\integrations\captureconsole.d.ts","no",
".\node_modules\@sentry\core\build\types-ts3.8\integrations\consola.d.ts","no",
".\node_modules\@sentry\core\build\types-ts3.8\integrations\console.d.ts","no",
".\node_modules\@sentry\core\build\types-ts3.8\integrations\dedupe.d.ts","no",
".\node_modules\@sentry\core\build\types-ts3.8\integrations\eventFilters.d.ts","no",
".\node_modules\@sentry\core\build\types-ts3.8\integrations\extraerrordata.d.ts","no",
".\node_modules\@sentry\core\build\types-ts3.8\integrations\functiontostring.d.ts","no",
".\node_modules\@sentry\core\build\types-ts3.8\integrations\linkederrors.d.ts","no",
".\node_modules\@sentry\core\build\types-ts3.8\integrations\moduleMetadata.d.ts","no",
".\node_modules\@sentry\core\build\types-ts3.8\integrations\requestdata.d.ts","no",
".\node_modules\@sentry\core\build\types-ts3.8\integrations\rewriteframes.d.ts","no",
".\node_modules\@sentry\core\build\types-ts3.8\integrations\supabase.d.ts","no",
".\node_modules\@sentry\core\build\types-ts3.8\integrations\third-party-errors-filter.d.ts","no",
".\node_modules\@sentry\core\build\types-ts3.8\integrations\zoderrors.d.ts","no",
".\node_modules\@sentry\core\build\types-ts3.8\logs\console-integration.d.ts","no",
".\node_modules\@sentry\core\build\types-ts3.8\logs\constants.d.ts","no",
".\node_modules\@sentry\core\build\types-ts3.8\logs\envelope.d.ts","no",
".\node_modules\@sentry\core\build\types-ts3.8\logs\internal.d.ts","no",
".\node_modules\@sentry\core\build\types-ts3.8\logs\public-api.d.ts","no",
".\node_modules\@sentry\core\build\types-ts3.8\logs\utils.d.ts","no",
".\node_modules\@sentry\core\build\types-ts3.8\tracing\dynamicSamplingContext.d.ts","no",
".\node_modules\@sentry\core\build\types-ts3.8\tracing\errors.d.ts","no",
".\node_modules\@sentry\core\build\types-ts3.8\tracing\idleSpan.d.ts","no",
".\node_modules\@sentry\core\build\types-ts3.8\tracing\index.d.ts","no",
".\node_modules\@sentry\core\build\types-ts3.8\tracing\logSpans.d.ts","no",
".\node_modules\@sentry\core\build\types-ts3.8\tracing\measurement.d.ts","no",
".\node_modules\@sentry\core\build\types-ts3.8\tracing\sampling.d.ts","no",
".\node_modules\@sentry\core\build\types-ts3.8\tracing\sentryNonRecordingSpan.d.ts","no",
".\node_modules\@sentry\core\build\types-ts3.8\tracing\sentrySpan.d.ts","no",
".\node_modules\@sentry\core\build\types-ts3.8\tracing\spanstatus.d.ts","no",
".\node_modules\@sentry\core\build\types-ts3.8\tracing\trace.d.ts","no",
".\node_modules\@sentry\core\build\types-ts3.8\tracing\utils.d.ts","no",
".\node_modules\@sentry\core\build\types-ts3.8\transports\base.d.ts","no",
".\node_modules\@sentry\core\build\types-ts3.8\transports\multiplexed.d.ts","no",
".\node_modules\@sentry\core\build\types-ts3.8\transports\offline.d.ts","no",
".\node_modules\@sentry\core\build\types-ts3.8\types-hoist\feedback\config.d.ts","no",
".\node_modules\@sentry\core\build\types-ts3.8\types-hoist\feedback\form.d.ts","no",
".\node_modules\@sentry\core\build\types-ts3.8\types-hoist\feedback\index.d.ts","no",
".\node_modules\@sentry\core\build\types-ts3.8\types-hoist\feedback\sendFeedback.d.ts","no",
".\node_modules\@sentry\core\build\types-ts3.8\types-hoist\feedback\theme.d.ts","no",
".\node_modules\@sentry\core\build\types-ts3.8\types-hoist\attachment.d.ts","no",
".\node_modules\@sentry\core\build\types-ts3.8\types-hoist\breadcrumb.d.ts","no",
".\node_modules\@sentry\core\build\types-ts3.8\types-hoist\browseroptions.d.ts","no",
".\node_modules\@sentry\core\build\types-ts3.8\types-hoist\checkin.d.ts","no",
".\node_modules\@sentry\core\build\types-ts3.8\types-hoist\clientreport.d.ts","no",
".\node_modules\@sentry\core\build\types-ts3.8\types-hoist\context.d.ts","no",
".\node_modules\@sentry\core\build\types-ts3.8\types-hoist\csp.d.ts","no",
".\node_modules\@sentry\core\build\types-ts3.8\types-hoist\datacategory.d.ts","no",
".\node_modules\@sentry\core\build\types-ts3.8\types-hoist\debugMeta.d.ts","no",
".\node_modules\@sentry\core\build\types-ts3.8\types-hoist\dsn.d.ts","no",
".\node_modules\@sentry\core\build\types-ts3.8\types-hoist\envelope.d.ts","no",
".\node_modules\@sentry\core\build\types-ts3.8\types-hoist\error.d.ts","no",
".\node_modules\@sentry\core\build\types-ts3.8\types-hoist\event.d.ts","no",
".\node_modules\@sentry\core\build\types-ts3.8\types-hoist\eventprocessor.d.ts","no",
".\node_modules\@sentry\core\build\types-ts3.8\types-hoist\exception.d.ts","no",
".\node_modules\@sentry\core\build\types-ts3.8\types-hoist\extra.d.ts","no",
".\node_modules\@sentry\core\build\types-ts3.8\types-hoist\instrument.d.ts","no",
".\node_modules\@sentry\core\build\types-ts3.8\types-hoist\integration.d.ts","no",
".\node_modules\@sentry\core\build\types-ts3.8\types-hoist\link.d.ts","no",
".\node_modules\@sentry\core\build\types-ts3.8\types-hoist\log.d.ts","no",
".\node_modules\@sentry\core\build\types-ts3.8\types-hoist\measurement.d.ts","no",
".\node_modules\@sentry\core\build\types-ts3.8\types-hoist\mechanism.d.ts","no",
".\node_modules\@sentry\core\build\types-ts3.8\types-hoist\misc.d.ts","no",
".\node_modules\@sentry\core\build\types-ts3.8\types-hoist\opentelemetry.d.ts","no",
".\node_modules\@sentry\core\build\types-ts3.8\types-hoist\options.d.ts","no",
".\node_modules\@sentry\core\build\types-ts3.8\types-hoist\package.d.ts","no",
".\node_modules\@sentry\core\build\types-ts3.8\types-hoist\parameterize.d.ts","no",
".\node_modules\@sentry\core\build\types-ts3.8\types-hoist\polymorphics.d.ts","no",
".\node_modules\@sentry\core\build\types-ts3.8\types-hoist\profiling.d.ts","no",
".\node_modules\@sentry\core\build\types-ts3.8\types-hoist\replay.d.ts","no",
".\node_modules\@sentry\core\build\types-ts3.8\types-hoist\request.d.ts","no",
".\node_modules\@sentry\core\build\types-ts3.8\types-hoist\runtime.d.ts","no",
".\node_modules\@sentry\core\build\types-ts3.8\types-hoist\samplingcontext.d.ts","no",
".\node_modules\@sentry\core\build\types-ts3.8\types-hoist\sdkinfo.d.ts","no",
".\node_modules\@sentry\core\build\types-ts3.8\types-hoist\sdkmetadata.d.ts","no",
".\node_modules\@sentry\core\build\types-ts3.8\types-hoist\session.d.ts","no",
".\node_modules\@sentry\core\build\types-ts3.8\types-hoist\severity.d.ts","no",
".\node_modules\@sentry\core\build\types-ts3.8\types-hoist\span.d.ts","no",
".\node_modules\@sentry\core\build\types-ts3.8\types-hoist\spanStatus.d.ts","no",
".\node_modules\@sentry\core\build\types-ts3.8\types-hoist\stackframe.d.ts","no",
".\node_modules\@sentry\core\build\types-ts3.8\types-hoist\stacktrace.d.ts","no",
".\node_modules\@sentry\core\build\types-ts3.8\types-hoist\startSpanOptions.d.ts","no",
".\node_modules\@sentry\core\build\types-ts3.8\types-hoist\thread.d.ts","no",
".\node_modules\@sentry\core\build\types-ts3.8\types-hoist\timedEvent.d.ts","no",
".\node_modules\@sentry\core\build\types-ts3.8\types-hoist\tracing.d.ts","no",
".\node_modules\@sentry\core\build\types-ts3.8\types-hoist\transaction.d.ts","no",
".\node_modules\@sentry\core\build\types-ts3.8\types-hoist\transport.d.ts","no",
".\node_modules\@sentry\core\build\types-ts3.8\types-hoist\user.d.ts","no",
".\node_modules\@sentry\core\build\types-ts3.8\types-hoist\view-hierarchy.d.ts","no",
".\node_modules\@sentry\core\build\types-ts3.8\types-hoist\webfetchapi.d.ts","no",
".\node_modules\@sentry\core\build\types-ts3.8\types-hoist\wrappedfunction.d.ts","no",
".\node_modules\@sentry\core\build\types-ts3.8\utils\ai\gen-ai-attributes.d.ts","no",
".\node_modules\@sentry\core\build\types-ts3.8\utils\ai\utils.d.ts","no",
".\node_modules\@sentry\core\build\types-ts3.8\utils\anthropic-ai\constants.d.ts","no",
".\node_modules\@sentry\core\build\types-ts3.8\utils\anthropic-ai\index.d.ts","no",
".\node_modules\@sentry\core\build\types-ts3.8\utils\anthropic-ai\streaming.d.ts","no",
".\node_modules\@sentry\core\build\types-ts3.8\utils\anthropic-ai\types.d.ts","no",
".\node_modules\@sentry\core\build\types-ts3.8\utils\anthropic-ai\utils.d.ts","no",
".\node_modules\@sentry\core\build\types-ts3.8\utils\google-genai\constants.d.ts","no",
".\node_modules\@sentry\core\build\types-ts3.8\utils\google-genai\index.d.ts","no",
".\node_modules\@sentry\core\build\types-ts3.8\utils\google-genai\types.d.ts","no",
".\node_modules\@sentry\core\build\types-ts3.8\utils\google-genai\utils.d.ts","no",
".\node_modules\@sentry\core\build\types-ts3.8\utils\openai\constants.d.ts","no",
".\node_modules\@sentry\core\build\types-ts3.8\utils\openai\index.d.ts","no",
".\node_modules\@sentry\core\build\types-ts3.8\utils\openai\streaming.d.ts","no",
".\node_modules\@sentry\core\build\types-ts3.8\utils\openai\types.d.ts","no",
".\node_modules\@sentry\core\build\types-ts3.8\utils\openai\utils.d.ts","no",
".\node_modules\@sentry\core\build\types-ts3.8\utils\vercel-ai\constants.d.ts","no",
".\node_modules\@sentry\core\build\types-ts3.8\utils\vercel-ai\index.d.ts","no",
".\node_modules\@sentry\core\build\types-ts3.8\utils\vercel-ai\types.d.ts","no",
".\node_modules\@sentry\core\build\types-ts3.8\utils\vercel-ai\utils.d.ts","no",
".\node_modules\@sentry\core\build\types-ts3.8\utils\vercel-ai\vercel-ai-attributes.d.ts","no",
".\node_modules\@sentry\core\build\types-ts3.8\utils\aggregate-errors.d.ts","no",
".\node_modules\@sentry\core\build\types-ts3.8\utils\anr.d.ts","no",
".\node_modules\@sentry\core\build\types-ts3.8\utils\applyScopeDataToEvent.d.ts","no",
".\node_modules\@sentry\core\build\types-ts3.8\utils\baggage.d.ts","no",
".\node_modules\@sentry\core\build\types-ts3.8\utils\breadcrumb-log-level.d.ts","no",
".\node_modules\@sentry\core\build\types-ts3.8\utils\browser.d.ts","no",
".\node_modules\@sentry\core\build\types-ts3.8\utils\clientreport.d.ts","no",
".\node_modules\@sentry\core\build\types-ts3.8\utils\cookie.d.ts","no",
".\node_modules\@sentry\core\build\types-ts3.8\utils\debounce.d.ts","no",
".\node_modules\@sentry\core\build\types-ts3.8\utils\debug-ids.d.ts","no",
".\node_modules\@sentry\core\build\types-ts3.8\utils\debug-logger.d.ts","no",
".\node_modules\@sentry\core\build\types-ts3.8\utils\dsn.d.ts","no",
".\node_modules\@sentry\core\build\types-ts3.8\utils\env.d.ts","no",
".\node_modules\@sentry\core\build\types-ts3.8\utils\envelope.d.ts","no",
".\node_modules\@sentry\core\build\types-ts3.8\utils\error.d.ts","no",
".\node_modules\@sentry\core\build\types-ts3.8\utils\eventbuilder.d.ts","no",
".\node_modules\@sentry\core\build\types-ts3.8\utils\eventUtils.d.ts","no",
".\node_modules\@sentry\core\build\types-ts3.8\utils\exports.d.ts","no",
".\node_modules\@sentry\core\build\types-ts3.8\utils\featureFlags.d.ts","no",
".\node_modules\@sentry\core\build\types-ts3.8\utils\flushIfServerless.d.ts","no",
".\node_modules\@sentry\core\build\types-ts3.8\utils\handleCallbackErrors.d.ts","no",
".\node_modules\@sentry\core\build\types-ts3.8\utils\hasSpansEnabled.d.ts","no",
".\node_modules\@sentry\core\build\types-ts3.8\utils\ipAddress.d.ts","no",
".\node_modules\@sentry\core\build\types-ts3.8\utils\is.d.ts","no",
".\node_modules\@sentry\core\build\types-ts3.8\utils\isBrowser.d.ts","no",
".\node_modules\@sentry\core\build\types-ts3.8\utils\isSentryRequestUrl.d.ts","no",
".\node_modules\@sentry\core\build\types-ts3.8\utils\lru.d.ts","no",
".\node_modules\@sentry\core\build\types-ts3.8\utils\merge.d.ts","no",
".\node_modules\@sentry\core\build\types-ts3.8\utils\meta.d.ts","no",
".\node_modules\@sentry\core\build\types-ts3.8\utils\misc.d.ts","no",
".\node_modules\@sentry\core\build\types-ts3.8\utils\node-stack-trace.d.ts","no",
".\node_modules\@sentry\core\build\types-ts3.8\utils\node.d.ts","no",
".\node_modules\@sentry\core\build\types-ts3.8\utils\normalize.d.ts","no",
".\node_modules\@sentry\core\build\types-ts3.8\utils\object.d.ts","no",
".\node_modules\@sentry\core\build\types-ts3.8\utils\parameterize.d.ts","no",
".\node_modules\@sentry\core\build\types-ts3.8\utils\parseSampleRate.d.ts","no",
".\node_modules\@sentry\core\build\types-ts3.8\utils\path.d.ts","no",
".\node_modules\@sentry\core\build\types-ts3.8\utils\prepareEvent.d.ts","no",
".\node_modules\@sentry\core\build\types-ts3.8\utils\promisebuffer.d.ts","no",
".\node_modules\@sentry\core\build\types-ts3.8\utils\propagationContext.d.ts","no",
".\node_modules\@sentry\core\build\types-ts3.8\utils\ratelimit.d.ts","no",
".\node_modules\@sentry\core\build\types-ts3.8\utils\request.d.ts","no",
".\node_modules\@sentry\core\build\types-ts3.8\utils\sdkMetadata.d.ts","no",
".\node_modules\@sentry\core\build\types-ts3.8\utils\severity.d.ts","no",
".\node_modules\@sentry\core\build\types-ts3.8\utils\should-ignore-span.d.ts","no",
".\node_modules\@sentry\core\build\types-ts3.8\utils\spanOnScope.d.ts","no",
".\node_modules\@sentry\core\build\types-ts3.8\utils\spanUtils.d.ts","no",
".\node_modules\@sentry\core\build\types-ts3.8\utils\stacktrace.d.ts","no",
".\node_modules\@sentry\core\build\types-ts3.8\utils\string.d.ts","no",
".\node_modules\@sentry\core\build\types-ts3.8\utils\supports.d.ts","no",
".\node_modules\@sentry\core\build\types-ts3.8\utils\syncpromise.d.ts","no",
".\node_modules\@sentry\core\build\types-ts3.8\utils\time.d.ts","no",
".\node_modules\@sentry\core\build\types-ts3.8\utils\traceData.d.ts","no",
".\node_modules\@sentry\core\build\types-ts3.8\utils\tracing.d.ts","no",
".\node_modules\@sentry\core\build\types-ts3.8\utils\transactionEvent.d.ts","no",
".\node_modules\@sentry\core\build\types-ts3.8\utils\url.d.ts","no",
".\node_modules\@sentry\core\build\types-ts3.8\utils\vercelWaitUntil.d.ts","no",
".\node_modules\@sentry\core\build\types-ts3.8\utils\version.d.ts","no",
".\node_modules\@sentry\core\build\types-ts3.8\utils\worldwide.d.ts","no",
".\node_modules\@sentry\core\build\types-ts3.8\vendor\escapeStringForRegex.d.ts","no",
".\node_modules\@sentry\core\build\types-ts3.8\vendor\getIpAddress.d.ts","no",
".\node_modules\@sentry\core\build\types-ts3.8\api.d.ts","no",
".\node_modules\@sentry\core\build\types-ts3.8\breadcrumbs.d.ts","no",
".\node_modules\@sentry\core\build\types-ts3.8\carrier.d.ts","no",
".\node_modules\@sentry\core\build\types-ts3.8\checkin.d.ts","no",
".\node_modules\@sentry\core\build\types-ts3.8\client.d.ts","no",
".\node_modules\@sentry\core\build\types-ts3.8\constants.d.ts","no",
".\node_modules\@sentry\core\build\types-ts3.8\currentScopes.d.ts","no",
".\node_modules\@sentry\core\build\types-ts3.8\debug-build.d.ts","no",
".\node_modules\@sentry\core\build\types-ts3.8\defaultScopes.d.ts","no",
".\node_modules\@sentry\core\build\types-ts3.8\envelope.d.ts","no",
".\node_modules\@sentry\core\build\types-ts3.8\eventProcessors.d.ts","no",
".\node_modules\@sentry\core\build\types-ts3.8\exports.d.ts","no",
".\node_modules\@sentry\core\build\types-ts3.8\feedback.d.ts","no",
".\node_modules\@sentry\core\build\types-ts3.8\fetch.d.ts","no",
".\node_modules\@sentry\core\build\types-ts3.8\index.d.ts","no",
".\node_modules\@sentry\core\build\types-ts3.8\integration.d.ts","no",
".\node_modules\@sentry\core\build\types-ts3.8\metadata.d.ts","no",
".\node_modules\@sentry\core\build\types-ts3.8\profiling.d.ts","no",
".\node_modules\@sentry\core\build\types-ts3.8\report-dialog.d.ts","no",
".\node_modules\@sentry\core\build\types-ts3.8\scope.d.ts","no",
".\node_modules\@sentry\core\build\types-ts3.8\sdk.d.ts","no",
".\node_modules\@sentry\core\build\types-ts3.8\semanticAttributes.d.ts","no",
".\node_modules\@sentry\core\build\types-ts3.8\server-runtime-client.d.ts","no",
".\node_modules\@sentry\core\build\types-ts3.8\session.d.ts","no",
".\node_modules\@sentry\core\build\types-ts3.8\trpc.d.ts","no",
".\node_modules\@sentry\node\build\types\integrations\featureFlagShims\index.d.ts","no",
".\node_modules\@sentry\node\build\types\integrations\featureFlagShims\launchDarkly.d.ts","no",
".\node_modules\@sentry\node\build\types\integrations\featureFlagShims\openFeature.d.ts","no",
".\node_modules\@sentry\node\build\types\integrations\featureFlagShims\statsig.d.ts","no",
".\node_modules\@sentry\node\build\types\integrations\featureFlagShims\unleash.d.ts","no",
".\node_modules\@sentry\node\build\types\integrations\tracing\anthropic-ai\index.d.ts","no",
".\node_modules\@sentry\node\build\types\integrations\tracing\anthropic-ai\instrumentation.d.ts","no",
".\node_modules\@sentry\node\build\types\integrations\tracing\fastify\v3\enums\AttributeNames.d.ts","no",
".\node_modules\@sentry\node\build\types\integrations\tracing\fastify\v3\constants.d.ts","no",
".\node_modules\@sentry\node\build\types\integrations\tracing\fastify\v3\instrumentation.d.ts","no",
".\node_modules\@sentry\node\build\types\integrations\tracing\fastify\v3\internal-types.d.ts","no",
".\node_modules\@sentry\node\build\types\integrations\tracing\fastify\v3\types.d.ts","no",
".\node_modules\@sentry\node\build\types\integrations\tracing\fastify\v3\utils.d.ts","no",
".\node_modules\@sentry\node\build\types\integrations\tracing\fastify\index.d.ts","no",
".\node_modules\@sentry\node\build\types\integrations\tracing\fastify\types.d.ts","no",
".\node_modules\@sentry\node\build\types\integrations\tracing\firebase\otel\patches\firestore.d.ts","no",
".\node_modules\@sentry\node\build\types\integrations\tracing\firebase\otel\firebaseInstrumentation.d.ts","no",
".\node_modules\@sentry\node\build\types\integrations\tracing\firebase\otel\index.d.ts","no",
".\node_modules\@sentry\node\build\types\integrations\tracing\firebase\otel\types.d.ts","no",
".\node_modules\@sentry\node\build\types\integrations\tracing\firebase\firebase.d.ts","no",
".\node_modules\@sentry\node\build\types\integrations\tracing\firebase\index.d.ts","no",
".\node_modules\@sentry\node\build\types\integrations\tracing\google-genai\index.d.ts","no",
".\node_modules\@sentry\node\build\types\integrations\tracing\google-genai\instrumentation.d.ts","no",
".\node_modules\@sentry\node\build\types\integrations\tracing\hapi\index.d.ts","no",
".\node_modules\@sentry\node\build\types\integrations\tracing\hapi\types.d.ts","no",
".\node_modules\@sentry\node\build\types\integrations\tracing\hono\constants.d.ts","no",
".\node_modules\@sentry\node\build\types\integrations\tracing\hono\index.d.ts","no",
".\node_modules\@sentry\node\build\types\integrations\tracing\hono\instrumentation.d.ts","no",
".\node_modules\@sentry\node\build\types\integrations\tracing\hono\types.d.ts","no",
".\node_modules\@sentry\node\build\types\integrations\tracing\openai\index.d.ts","no",
".\node_modules\@sentry\node\build\types\integrations\tracing\openai\instrumentation.d.ts","no",
".\node_modules\@sentry\node\build\types\integrations\tracing\prisma\vendor\v5-tracing-helper.d.ts","no",
".\node_modules\@sentry\node\build\types\integrations\tracing\prisma\vendor\v6-tracing-helper.d.ts","no",
".\node_modules\@sentry\node\build\types\integrations\tracing\vercelai\constants.d.ts","no",
".\node_modules\@sentry\node\build\types\integrations\tracing\vercelai\index.d.ts","no",
".\node_modules\@sentry\node\build\types\integrations\tracing\vercelai\instrumentation.d.ts","no",
".\node_modules\@sentry\node\build\types\integrations\tracing\vercelai\types.d.ts","no",
".\node_modules\@sentry\node\build\types\integrations\tracing\amqplib.d.ts","no",
".\node_modules\@sentry\node\build\types\integrations\tracing\connect.d.ts","no",
".\node_modules\@sentry\node\build\types\integrations\tracing\dataloader.d.ts","no",
".\node_modules\@sentry\node\build\types\integrations\tracing\express.d.ts","no",
".\node_modules\@sentry\node\build\types\integrations\tracing\genericPool.d.ts","no",
".\node_modules\@sentry\node\build\types\integrations\tracing\graphql.d.ts","no",
".\node_modules\@sentry\node\build\types\integrations\tracing\index.d.ts","no",
".\node_modules\@sentry\node\build\types\integrations\tracing\kafka.d.ts","no",
".\node_modules\@sentry\node\build\types\integrations\tracing\knex.d.ts","no",
".\node_modules\@sentry\node\build\types\integrations\tracing\koa.d.ts","no",
".\node_modules\@sentry\node\build\types\integrations\tracing\lrumemoizer.d.ts","no",
".\node_modules\@sentry\node\build\types\integrations\tracing\mongo.d.ts","no",
".\node_modules\@sentry\node\build\types\integrations\tracing\mongoose.d.ts","no",
".\node_modules\@sentry\node\build\types\integrations\tracing\mysql.d.ts","no",
".\node_modules\@sentry\node\build\types\integrations\tracing\mysql2.d.ts","no",
".\node_modules\@sentry\node\build\types\integrations\tracing\postgres.d.ts","no",
".\node_modules\@sentry\node\build\types\integrations\tracing\postgresjs.d.ts","no",
".\node_modules\@sentry\node\build\types\integrations\tracing\prisma.d.ts","no",
".\node_modules\@sentry\node\build\types\integrations\tracing\redis.d.ts","no",
".\node_modules\@sentry\node\build\types\integrations\tracing\tedious.d.ts","no",
".\node_modules\@sentry\node\build\types\integrations\fs.d.ts","no",
".\node_modules\@sentry\node\build\types\integrations\http.d.ts","no",
".\node_modules\@sentry\node\build\types\integrations\node-fetch.d.ts","no",
".\node_modules\@sentry\node\build\types\sdk\index.d.ts","no",
".\node_modules\@sentry\node\build\types\sdk\initOtel.d.ts","no",
".\node_modules\@sentry\node\build\types\utils\redisCache.d.ts","no",
".\node_modules\@sentry\node\build\types\debug-build.d.ts","no",
".\node_modules\@sentry\node\build\types\index.d.ts","no",
".\node_modules\@sentry\node\build\types\init.d.ts","no",
".\node_modules\@sentry\node\build\types\preload.d.ts","no",
".\node_modules\@sentry\node\build\types\types.d.ts","no",
".\node_modules\@sentry\node\build\types-ts3.8\integrations\featureFlagShims\index.d.ts","no",
".\node_modules\@sentry\node\build\types-ts3.8\integrations\featureFlagShims\launchDarkly.d.ts","no",
".\node_modules\@sentry\node\build\types-ts3.8\integrations\featureFlagShims\openFeature.d.ts","no",
".\node_modules\@sentry\node\build\types-ts3.8\integrations\featureFlagShims\statsig.d.ts","no",
".\node_modules\@sentry\node\build\types-ts3.8\integrations\featureFlagShims\unleash.d.ts","no",
".\node_modules\@sentry\node\build\types-ts3.8\integrations\tracing\anthropic-ai\index.d.ts","no",
".\node_modules\@sentry\node\build\types-ts3.8\integrations\tracing\anthropic-ai\instrumentation.d.ts","no",
".\node_modules\@sentry\node\build\types-ts3.8\integrations\tracing\fastify\v3\enums\AttributeNames.d.ts","no",
".\node_modules\@sentry\node\build\types-ts3.8\integrations\tracing\fastify\v3\constants.d.ts","no",
".\node_modules\@sentry\node\build\types-ts3.8\integrations\tracing\fastify\v3\instrumentation.d.ts","no",
".\node_modules\@sentry\node\build\types-ts3.8\integrations\tracing\fastify\v3\internal-types.d.ts","no",
".\node_modules\@sentry\node\build\types-ts3.8\integrations\tracing\fastify\v3\types.d.ts","no",
".\node_modules\@sentry\node\build\types-ts3.8\integrations\tracing\fastify\v3\utils.d.ts","no",
".\node_modules\@sentry\node\build\types-ts3.8\integrations\tracing\fastify\index.d.ts","no",
".\node_modules\@sentry\node\build\types-ts3.8\integrations\tracing\fastify\types.d.ts","no",
".\node_modules\@sentry\node\build\types-ts3.8\integrations\tracing\firebase\otel\patches\firestore.d.ts","no",
".\node_modules\@sentry\node\build\types-ts3.8\integrations\tracing\firebase\otel\firebaseInstrumentation.d.ts","no",
".\node_modules\@sentry\node\build\types-ts3.8\integrations\tracing\firebase\otel\index.d.ts","no",
".\node_modules\@sentry\node\build\types-ts3.8\integrations\tracing\firebase\otel\types.d.ts","no",
".\node_modules\@sentry\node\build\types-ts3.8\integrations\tracing\firebase\firebase.d.ts","no",
".\node_modules\@sentry\node\build\types-ts3.8\integrations\tracing\firebase\index.d.ts","no",
".\node_modules\@sentry\node\build\types-ts3.8\integrations\tracing\google-genai\index.d.ts","no",
".\node_modules\@sentry\node\build\types-ts3.8\integrations\tracing\google-genai\instrumentation.d.ts","no",
".\node_modules\@sentry\node\build\types-ts3.8\integrations\tracing\hapi\index.d.ts","no",
".\node_modules\@sentry\node\build\types-ts3.8\integrations\tracing\hapi\types.d.ts","no",
".\node_modules\@sentry\node\build\types-ts3.8\integrations\tracing\hono\constants.d.ts","no",
".\node_modules\@sentry\node\build\types-ts3.8\integrations\tracing\hono\index.d.ts","no",
".\node_modules\@sentry\node\build\types-ts3.8\integrations\tracing\hono\instrumentation.d.ts","no",
".\node_modules\@sentry\node\build\types-ts3.8\integrations\tracing\hono\types.d.ts","no",
".\node_modules\@sentry\node\build\types-ts3.8\integrations\tracing\openai\index.d.ts","no",
".\node_modules\@sentry\node\build\types-ts3.8\integrations\tracing\openai\instrumentation.d.ts","no",
".\node_modules\@sentry\node\build\types-ts3.8\integrations\tracing\prisma\vendor\v5-tracing-helper.d.ts","no",
".\node_modules\@sentry\node\build\types-ts3.8\integrations\tracing\prisma\vendor\v6-tracing-helper.d.ts","no",
".\node_modules\@sentry\node\build\types-ts3.8\integrations\tracing\vercelai\constants.d.ts","no",
".\node_modules\@sentry\node\build\types-ts3.8\integrations\tracing\vercelai\index.d.ts","no",
".\node_modules\@sentry\node\build\types-ts3.8\integrations\tracing\vercelai\instrumentation.d.ts","no",
".\node_modules\@sentry\node\build\types-ts3.8\integrations\tracing\vercelai\types.d.ts","no",
".\node_modules\@sentry\node\build\types-ts3.8\integrations\tracing\amqplib.d.ts","no",
".\node_modules\@sentry\node\build\types-ts3.8\integrations\tracing\connect.d.ts","no",
".\node_modules\@sentry\node\build\types-ts3.8\integrations\tracing\dataloader.d.ts","no",
".\node_modules\@sentry\node\build\types-ts3.8\integrations\tracing\express.d.ts","no",
".\node_modules\@sentry\node\build\types-ts3.8\integrations\tracing\genericPool.d.ts","no",
".\node_modules\@sentry\node\build\types-ts3.8\integrations\tracing\graphql.d.ts","no",
".\node_modules\@sentry\node\build\types-ts3.8\integrations\tracing\index.d.ts","no",
".\node_modules\@sentry\node\build\types-ts3.8\integrations\tracing\kafka.d.ts","no",
".\node_modules\@sentry\node\build\types-ts3.8\integrations\tracing\knex.d.ts","no",
".\node_modules\@sentry\node\build\types-ts3.8\integrations\tracing\koa.d.ts","no",
".\node_modules\@sentry\node\build\types-ts3.8\integrations\tracing\lrumemoizer.d.ts","no",
".\node_modules\@sentry\node\build\types-ts3.8\integrations\tracing\mongo.d.ts","no",
".\node_modules\@sentry\node\build\types-ts3.8\integrations\tracing\mongoose.d.ts","no",
".\node_modules\@sentry\node\build\types-ts3.8\integrations\tracing\mysql.d.ts","no",
".\node_modules\@sentry\node\build\types-ts3.8\integrations\tracing\mysql2.d.ts","no",
".\node_modules\@sentry\node\build\types-ts3.8\integrations\tracing\postgres.d.ts","no",
".\node_modules\@sentry\node\build\types-ts3.8\integrations\tracing\postgresjs.d.ts","no",
".\node_modules\@sentry\node\build\types-ts3.8\integrations\tracing\prisma.d.ts","no",
".\node_modules\@sentry\node\build\types-ts3.8\integrations\tracing\redis.d.ts","no",
".\node_modules\@sentry\node\build\types-ts3.8\integrations\tracing\tedious.d.ts","no",
".\node_modules\@sentry\node\build\types-ts3.8\integrations\fs.d.ts","no",
".\node_modules\@sentry\node\build\types-ts3.8\integrations\http.d.ts","no",
".\node_modules\@sentry\node\build\types-ts3.8\integrations\node-fetch.d.ts","no",
".\node_modules\@sentry\node\build\types-ts3.8\sdk\index.d.ts","no",
".\node_modules\@sentry\node\build\types-ts3.8\sdk\initOtel.d.ts","no",
".\node_modules\@sentry\node\build\types-ts3.8\utils\redisCache.d.ts","no",
".\node_modules\@sentry\node\build\types-ts3.8\debug-build.d.ts","no",
".\node_modules\@sentry\node\build\types-ts3.8\index.d.ts","no",
".\node_modules\@sentry\node\build\types-ts3.8\init.d.ts","no",
".\node_modules\@sentry\node\build\types-ts3.8\preload.d.ts","no",
".\node_modules\@sentry\node\build\types-ts3.8\types.d.ts","no",
".\node_modules\@sentry\node-core\build\types\cron\common.d.ts","no",
".\node_modules\@sentry\node-core\build\types\cron\cron.d.ts","no",
".\node_modules\@sentry\node-core\build\types\cron\index.d.ts","no",
".\node_modules\@sentry\node-core\build\types\cron\node-cron.d.ts","no",
".\node_modules\@sentry\node-core\build\types\cron\node-schedule.d.ts","no",
".\node_modules\@sentry\node-core\build\types\integrations\anr\common.d.ts","no",
".\node_modules\@sentry\node-core\build\types\integrations\anr\index.d.ts","no",
".\node_modules\@sentry\node-core\build\types\integrations\anr\worker.d.ts","no",
".\node_modules\@sentry\node-core\build\types\integrations\http\constants.d.ts","no",
".\node_modules\@sentry\node-core\build\types\integrations\http\httpServerIntegration.d.ts","no",
".\node_modules\@sentry\node-core\build\types\integrations\http\httpServerSpansIntegration.d.ts","no",
".\node_modules\@sentry\node-core\build\types\integrations\http\index.d.ts","no",
".\node_modules\@sentry\node-core\build\types\integrations\http\outgoing-requests.d.ts","no",
".\node_modules\@sentry\node-core\build\types\integrations\http\SentryHttpInstrumentation.d.ts","no",
".\node_modules\@sentry\node-core\build\types\integrations\local-variables\common.d.ts","no",
".\node_modules\@sentry\node-core\build\types\integrations\local-variables\index.d.ts","no",
".\node_modules\@sentry\node-core\build\types\integrations\local-variables\local-variables-async.d.ts","no",
".\node_modules\@sentry\node-core\build\types\integrations\local-variables\local-variables-sync.d.ts","no",
".\node_modules\@sentry\node-core\build\types\integrations\local-variables\worker.d.ts","no",
".\node_modules\@sentry\node-core\build\types\integrations\node-fetch\index.d.ts","no",
".\node_modules\@sentry\node-core\build\types\integrations\node-fetch\SentryNodeFetchInstrumentation.d.ts","no",
".\node_modules\@sentry\node-core\build\types\integrations\node-fetch\types.d.ts","no",
".\node_modules\@sentry\node-core\build\types\integrations\childProcess.d.ts","no",
".\node_modules\@sentry\node-core\build\types\integrations\context.d.ts","no",
".\node_modules\@sentry\node-core\build\types\integrations\contextlines.d.ts","no",
".\node_modules\@sentry\node-core\build\types\integrations\modules.d.ts","no",
".\node_modules\@sentry\node-core\build\types\integrations\onuncaughtexception.d.ts","no",
".\node_modules\@sentry\node-core\build\types\integrations\onunhandledrejection.d.ts","no",
".\node_modules\@sentry\node-core\build\types\integrations\processSession.d.ts","no",
".\node_modules\@sentry\node-core\build\types\integrations\spotlight.d.ts","no",
".\node_modules\@sentry\node-core\build\types\integrations\systemError.d.ts","no",
".\node_modules\@sentry\node-core\build\types\integrations\winston.d.ts","no",
".\node_modules\@sentry\node-core\build\types\logs\capture.d.ts","no",
".\node_modules\@sentry\node-core\build\types\logs\exports.d.ts","no",
".\node_modules\@sentry\node-core\build\types\otel\contextManager.d.ts","no",
".\node_modules\@sentry\node-core\build\types\otel\instrument.d.ts","no",
".\node_modules\@sentry\node-core\build\types\otel\logger.d.ts","no",
".\node_modules\@sentry\node-core\build\types\proxy\base.d.ts","no",
".\node_modules\@sentry\node-core\build\types\proxy\helpers.d.ts","no",
".\node_modules\@sentry\node-core\build\types\proxy\index.d.ts","no",
".\node_modules\@sentry\node-core\build\types\proxy\parse-proxy-response.d.ts","no",
".\node_modules\@sentry\node-core\build\types\sdk\api.d.ts","no",
".\node_modules\@sentry\node-core\build\types\sdk\client.d.ts","no",
".\node_modules\@sentry\node-core\build\types\sdk\esmLoader.d.ts","no",
".\node_modules\@sentry\node-core\build\types\sdk\index.d.ts","no",
".\node_modules\@sentry\node-core\build\types\sdk\scope.d.ts","no",
".\node_modules\@sentry\node-core\build\types\transports\http-module.d.ts","no",
".\node_modules\@sentry\node-core\build\types\transports\http.d.ts","no",
".\node_modules\@sentry\node-core\build\types\transports\index.d.ts","no",
".\node_modules\@sentry\node-core\build\types\utils\addOriginToSpan.d.ts","no",
".\node_modules\@sentry\node-core\build\types\utils\baggage.d.ts","no",
".\node_modules\@sentry\node-core\build\types\utils\createMissingInstrumentationContext.d.ts","no",
".\node_modules\@sentry\node-core\build\types\utils\debug.d.ts","no",
".\node_modules\@sentry\node-core\build\types\utils\detection.d.ts","no",
".\node_modules\@sentry\node-core\build\types\utils\ensureIsWrapped.d.ts","no",
".\node_modules\@sentry\node-core\build\types\utils\entry-point.d.ts","no",
".\node_modules\@sentry\node-core\build\types\utils\envToBool.d.ts","no",
".\node_modules\@sentry\node-core\build\types\utils\errorhandling.d.ts","no",
".\node_modules\@sentry\node-core\build\types\utils\getRequestUrl.d.ts","no",
".\node_modules\@sentry\node-core\build\types\utils\module.d.ts","no",
".\node_modules\@sentry\node-core\build\types\utils\prepareEvent.d.ts","no",
".\node_modules\@sentry\node-core\build\types\debug-build.d.ts","no",
".\node_modules\@sentry\node-core\build\types\index.d.ts","no",
".\node_modules\@sentry\node-core\build\types\init.d.ts","no",
".\node_modules\@sentry\node-core\build\types\nodeVersion.d.ts","no",
".\node_modules\@sentry\node-core\build\types\types.d.ts","no",
".\node_modules\@sentry\node-core\build\types-ts3.8\cron\common.d.ts","no",
".\node_modules\@sentry\node-core\build\types-ts3.8\cron\cron.d.ts","no",
".\node_modules\@sentry\node-core\build\types-ts3.8\cron\index.d.ts","no",
".\node_modules\@sentry\node-core\build\types-ts3.8\cron\node-cron.d.ts","no",
".\node_modules\@sentry\node-core\build\types-ts3.8\cron\node-schedule.d.ts","no",
".\node_modules\@sentry\node-core\build\types-ts3.8\integrations\anr\common.d.ts","no",
".\node_modules\@sentry\node-core\build\types-ts3.8\integrations\anr\index.d.ts","no",
".\node_modules\@sentry\node-core\build\types-ts3.8\integrations\anr\worker.d.ts","no",
".\node_modules\@sentry\node-core\build\types-ts3.8\integrations\http\constants.d.ts","no",
".\node_modules\@sentry\node-core\build\types-ts3.8\integrations\http\httpServerIntegration.d.ts","no",
".\node_modules\@sentry\node-core\build\types-ts3.8\integrations\http\httpServerSpansIntegration.d.ts","no",
".\node_modules\@sentry\node-core\build\types-ts3.8\integrations\http\index.d.ts","no",
".\node_modules\@sentry\node-core\build\types-ts3.8\integrations\http\outgoing-requests.d.ts","no",
".\node_modules\@sentry\node-core\build\types-ts3.8\integrations\http\SentryHttpInstrumentation.d.ts","no",
".\node_modules\@sentry\node-core\build\types-ts3.8\integrations\local-variables\common.d.ts","no",
".\node_modules\@sentry\node-core\build\types-ts3.8\integrations\local-variables\index.d.ts","no",
".\node_modules\@sentry\node-core\build\types-ts3.8\integrations\local-variables\local-variables-async.d.ts","no",
".\node_modules\@sentry\node-core\build\types-ts3.8\integrations\local-variables\local-variables-sync.d.ts","no",
".\node_modules\@sentry\node-core\build\types-ts3.8\integrations\local-variables\worker.d.ts","no",
".\node_modules\@sentry\node-core\build\types-ts3.8\integrations\node-fetch\index.d.ts","no",
".\node_modules\@sentry\node-core\build\types-ts3.8\integrations\node-fetch\SentryNodeFetchInstrumentation.d.ts","no",
".\node_modules\@sentry\node-core\build\types-ts3.8\integrations\node-fetch\types.d.ts","no",
".\node_modules\@sentry\node-core\build\types-ts3.8\integrations\childProcess.d.ts","no",
".\node_modules\@sentry\node-core\build\types-ts3.8\integrations\context.d.ts","no",
".\node_modules\@sentry\node-core\build\types-ts3.8\integrations\contextlines.d.ts","no",
".\node_modules\@sentry\node-core\build\types-ts3.8\integrations\modules.d.ts","no",
".\node_modules\@sentry\node-core\build\types-ts3.8\integrations\onuncaughtexception.d.ts","no",
".\node_modules\@sentry\node-core\build\types-ts3.8\integrations\onunhandledrejection.d.ts","no",
".\node_modules\@sentry\node-core\build\types-ts3.8\integrations\processSession.d.ts","no",
".\node_modules\@sentry\node-core\build\types-ts3.8\integrations\spotlight.d.ts","no",
".\node_modules\@sentry\node-core\build\types-ts3.8\integrations\systemError.d.ts","no",
".\node_modules\@sentry\node-core\build\types-ts3.8\integrations\winston.d.ts","no",
".\node_modules\@sentry\node-core\build\types-ts3.8\logs\capture.d.ts","no",
".\node_modules\@sentry\node-core\build\types-ts3.8\logs\exports.d.ts","no",
".\node_modules\@sentry\node-core\build\types-ts3.8\otel\contextManager.d.ts","no",
".\node_modules\@sentry\node-core\build\types-ts3.8\otel\instrument.d.ts","no",
".\node_modules\@sentry\node-core\build\types-ts3.8\otel\logger.d.ts","no",
".\node_modules\@sentry\node-core\build\types-ts3.8\proxy\base.d.ts","no",
".\node_modules\@sentry\node-core\build\types-ts3.8\proxy\helpers.d.ts","no",
".\node_modules\@sentry\node-core\build\types-ts3.8\proxy\index.d.ts","no",
".\node_modules\@sentry\node-core\build\types-ts3.8\proxy\parse-proxy-response.d.ts","no",
".\node_modules\@sentry\node-core\build\types-ts3.8\sdk\api.d.ts","no",
".\node_modules\@sentry\node-core\build\types-ts3.8\sdk\client.d.ts","no",
".\node_modules\@sentry\node-core\build\types-ts3.8\sdk\esmLoader.d.ts","no",
".\node_modules\@sentry\node-core\build\types-ts3.8\sdk\index.d.ts","no",
".\node_modules\@sentry\node-core\build\types-ts3.8\sdk\scope.d.ts","no",
".\node_modules\@sentry\node-core\build\types-ts3.8\transports\http-module.d.ts","no",
".\node_modules\@sentry\node-core\build\types-ts3.8\transports\http.d.ts","no",
".\node_modules\@sentry\node-core\build\types-ts3.8\transports\index.d.ts","no",
".\node_modules\@sentry\node-core\build\types-ts3.8\utils\addOriginToSpan.d.ts","no",
".\node_modules\@sentry\node-core\build\types-ts3.8\utils\baggage.d.ts","no",
".\node_modules\@sentry\node-core\build\types-ts3.8\utils\createMissingInstrumentationContext.d.ts","no",
".\node_modules\@sentry\node-core\build\types-ts3.8\utils\debug.d.ts","no",
".\node_modules\@sentry\node-core\build\types-ts3.8\utils\detection.d.ts","no",
".\node_modules\@sentry\node-core\build\types-ts3.8\utils\ensureIsWrapped.d.ts","no",
".\node_modules\@sentry\node-core\build\types-ts3.8\utils\entry-point.d.ts","no",
".\node_modules\@sentry\node-core\build\types-ts3.8\utils\envToBool.d.ts","no",
".\node_modules\@sentry\node-core\build\types-ts3.8\utils\errorhandling.d.ts","no",
".\node_modules\@sentry\node-core\build\types-ts3.8\utils\getRequestUrl.d.ts","no",
".\node_modules\@sentry\node-core\build\types-ts3.8\utils\module.d.ts","no",
".\node_modules\@sentry\node-core\build\types-ts3.8\utils\prepareEvent.d.ts","no",
".\node_modules\@sentry\node-core\build\types-ts3.8\debug-build.d.ts","no",
".\node_modules\@sentry\node-core\build\types-ts3.8\index.d.ts","no",
".\node_modules\@sentry\node-core\build\types-ts3.8\init.d.ts","no",
".\node_modules\@sentry\node-core\build\types-ts3.8\nodeVersion.d.ts","no",
".\node_modules\@sentry\node-core\build\types-ts3.8\types.d.ts","no",
".\node_modules\@sentry\opentelemetry\build\types\custom\client.d.ts","no",
".\node_modules\@sentry\opentelemetry\build\types\utils\addOriginToSpan.d.ts","no",
".\node_modules\@sentry\opentelemetry\build\types\utils\contextData.d.ts","no",
".\node_modules\@sentry\opentelemetry\build\types\utils\enhanceDscWithOpenTelemetryRootSpanName.d.ts","no",
".\node_modules\@sentry\opentelemetry\build\types\utils\getActiveSpan.d.ts","no",
".\node_modules\@sentry\opentelemetry\build\types\utils\getParentSpanId.d.ts","no",
".\node_modules\@sentry\opentelemetry\build\types\utils\getRequestSpanData.d.ts","no",
".\node_modules\@sentry\opentelemetry\build\types\utils\getSamplingDecision.d.ts","no",
".\node_modules\@sentry\opentelemetry\build\types\utils\getSpanKind.d.ts","no",
".\node_modules\@sentry\opentelemetry\build\types\utils\getTraceData.d.ts","no",
".\node_modules\@sentry\opentelemetry\build\types\utils\groupSpansWithParents.d.ts","no",
".\node_modules\@sentry\opentelemetry\build\types\utils\isSentryRequest.d.ts","no",
".\node_modules\@sentry\opentelemetry\build\types\utils\makeTraceState.d.ts","no",
".\node_modules\@sentry\opentelemetry\build\types\utils\mapStatus.d.ts","no",
".\node_modules\@sentry\opentelemetry\build\types\utils\parseSpanDescription.d.ts","no",
".\node_modules\@sentry\opentelemetry\build\types\utils\setupCheck.d.ts","no",
".\node_modules\@sentry\opentelemetry\build\types\utils\spanTypes.d.ts","no",
".\node_modules\@sentry\opentelemetry\build\types\utils\suppressTracing.d.ts","no",
".\node_modules\@sentry\opentelemetry\build\types\asyncContextStrategy.d.ts","no",
".\node_modules\@sentry\opentelemetry\build\types\constants.d.ts","no",
".\node_modules\@sentry\opentelemetry\build\types\contextManager.d.ts","no",
".\node_modules\@sentry\opentelemetry\build\types\debug-build.d.ts","no",
".\node_modules\@sentry\opentelemetry\build\types\index.d.ts","no",
".\node_modules\@sentry\opentelemetry\build\types\propagator.d.ts","no",
".\node_modules\@sentry\opentelemetry\build\types\sampler.d.ts","no",
".\node_modules\@sentry\opentelemetry\build\types\semanticAttributes.d.ts","no",
".\node_modules\@sentry\opentelemetry\build\types\setupEventContextTrace.d.ts","no",
".\node_modules\@sentry\opentelemetry\build\types\spanExporter.d.ts","no",
".\node_modules\@sentry\opentelemetry\build\types\spanProcessor.d.ts","no",
".\node_modules\@sentry\opentelemetry\build\types\trace.d.ts","no",
".\node_modules\@sentry\opentelemetry\build\types\types.d.ts","no",
".\node_modules\@sentry\opentelemetry\build\types-ts3.8\custom\client.d.ts","no",
".\node_modules\@sentry\opentelemetry\build\types-ts3.8\utils\addOriginToSpan.d.ts","no",
".\node_modules\@sentry\opentelemetry\build\types-ts3.8\utils\contextData.d.ts","no",
".\node_modules\@sentry\opentelemetry\build\types-ts3.8\utils\enhanceDscWithOpenTelemetryRootSpanName.d.ts","no",
".\node_modules\@sentry\opentelemetry\build\types-ts3.8\utils\getActiveSpan.d.ts","no",
".\node_modules\@sentry\opentelemetry\build\types-ts3.8\utils\getParentSpanId.d.ts","no",
".\node_modules\@sentry\opentelemetry\build\types-ts3.8\utils\getRequestSpanData.d.ts","no",
".\node_modules\@sentry\opentelemetry\build\types-ts3.8\utils\getSamplingDecision.d.ts","no",
".\node_modules\@sentry\opentelemetry\build\types-ts3.8\utils\getSpanKind.d.ts","no",
".\node_modules\@sentry\opentelemetry\build\types-ts3.8\utils\getTraceData.d.ts","no",
".\node_modules\@sentry\opentelemetry\build\types-ts3.8\utils\groupSpansWithParents.d.ts","no",
".\node_modules\@sentry\opentelemetry\build\types-ts3.8\utils\isSentryRequest.d.ts","no",
".\node_modules\@sentry\opentelemetry\build\types-ts3.8\utils\makeTraceState.d.ts","no",
".\node_modules\@sentry\opentelemetry\build\types-ts3.8\utils\mapStatus.d.ts","no",
".\node_modules\@sentry\opentelemetry\build\types-ts3.8\utils\parseSpanDescription.d.ts","no",
".\node_modules\@sentry\opentelemetry\build\types-ts3.8\utils\setupCheck.d.ts","no",
".\node_modules\@sentry\opentelemetry\build\types-ts3.8\utils\spanTypes.d.ts","no",
".\node_modules\@sentry\opentelemetry\build\types-ts3.8\utils\suppressTracing.d.ts","no",
".\node_modules\@sentry\opentelemetry\build\types-ts3.8\asyncContextStrategy.d.ts","no",
".\node_modules\@sentry\opentelemetry\build\types-ts3.8\constants.d.ts","no",
".\node_modules\@sentry\opentelemetry\build\types-ts3.8\contextManager.d.ts","no",
".\node_modules\@sentry\opentelemetry\build\types-ts3.8\debug-build.d.ts","no",
".\node_modules\@sentry\opentelemetry\build\types-ts3.8\index.d.ts","no",
".\node_modules\@sentry\opentelemetry\build\types-ts3.8\propagator.d.ts","no",
".\node_modules\@sentry\opentelemetry\build\types-ts3.8\sampler.d.ts","no",
".\node_modules\@sentry\opentelemetry\build\types-ts3.8\semanticAttributes.d.ts","no",
".\node_modules\@sentry\opentelemetry\build\types-ts3.8\setupEventContextTrace.d.ts","no",
".\node_modules\@sentry\opentelemetry\build\types-ts3.8\spanExporter.d.ts","no",
".\node_modules\@sentry\opentelemetry\build\types-ts3.8\spanProcessor.d.ts","no",
".\node_modules\@sentry\opentelemetry\build\types-ts3.8\trace.d.ts","no",
".\node_modules\@sentry\opentelemetry\build\types-ts3.8\types.d.ts","no",
".\node_modules\@sentry\tracing\types\index.d.ts","no",
".\node_modules\@sentry\tracing\types-ts3.8\index.d.ts","no",
".\node_modules\@sentry\types\types\attachment.d.ts","no",
".\node_modules\@sentry\types\types\breadcrumb.d.ts","no",
".\node_modules\@sentry\types\types\browseroptions.d.ts","no",
".\node_modules\@sentry\types\types\checkin.d.ts","no",
".\node_modules\@sentry\types\types\client.d.ts","no",
".\node_modules\@sentry\types\types\clientreport.d.ts","no",
".\node_modules\@sentry\types\types\context.d.ts","no",
".\node_modules\@sentry\types\types\datacategory.d.ts","no",
".\node_modules\@sentry\types\types\debugMeta.d.ts","no",
".\node_modules\@sentry\types\types\dsn.d.ts","no",
".\node_modules\@sentry\types\types\envelope.d.ts","no",
".\node_modules\@sentry\types\types\error.d.ts","no",
".\node_modules\@sentry\types\types\event.d.ts","no",
".\node_modules\@sentry\types\types\eventprocessor.d.ts","no",
".\node_modules\@sentry\types\types\exception.d.ts","no",
".\node_modules\@sentry\types\types\extra.d.ts","no",
".\node_modules\@sentry\types\types\feedback.d.ts","no",
".\node_modules\@sentry\types\types\hub.d.ts","no",
".\node_modules\@sentry\types\types\index.d.ts","no",
".\node_modules\@sentry\types\types\instrument.d.ts","no",
".\node_modules\@sentry\types\types\instrumenter.d.ts","no",
".\node_modules\@sentry\types\types\integration.d.ts","no",
".\node_modules\@sentry\types\types\measurement.d.ts","no",
".\node_modules\@sentry\types\types\mechanism.d.ts","no",
".\node_modules\@sentry\types\types\metrics.d.ts","no",
".\node_modules\@sentry\types\types\misc.d.ts","no",
".\node_modules\@sentry\types\types\opentelemetry.d.ts","no",
".\node_modules\@sentry\types\types\options.d.ts","no",
".\node_modules\@sentry\types\types\package.d.ts","no",
".\node_modules\@sentry\types\types\parameterize.d.ts","no",
".\node_modules\@sentry\types\types\polymorphics.d.ts","no",
".\node_modules\@sentry\types\types\profiling.d.ts","no",
".\node_modules\@sentry\types\types\replay.d.ts","no",
".\node_modules\@sentry\types\types\request.d.ts","no",
".\node_modules\@sentry\types\types\runtime.d.ts","no",
".\node_modules\@sentry\types\types\scope.d.ts","no",
".\node_modules\@sentry\types\types\sdkinfo.d.ts","no",
".\node_modules\@sentry\types\types\sdkmetadata.d.ts","no",
".\node_modules\@sentry\types\types\session.d.ts","no",
".\node_modules\@sentry\types\types\severity.d.ts","no",
".\node_modules\@sentry\types\types\span.d.ts","no",
".\node_modules\@sentry\types\types\stackframe.d.ts","no",
".\node_modules\@sentry\types\types\stacktrace.d.ts","no",
".\node_modules\@sentry\types\types\startSpanOptions.d.ts","no",
".\node_modules\@sentry\types\types\textencoder.d.ts","no",
".\node_modules\@sentry\types\types\thread.d.ts","no",
".\node_modules\@sentry\types\types\tracing.d.ts","no",
".\node_modules\@sentry\types\types\transaction.d.ts","no",
".\node_modules\@sentry\types\types\transport.d.ts","no",
".\node_modules\@sentry\types\types\user.d.ts","no",
".\node_modules\@sentry\types\types\webfetchapi.d.ts","no",
".\node_modules\@sentry\types\types\wrappedfunction.d.ts","no",
".\node_modules\@sentry\types\types-ts3.8\attachment.d.ts","no",
".\node_modules\@sentry\types\types-ts3.8\breadcrumb.d.ts","no",
".\node_modules\@sentry\types\types-ts3.8\browseroptions.d.ts","no",
".\node_modules\@sentry\types\types-ts3.8\checkin.d.ts","no",
".\node_modules\@sentry\types\types-ts3.8\client.d.ts","no",
".\node_modules\@sentry\types\types-ts3.8\clientreport.d.ts","no",
".\node_modules\@sentry\types\types-ts3.8\context.d.ts","no",
".\node_modules\@sentry\types\types-ts3.8\datacategory.d.ts","no",
".\node_modules\@sentry\types\types-ts3.8\debugMeta.d.ts","no",
".\node_modules\@sentry\types\types-ts3.8\dsn.d.ts","no",
".\node_modules\@sentry\types\types-ts3.8\envelope.d.ts","no",
".\node_modules\@sentry\types\types-ts3.8\error.d.ts","no",
".\node_modules\@sentry\types\types-ts3.8\event.d.ts","no",
".\node_modules\@sentry\types\types-ts3.8\eventprocessor.d.ts","no",
".\node_modules\@sentry\types\types-ts3.8\exception.d.ts","no",
".\node_modules\@sentry\types\types-ts3.8\extra.d.ts","no",
".\node_modules\@sentry\types\types-ts3.8\feedback.d.ts","no",
".\node_modules\@sentry\types\types-ts3.8\hub.d.ts","no",
".\node_modules\@sentry\types\types-ts3.8\index.d.ts","no",
".\node_modules\@sentry\types\types-ts3.8\instrument.d.ts","no",
".\node_modules\@sentry\types\types-ts3.8\instrumenter.d.ts","no",
".\node_modules\@sentry\types\types-ts3.8\integration.d.ts","no",
".\node_modules\@sentry\types\types-ts3.8\measurement.d.ts","no",
".\node_modules\@sentry\types\types-ts3.8\mechanism.d.ts","no",
".\node_modules\@sentry\types\types-ts3.8\metrics.d.ts","no",
".\node_modules\@sentry\types\types-ts3.8\misc.d.ts","no",
".\node_modules\@sentry\types\types-ts3.8\opentelemetry.d.ts","no",
".\node_modules\@sentry\types\types-ts3.8\options.d.ts","no",
".\node_modules\@sentry\types\types-ts3.8\package.d.ts","no",
".\node_modules\@sentry\types\types-ts3.8\parameterize.d.ts","no",
".\node_modules\@sentry\types\types-ts3.8\polymorphics.d.ts","no",
".\node_modules\@sentry\types\types-ts3.8\profiling.d.ts","no",
".\node_modules\@sentry\types\types-ts3.8\replay.d.ts","no",
".\node_modules\@sentry\types\types-ts3.8\request.d.ts","no",
".\node_modules\@sentry\types\types-ts3.8\runtime.d.ts","no",
".\node_modules\@sentry\types\types-ts3.8\scope.d.ts","no",
".\node_modules\@sentry\types\types-ts3.8\sdkinfo.d.ts","no",
".\node_modules\@sentry\types\types-ts3.8\sdkmetadata.d.ts","no",
".\node_modules\@sentry\types\types-ts3.8\session.d.ts","no",
".\node_modules\@sentry\types\types-ts3.8\severity.d.ts","no",
".\node_modules\@sentry\types\types-ts3.8\span.d.ts","no",
".\node_modules\@sentry\types\types-ts3.8\stackframe.d.ts","no",
".\node_modules\@sentry\types\types-ts3.8\stacktrace.d.ts","no",
".\node_modules\@sentry\types\types-ts3.8\startSpanOptions.d.ts","no",
".\node_modules\@sentry\types\types-ts3.8\textencoder.d.ts","no",
".\node_modules\@sentry\types\types-ts3.8\thread.d.ts","no",
".\node_modules\@sentry\types\types-ts3.8\tracing.d.ts","no",
".\node_modules\@sentry\types\types-ts3.8\transaction.d.ts","no",
".\node_modules\@sentry\types\types-ts3.8\transport.d.ts","no",
".\node_modules\@sentry\types\types-ts3.8\user.d.ts","no",
".\node_modules\@sentry\types\types-ts3.8\webfetchapi.d.ts","no",
".\node_modules\@sentry\types\types-ts3.8\wrappedfunction.d.ts","no",
".\node_modules\@sentry\utils\types\buildPolyfills\index.d.ts","no",
".\node_modules\@sentry\utils\types\buildPolyfills\types.d.ts","no",
".\node_modules\@sentry\utils\types\buildPolyfills\_asyncNullishCoalesce.d.ts","no",
".\node_modules\@sentry\utils\types\buildPolyfills\_asyncOptionalChain.d.ts","no",
".\node_modules\@sentry\utils\types\buildPolyfills\_asyncOptionalChainDelete.d.ts","no",
".\node_modules\@sentry\utils\types\buildPolyfills\_nullishCoalesce.d.ts","no",
".\node_modules\@sentry\utils\types\buildPolyfills\_optionalChain.d.ts","no",
".\node_modules\@sentry\utils\types\buildPolyfills\_optionalChainDelete.d.ts","no",
".\node_modules\@sentry\utils\types\instrument\console.d.ts","no",
".\node_modules\@sentry\utils\types\instrument\dom.d.ts","no",
".\node_modules\@sentry\utils\types\instrument\fetch.d.ts","no",
".\node_modules\@sentry\utils\types\instrument\globalError.d.ts","no",
".\node_modules\@sentry\utils\types\instrument\globalUnhandledRejection.d.ts","no",
".\node_modules\@sentry\utils\types\instrument\history.d.ts","no",
".\node_modules\@sentry\utils\types\instrument\index.d.ts","no",
".\node_modules\@sentry\utils\types\instrument\xhr.d.ts","no",
".\node_modules\@sentry\utils\types\instrument\_handlers.d.ts","no",
".\node_modules\@sentry\utils\types\vendor\escapeStringForRegex.d.ts","no",
".\node_modules\@sentry\utils\types\vendor\supportsHistory.d.ts","no",
".\node_modules\@sentry\utils\types\aggregate-errors.d.ts","no",
".\node_modules\@sentry\utils\types\anr.d.ts","no",
".\node_modules\@sentry\utils\types\baggage.d.ts","no",
".\node_modules\@sentry\utils\types\browser.d.ts","no",
".\node_modules\@sentry\utils\types\cache.d.ts","no",
".\node_modules\@sentry\utils\types\clientreport.d.ts","no",
".\node_modules\@sentry\utils\types\cookie.d.ts","no",
".\node_modules\@sentry\utils\types\debug-build.d.ts","no",
".\node_modules\@sentry\utils\types\dsn.d.ts","no",
".\node_modules\@sentry\utils\types\env.d.ts","no",
".\node_modules\@sentry\utils\types\envelope.d.ts","no",
".\node_modules\@sentry\utils\types\error.d.ts","no",
".\node_modules\@sentry\utils\types\eventbuilder.d.ts","no",
".\node_modules\@sentry\utils\types\index.d.ts","no",
".\node_modules\@sentry\utils\types\is.d.ts","no",
".\node_modules\@sentry\utils\types\isBrowser.d.ts","no",
".\node_modules\@sentry\utils\types\logger.d.ts","no",
".\node_modules\@sentry\utils\types\lru.d.ts","no",
".\node_modules\@sentry\utils\types\memo.d.ts","no",
".\node_modules\@sentry\utils\types\misc.d.ts","no",
".\node_modules\@sentry\utils\types\node-stack-trace.d.ts","no",
".\node_modules\@sentry\utils\types\node.d.ts","no",
".\node_modules\@sentry\utils\types\normalize.d.ts","no",
".\node_modules\@sentry\utils\types\object.d.ts","no",
".\node_modules\@sentry\utils\types\path.d.ts","no",
".\node_modules\@sentry\utils\types\promisebuffer.d.ts","no",
".\node_modules\@sentry\utils\types\ratelimit.d.ts","no",
".\node_modules\@sentry\utils\types\requestdata.d.ts","no",
".\node_modules\@sentry\utils\types\severity.d.ts","no",
".\node_modules\@sentry\utils\types\stacktrace.d.ts","no",
".\node_modules\@sentry\utils\types\string.d.ts","no",
".\node_modules\@sentry\utils\types\supports.d.ts","no",
".\node_modules\@sentry\utils\types\syncpromise.d.ts","no",
".\node_modules\@sentry\utils\types\time.d.ts","no",
".\node_modules\@sentry\utils\types\tracing.d.ts","no",
".\node_modules\@sentry\utils\types\url.d.ts","no",
".\node_modules\@sentry\utils\types\userIntegrations.d.ts","no",
".\node_modules\@sentry\utils\types\worldwide.d.ts","no",
".\node_modules\@sentry\utils\types-ts3.8\buildPolyfills\index.d.ts","no",
".\node_modules\@sentry\utils\types-ts3.8\buildPolyfills\types.d.ts","no",
".\node_modules\@sentry\utils\types-ts3.8\buildPolyfills\_asyncNullishCoalesce.d.ts","no",
".\node_modules\@sentry\utils\types-ts3.8\buildPolyfills\_asyncOptionalChain.d.ts","no",
".\node_modules\@sentry\utils\types-ts3.8\buildPolyfills\_asyncOptionalChainDelete.d.ts","no",
".\node_modules\@sentry\utils\types-ts3.8\buildPolyfills\_nullishCoalesce.d.ts","no",
".\node_modules\@sentry\utils\types-ts3.8\buildPolyfills\_optionalChain.d.ts","no",
".\node_modules\@sentry\utils\types-ts3.8\buildPolyfills\_optionalChainDelete.d.ts","no",
".\node_modules\@sentry\utils\types-ts3.8\instrument\console.d.ts","no",
".\node_modules\@sentry\utils\types-ts3.8\instrument\dom.d.ts","no",
".\node_modules\@sentry\utils\types-ts3.8\instrument\fetch.d.ts","no",
".\node_modules\@sentry\utils\types-ts3.8\instrument\globalError.d.ts","no",
".\node_modules\@sentry\utils\types-ts3.8\instrument\globalUnhandledRejection.d.ts","no",
".\node_modules\@sentry\utils\types-ts3.8\instrument\history.d.ts","no",
".\node_modules\@sentry\utils\types-ts3.8\instrument\index.d.ts","no",
".\node_modules\@sentry\utils\types-ts3.8\instrument\xhr.d.ts","no",
".\node_modules\@sentry\utils\types-ts3.8\instrument\_handlers.d.ts","no",
".\node_modules\@sentry\utils\types-ts3.8\vendor\escapeStringForRegex.d.ts","no",
".\node_modules\@sentry\utils\types-ts3.8\vendor\supportsHistory.d.ts","no",
".\node_modules\@sentry\utils\types-ts3.8\aggregate-errors.d.ts","no",
".\node_modules\@sentry\utils\types-ts3.8\anr.d.ts","no",
".\node_modules\@sentry\utils\types-ts3.8\baggage.d.ts","no",
".\node_modules\@sentry\utils\types-ts3.8\browser.d.ts","no",
".\node_modules\@sentry\utils\types-ts3.8\cache.d.ts","no",
".\node_modules\@sentry\utils\types-ts3.8\clientreport.d.ts","no",
".\node_modules\@sentry\utils\types-ts3.8\cookie.d.ts","no",
".\node_modules\@sentry\utils\types-ts3.8\debug-build.d.ts","no",
".\node_modules\@sentry\utils\types-ts3.8\dsn.d.ts","no",
".\node_modules\@sentry\utils\types-ts3.8\env.d.ts","no",
".\node_modules\@sentry\utils\types-ts3.8\envelope.d.ts","no",
".\node_modules\@sentry\utils\types-ts3.8\error.d.ts","no",
".\node_modules\@sentry\utils\types-ts3.8\eventbuilder.d.ts","no",
".\node_modules\@sentry\utils\types-ts3.8\index.d.ts","no",
".\node_modules\@sentry\utils\types-ts3.8\is.d.ts","no",
".\node_modules\@sentry\utils\types-ts3.8\isBrowser.d.ts","no",
".\node_modules\@sentry\utils\types-ts3.8\logger.d.ts","no",
".\node_modules\@sentry\utils\types-ts3.8\lru.d.ts","no",
".\node_modules\@sentry\utils\types-ts3.8\memo.d.ts","no",
".\node_modules\@sentry\utils\types-ts3.8\misc.d.ts","no",
".\node_modules\@sentry\utils\types-ts3.8\node-stack-trace.d.ts","no",
".\node_modules\@sentry\utils\types-ts3.8\node.d.ts","no",
".\node_modules\@sentry\utils\types-ts3.8\normalize.d.ts","no",
".\node_modules\@sentry\utils\types-ts3.8\object.d.ts","no",
".\node_modules\@sentry\utils\types-ts3.8\path.d.ts","no",
".\node_modules\@sentry\utils\types-ts3.8\promisebuffer.d.ts","no",
".\node_modules\@sentry\utils\types-ts3.8\ratelimit.d.ts","no",
".\node_modules\@sentry\utils\types-ts3.8\requestdata.d.ts","no",
".\node_modules\@sentry\utils\types-ts3.8\severity.d.ts","no",
".\node_modules\@sentry\utils\types-ts3.8\stacktrace.d.ts","no",
".\node_modules\@sentry\utils\types-ts3.8\string.d.ts","no",
".\node_modules\@sentry\utils\types-ts3.8\supports.d.ts","no",
".\node_modules\@sentry\utils\types-ts3.8\syncpromise.d.ts","no",
".\node_modules\@sentry\utils\types-ts3.8\time.d.ts","no",
".\node_modules\@sentry\utils\types-ts3.8\tracing.d.ts","no",
".\node_modules\@sentry\utils\types-ts3.8\url.d.ts","no",
".\node_modules\@sentry\utils\types-ts3.8\userIntegrations.d.ts","no",
".\node_modules\@sentry\utils\types-ts3.8\worldwide.d.ts","no",
".\node_modules\@sentry-internal\tracing\node_modules\@sentry\core\types\integrations\functiontostring.d.ts","no",
".\node_modules\@sentry-internal\tracing\node_modules\@sentry\core\types\integrations\inboundfilters.d.ts","no",
".\node_modules\@sentry-internal\tracing\node_modules\@sentry\core\types\integrations\index.d.ts","no",
".\node_modules\@sentry-internal\tracing\node_modules\@sentry\core\types\integrations\linkederrors.d.ts","no",
".\node_modules\@sentry-internal\tracing\node_modules\@sentry\core\types\integrations\metadata.d.ts","no",
".\node_modules\@sentry-internal\tracing\node_modules\@sentry\core\types\integrations\requestdata.d.ts","no",
".\node_modules\@sentry-internal\tracing\node_modules\@sentry\core\types\metrics\aggregator.d.ts","no",
".\node_modules\@sentry-internal\tracing\node_modules\@sentry\core\types\metrics\browser-aggregator.d.ts","no",
".\node_modules\@sentry-internal\tracing\node_modules\@sentry\core\types\metrics\constants.d.ts","no",
".\node_modules\@sentry-internal\tracing\node_modules\@sentry\core\types\metrics\envelope.d.ts","no",
".\node_modules\@sentry-internal\tracing\node_modules\@sentry\core\types\metrics\exports.d.ts","no",
".\node_modules\@sentry-internal\tracing\node_modules\@sentry\core\types\metrics\instance.d.ts","no",
".\node_modules\@sentry-internal\tracing\node_modules\@sentry\core\types\metrics\integration.d.ts","no",
".\node_modules\@sentry-internal\tracing\node_modules\@sentry\core\types\metrics\metric-summary.d.ts","no",
".\node_modules\@sentry-internal\tracing\node_modules\@sentry\core\types\metrics\types.d.ts","no",
".\node_modules\@sentry-internal\tracing\node_modules\@sentry\core\types\metrics\utils.d.ts","no",
".\node_modules\@sentry-internal\tracing\node_modules\@sentry\core\types\tracing\dynamicSamplingContext.d.ts","no",
".\node_modules\@sentry-internal\tracing\node_modules\@sentry\core\types\tracing\errors.d.ts","no",
".\node_modules\@sentry-internal\tracing\node_modules\@sentry\core\types\tracing\hubextensions.d.ts","no",
".\node_modules\@sentry-internal\tracing\node_modules\@sentry\core\types\tracing\idletransaction.d.ts","no",
".\node_modules\@sentry-internal\tracing\node_modules\@sentry\core\types\tracing\index.d.ts","no",
".\node_modules\@sentry-internal\tracing\node_modules\@sentry\core\types\tracing\measurement.d.ts","no",
".\node_modules\@sentry-internal\tracing\node_modules\@sentry\core\types\tracing\sampling.d.ts","no",
".\node_modules\@sentry-internal\tracing\node_modules\@sentry\core\types\tracing\span.d.ts","no",
".\node_modules\@sentry-internal\tracing\node_modules\@sentry\core\types\tracing\spanstatus.d.ts","no",
".\node_modules\@sentry-internal\tracing\node_modules\@sentry\core\types\tracing\trace.d.ts","no",
".\node_modules\@sentry-internal\tracing\node_modules\@sentry\core\types\tracing\transaction.d.ts","no",
".\node_modules\@sentry-internal\tracing\node_modules\@sentry\core\types\tracing\utils.d.ts","no",
".\node_modules\@sentry-internal\tracing\node_modules\@sentry\core\types\transports\base.d.ts","no",
".\node_modules\@sentry-internal\tracing\node_modules\@sentry\core\types\transports\multiplexed.d.ts","no",
".\node_modules\@sentry-internal\tracing\node_modules\@sentry\core\types\transports\offline.d.ts","no",
".\node_modules\@sentry-internal\tracing\node_modules\@sentry\core\types\utils\applyScopeDataToEvent.d.ts","no",
".\node_modules\@sentry-internal\tracing\node_modules\@sentry\core\types\utils\getRootSpan.d.ts","no",
".\node_modules\@sentry-internal\tracing\node_modules\@sentry\core\types\utils\handleCallbackErrors.d.ts","no",
".\node_modules\@sentry-internal\tracing\node_modules\@sentry\core\types\utils\hasTracingEnabled.d.ts","no",
".\node_modules\@sentry-internal\tracing\node_modules\@sentry\core\types\utils\isSentryRequestUrl.d.ts","no",
".\node_modules\@sentry-internal\tracing\node_modules\@sentry\core\types\utils\parameterize.d.ts","no",
".\node_modules\@sentry-internal\tracing\node_modules\@sentry\core\types\utils\prepareEvent.d.ts","no",
".\node_modules\@sentry-internal\tracing\node_modules\@sentry\core\types\utils\sdkMetadata.d.ts","no",
".\node_modules\@sentry-internal\tracing\node_modules\@sentry\core\types\utils\spanUtils.d.ts","no",
".\node_modules\@sentry-internal\tracing\node_modules\@sentry\core\types\api.d.ts","no",
".\node_modules\@sentry-internal\tracing\node_modules\@sentry\core\types\baseclient.d.ts","no",
".\node_modules\@sentry-internal\tracing\node_modules\@sentry\core\types\checkin.d.ts","no",
".\node_modules\@sentry-internal\tracing\node_modules\@sentry\core\types\constants.d.ts","no",
".\node_modules\@sentry-internal\tracing\node_modules\@sentry\core\types\debug-build.d.ts","no",
".\node_modules\@sentry-internal\tracing\node_modules\@sentry\core\types\envelope.d.ts","no",
".\node_modules\@sentry-internal\tracing\node_modules\@sentry\core\types\eventProcessors.d.ts","no",
".\node_modules\@sentry-internal\tracing\node_modules\@sentry\core\types\exports.d.ts","no",
".\node_modules\@sentry-internal\tracing\node_modules\@sentry\core\types\hub.d.ts","no",
".\node_modules\@sentry-internal\tracing\node_modules\@sentry\core\types\index.d.ts","no",
".\node_modules\@sentry-internal\tracing\node_modules\@sentry\core\types\integration.d.ts","no",
".\node_modules\@sentry-internal\tracing\node_modules\@sentry\core\types\metadata.d.ts","no",
".\node_modules\@sentry-internal\tracing\node_modules\@sentry\core\types\scope.d.ts","no",
".\node_modules\@sentry-internal\tracing\node_modules\@sentry\core\types\sdk.d.ts","no",
".\node_modules\@sentry-internal\tracing\node_modules\@sentry\core\types\semanticAttributes.d.ts","no",
".\node_modules\@sentry-internal\tracing\node_modules\@sentry\core\types\server-runtime-client.d.ts","no",
".\node_modules\@sentry-internal\tracing\node_modules\@sentry\core\types\session.d.ts","no",
".\node_modules\@sentry-internal\tracing\node_modules\@sentry\core\types\sessionflusher.d.ts","no",
".\node_modules\@sentry-internal\tracing\node_modules\@sentry\core\types\span.d.ts","no",
".\node_modules\@sentry-internal\tracing\node_modules\@sentry\core\types\version.d.ts","no",
".\node_modules\@sentry-internal\tracing\node_modules\@sentry\core\types-ts3.8\integrations\functiontostring.d.ts","no",
".\node_modules\@sentry-internal\tracing\node_modules\@sentry\core\types-ts3.8\integrations\inboundfilters.d.ts","no",
".\node_modules\@sentry-internal\tracing\node_modules\@sentry\core\types-ts3.8\integrations\index.d.ts","no",
".\node_modules\@sentry-internal\tracing\node_modules\@sentry\core\types-ts3.8\integrations\linkederrors.d.ts","no",
".\node_modules\@sentry-internal\tracing\node_modules\@sentry\core\types-ts3.8\integrations\metadata.d.ts","no",
".\node_modules\@sentry-internal\tracing\node_modules\@sentry\core\types-ts3.8\integrations\requestdata.d.ts","no",
".\node_modules\@sentry-internal\tracing\node_modules\@sentry\core\types-ts3.8\metrics\aggregator.d.ts","no",
".\node_modules\@sentry-internal\tracing\node_modules\@sentry\core\types-ts3.8\metrics\browser-aggregator.d.ts","no",
".\node_modules\@sentry-internal\tracing\node_modules\@sentry\core\types-ts3.8\metrics\constants.d.ts","no",
".\node_modules\@sentry-internal\tracing\node_modules\@sentry\core\types-ts3.8\metrics\envelope.d.ts","no",
".\node_modules\@sentry-internal\tracing\node_modules\@sentry\core\types-ts3.8\metrics\exports.d.ts","no",
".\node_modules\@sentry-internal\tracing\node_modules\@sentry\core\types-ts3.8\metrics\instance.d.ts","no",
".\node_modules\@sentry-internal\tracing\node_modules\@sentry\core\types-ts3.8\metrics\integration.d.ts","no",
".\node_modules\@sentry-internal\tracing\node_modules\@sentry\core\types-ts3.8\metrics\metric-summary.d.ts","no",
".\node_modules\@sentry-internal\tracing\node_modules\@sentry\core\types-ts3.8\metrics\types.d.ts","no",
".\node_modules\@sentry-internal\tracing\node_modules\@sentry\core\types-ts3.8\metrics\utils.d.ts","no",
".\node_modules\@sentry-internal\tracing\node_modules\@sentry\core\types-ts3.8\tracing\dynamicSamplingContext.d.ts","no",
".\node_modules\@sentry-internal\tracing\node_modules\@sentry\core\types-ts3.8\tracing\errors.d.ts","no",
".\node_modules\@sentry-internal\tracing\node_modules\@sentry\core\types-ts3.8\tracing\hubextensions.d.ts","no",
".\node_modules\@sentry-internal\tracing\node_modules\@sentry\core\types-ts3.8\tracing\idletransaction.d.ts","no",
".\node_modules\@sentry-internal\tracing\node_modules\@sentry\core\types-ts3.8\tracing\index.d.ts","no",
".\node_modules\@sentry-internal\tracing\node_modules\@sentry\core\types-ts3.8\tracing\measurement.d.ts","no",
".\node_modules\@sentry-internal\tracing\node_modules\@sentry\core\types-ts3.8\tracing\sampling.d.ts","no",
".\node_modules\@sentry-internal\tracing\node_modules\@sentry\core\types-ts3.8\tracing\span.d.ts","no",
".\node_modules\@sentry-internal\tracing\node_modules\@sentry\core\types-ts3.8\tracing\spanstatus.d.ts","no",
".\node_modules\@sentry-internal\tracing\node_modules\@sentry\core\types-ts3.8\tracing\trace.d.ts","no",
".\node_modules\@sentry-internal\tracing\node_modules\@sentry\core\types-ts3.8\tracing\transaction.d.ts","no",
".\node_modules\@sentry-internal\tracing\node_modules\@sentry\core\types-ts3.8\tracing\utils.d.ts","no",
".\node_modules\@sentry-internal\tracing\node_modules\@sentry\core\types-ts3.8\transports\base.d.ts","no",
".\node_modules\@sentry-internal\tracing\node_modules\@sentry\core\types-ts3.8\transports\multiplexed.d.ts","no",
".\node_modules\@sentry-internal\tracing\node_modules\@sentry\core\types-ts3.8\transports\offline.d.ts","no",
".\node_modules\@sentry-internal\tracing\node_modules\@sentry\core\types-ts3.8\utils\applyScopeDataToEvent.d.ts","no",
".\node_modules\@sentry-internal\tracing\node_modules\@sentry\core\types-ts3.8\utils\getRootSpan.d.ts","no",
".\node_modules\@sentry-internal\tracing\node_modules\@sentry\core\types-ts3.8\utils\handleCallbackErrors.d.ts","no",
".\node_modules\@sentry-internal\tracing\node_modules\@sentry\core\types-ts3.8\utils\hasTracingEnabled.d.ts","no",
".\node_modules\@sentry-internal\tracing\node_modules\@sentry\core\types-ts3.8\utils\isSentryRequestUrl.d.ts","no",
".\node_modules\@sentry-internal\tracing\node_modules\@sentry\core\types-ts3.8\utils\parameterize.d.ts","no",
".\node_modules\@sentry-internal\tracing\node_modules\@sentry\core\types-ts3.8\utils\prepareEvent.d.ts","no",
".\node_modules\@sentry-internal\tracing\node_modules\@sentry\core\types-ts3.8\utils\sdkMetadata.d.ts","no",
".\node_modules\@sentry-internal\tracing\node_modules\@sentry\core\types-ts3.8\utils\spanUtils.d.ts","no",
".\node_modules\@sentry-internal\tracing\node_modules\@sentry\core\types-ts3.8\api.d.ts","no",
".\node_modules\@sentry-internal\tracing\node_modules\@sentry\core\types-ts3.8\baseclient.d.ts","no",
".\node_modules\@sentry-internal\tracing\node_modules\@sentry\core\types-ts3.8\checkin.d.ts","no",
".\node_modules\@sentry-internal\tracing\node_modules\@sentry\core\types-ts3.8\constants.d.ts","no",
".\node_modules\@sentry-internal\tracing\node_modules\@sentry\core\types-ts3.8\debug-build.d.ts","no",
".\node_modules\@sentry-internal\tracing\node_modules\@sentry\core\types-ts3.8\envelope.d.ts","no",
".\node_modules\@sentry-internal\tracing\node_modules\@sentry\core\types-ts3.8\eventProcessors.d.ts","no",
".\node_modules\@sentry-internal\tracing\node_modules\@sentry\core\types-ts3.8\exports.d.ts","no",
".\node_modules\@sentry-internal\tracing\node_modules\@sentry\core\types-ts3.8\hub.d.ts","no",
".\node_modules\@sentry-internal\tracing\node_modules\@sentry\core\types-ts3.8\index.d.ts","no",
".\node_modules\@sentry-internal\tracing\node_modules\@sentry\core\types-ts3.8\integration.d.ts","no",
".\node_modules\@sentry-internal\tracing\node_modules\@sentry\core\types-ts3.8\metadata.d.ts","no",
".\node_modules\@sentry-internal\tracing\node_modules\@sentry\core\types-ts3.8\scope.d.ts","no",
".\node_modules\@sentry-internal\tracing\node_modules\@sentry\core\types-ts3.8\sdk.d.ts","no",
".\node_modules\@sentry-internal\tracing\node_modules\@sentry\core\types-ts3.8\semanticAttributes.d.ts","no",
".\node_modules\@sentry-internal\tracing\node_modules\@sentry\core\types-ts3.8\server-runtime-client.d.ts","no",
".\node_modules\@sentry-internal\tracing\node_modules\@sentry\core\types-ts3.8\session.d.ts","no",
".\node_modules\@sentry-internal\tracing\node_modules\@sentry\core\types-ts3.8\sessionflusher.d.ts","no",
".\node_modules\@sentry-internal\tracing\node_modules\@sentry\core\types-ts3.8\span.d.ts","no",
".\node_modules\@sentry-internal\tracing\node_modules\@sentry\core\types-ts3.8\version.d.ts","no",
".\node_modules\@sentry-internal\tracing\types\browser\metrics\index.d.ts","no",
".\node_modules\@sentry-internal\tracing\types\browser\metrics\utils.d.ts","no",
".\node_modules\@sentry-internal\tracing\types\browser\web-vitals\lib\polyfills\interactionCountPolyfill.d.ts","no",
".\node_modules\@sentry-internal\tracing\types\browser\web-vitals\lib\bindReporter.d.ts","no",
".\node_modules\@sentry-internal\tracing\types\browser\web-vitals\lib\generateUniqueID.d.ts","no",
".\node_modules\@sentry-internal\tracing\types\browser\web-vitals\lib\getActivationStart.d.ts","no",
".\node_modules\@sentry-internal\tracing\types\browser\web-vitals\lib\getNavigationEntry.d.ts","no",
".\node_modules\@sentry-internal\tracing\types\browser\web-vitals\lib\getVisibilityWatcher.d.ts","no",
".\node_modules\@sentry-internal\tracing\types\browser\web-vitals\lib\initMetric.d.ts","no",
".\node_modules\@sentry-internal\tracing\types\browser\web-vitals\lib\observe.d.ts","no",
".\node_modules\@sentry-internal\tracing\types\browser\web-vitals\lib\onHidden.d.ts","no",
".\node_modules\@sentry-internal\tracing\types\browser\web-vitals\types\base.d.ts","no",
".\node_modules\@sentry-internal\tracing\types\browser\web-vitals\types\cls.d.ts","no",
".\node_modules\@sentry-internal\tracing\types\browser\web-vitals\types\fid.d.ts","no",
".\node_modules\@sentry-internal\tracing\types\browser\web-vitals\types\inp.d.ts","no",
".\node_modules\@sentry-internal\tracing\types\browser\web-vitals\types\lcp.d.ts","no",
".\node_modules\@sentry-internal\tracing\types\browser\web-vitals\types\polyfills.d.ts","no",
".\node_modules\@sentry-internal\tracing\types\browser\web-vitals\types\ttfb.d.ts","no",
".\node_modules\@sentry-internal\tracing\types\browser\web-vitals\getCLS.d.ts","no",
".\node_modules\@sentry-internal\tracing\types\browser\web-vitals\getFID.d.ts","no",
".\node_modules\@sentry-internal\tracing\types\browser\web-vitals\getINP.d.ts","no",
".\node_modules\@sentry-internal\tracing\types\browser\web-vitals\getLCP.d.ts","no",
".\node_modules\@sentry-internal\tracing\types\browser\web-vitals\onTTFB.d.ts","no",
".\node_modules\@sentry-internal\tracing\types\browser\web-vitals\types.d.ts","no",
".\node_modules\@sentry-internal\tracing\types\browser\backgroundtab.d.ts","no",
".\node_modules\@sentry-internal\tracing\types\browser\browsertracing.d.ts","no",
".\node_modules\@sentry-internal\tracing\types\browser\browserTracingIntegration.d.ts","no",
".\node_modules\@sentry-internal\tracing\types\browser\index.d.ts","no",
".\node_modules\@sentry-internal\tracing\types\browser\instrument.d.ts","no",
".\node_modules\@sentry-internal\tracing\types\browser\request.d.ts","no",
".\node_modules\@sentry-internal\tracing\types\browser\router.d.ts","no",
".\node_modules\@sentry-internal\tracing\types\browser\types.d.ts","no",
".\node_modules\@sentry-internal\tracing\types\common\debug-build.d.ts","no",
".\node_modules\@sentry-internal\tracing\types\common\fetch.d.ts","no",
".\node_modules\@sentry-internal\tracing\types\exports\index.d.ts","no",
".\node_modules\@sentry-internal\tracing\types\node\integrations\utils\node-utils.d.ts","no",
".\node_modules\@sentry-internal\tracing\types\node\integrations\apollo.d.ts","no",
".\node_modules\@sentry-internal\tracing\types\node\integrations\express.d.ts","no",
".\node_modules\@sentry-internal\tracing\types\node\integrations\graphql.d.ts","no",
".\node_modules\@sentry-internal\tracing\types\node\integrations\index.d.ts","no",
".\node_modules\@sentry-internal\tracing\types\node\integrations\lazy.d.ts","no",
".\node_modules\@sentry-internal\tracing\types\node\integrations\mongo.d.ts","no",
".\node_modules\@sentry-internal\tracing\types\node\integrations\mysql.d.ts","no",
".\node_modules\@sentry-internal\tracing\types\node\integrations\postgres.d.ts","no",
".\node_modules\@sentry-internal\tracing\types\node\integrations\prisma.d.ts","no",
".\node_modules\@sentry-internal\tracing\types\node\index.d.ts","no",
".\node_modules\@sentry-internal\tracing\types\extensions.d.ts","no",
".\node_modules\@sentry-internal\tracing\types\index.d.ts","no",
".\node_modules\@sentry-internal\tracing\types-ts3.8\browser\metrics\index.d.ts","no",
".\node_modules\@sentry-internal\tracing\types-ts3.8\browser\metrics\utils.d.ts","no",
".\node_modules\@sentry-internal\tracing\types-ts3.8\browser\web-vitals\lib\polyfills\interactionCountPolyfill.d.ts","no",
".\node_modules\@sentry-internal\tracing\types-ts3.8\browser\web-vitals\lib\bindReporter.d.ts","no",
".\node_modules\@sentry-internal\tracing\types-ts3.8\browser\web-vitals\lib\generateUniqueID.d.ts","no",
".\node_modules\@sentry-internal\tracing\types-ts3.8\browser\web-vitals\lib\getActivationStart.d.ts","no",
".\node_modules\@sentry-internal\tracing\types-ts3.8\browser\web-vitals\lib\getNavigationEntry.d.ts","no",
".\node_modules\@sentry-internal\tracing\types-ts3.8\browser\web-vitals\lib\getVisibilityWatcher.d.ts","no",
".\node_modules\@sentry-internal\tracing\types-ts3.8\browser\web-vitals\lib\initMetric.d.ts","no",
".\node_modules\@sentry-internal\tracing\types-ts3.8\browser\web-vitals\lib\observe.d.ts","no",
".\node_modules\@sentry-internal\tracing\types-ts3.8\browser\web-vitals\lib\onHidden.d.ts","no",
".\node_modules\@sentry-internal\tracing\types-ts3.8\browser\web-vitals\types\base.d.ts","no",
".\node_modules\@sentry-internal\tracing\types-ts3.8\browser\web-vitals\types\cls.d.ts","no",
".\node_modules\@sentry-internal\tracing\types-ts3.8\browser\web-vitals\types\fid.d.ts","no",
".\node_modules\@sentry-internal\tracing\types-ts3.8\browser\web-vitals\types\inp.d.ts","no",
".\node_modules\@sentry-internal\tracing\types-ts3.8\browser\web-vitals\types\lcp.d.ts","no",
".\node_modules\@sentry-internal\tracing\types-ts3.8\browser\web-vitals\types\polyfills.d.ts","no",
".\node_modules\@sentry-internal\tracing\types-ts3.8\browser\web-vitals\types\ttfb.d.ts","no",
".\node_modules\@sentry-internal\tracing\types-ts3.8\browser\web-vitals\getCLS.d.ts","no",
".\node_modules\@sentry-internal\tracing\types-ts3.8\browser\web-vitals\getFID.d.ts","no",
".\node_modules\@sentry-internal\tracing\types-ts3.8\browser\web-vitals\getINP.d.ts","no",
".\node_modules\@sentry-internal\tracing\types-ts3.8\browser\web-vitals\getLCP.d.ts","no",
".\node_modules\@sentry-internal\tracing\types-ts3.8\browser\web-vitals\onTTFB.d.ts","no",
".\node_modules\@sentry-internal\tracing\types-ts3.8\browser\web-vitals\types.d.ts","no",
".\node_modules\@sentry-internal\tracing\types-ts3.8\browser\backgroundtab.d.ts","no",
".\node_modules\@sentry-internal\tracing\types-ts3.8\browser\browsertracing.d.ts","no",
".\node_modules\@sentry-internal\tracing\types-ts3.8\browser\browserTracingIntegration.d.ts","no",
".\node_modules\@sentry-internal\tracing\types-ts3.8\browser\index.d.ts","no",
".\node_modules\@sentry-internal\tracing\types-ts3.8\browser\instrument.d.ts","no",
".\node_modules\@sentry-internal\tracing\types-ts3.8\browser\request.d.ts","no",
".\node_modules\@sentry-internal\tracing\types-ts3.8\browser\router.d.ts","no",
".\node_modules\@sentry-internal\tracing\types-ts3.8\browser\types.d.ts","no",
".\node_modules\@sentry-internal\tracing\types-ts3.8\common\debug-build.d.ts","no",
".\node_modules\@sentry-internal\tracing\types-ts3.8\common\fetch.d.ts","no",
".\node_modules\@sentry-internal\tracing\types-ts3.8\exports\index.d.ts","no",
".\node_modules\@sentry-internal\tracing\types-ts3.8\node\integrations\utils\node-utils.d.ts","no",
".\node_modules\@sentry-internal\tracing\types-ts3.8\node\integrations\apollo.d.ts","no",
".\node_modules\@sentry-internal\tracing\types-ts3.8\node\integrations\express.d.ts","no",
".\node_modules\@sentry-internal\tracing\types-ts3.8\node\integrations\graphql.d.ts","no",
".\node_modules\@sentry-internal\tracing\types-ts3.8\node\integrations\index.d.ts","no",
".\node_modules\@sentry-internal\tracing\types-ts3.8\node\integrations\lazy.d.ts","no",
".\node_modules\@sentry-internal\tracing\types-ts3.8\node\integrations\mongo.d.ts","no",
".\node_modules\@sentry-internal\tracing\types-ts3.8\node\integrations\mysql.d.ts","no",
".\node_modules\@sentry-internal\tracing\types-ts3.8\node\integrations\postgres.d.ts","no",
".\node_modules\@sentry-internal\tracing\types-ts3.8\node\integrations\prisma.d.ts","no",
".\node_modules\@sentry-internal\tracing\types-ts3.8\node\index.d.ts","no",
".\node_modules\@sentry-internal\tracing\types-ts3.8\extensions.d.ts","no",
".\node_modules\@sentry-internal\tracing\types-ts3.8\index.d.ts","no",
".\node_modules\@tootallnate\once\dist\index.d.ts","yes",
".\node_modules\@tootallnate\once\dist\overloaded-parameters.d.ts","no",
".\node_modules\@tootallnate\once\dist\types.d.ts","no",
".\node_modules\@types\connect\index.d.ts","no",
".\node_modules\@types\jspdf\index.d.ts","no",
".\node_modules\@types\mysql\index.d.ts","no",
".\node_modules\@types\node\assert\strict.d.ts","no",
".\node_modules\@types\node\compatibility\iterators.d.ts","no",
".\node_modules\@types\node\dns\promises.d.ts","no",
".\node_modules\@types\node\fs\promises.d.ts","no",
".\node_modules\@types\node\readline\promises.d.ts","no",
".\node_modules\@types\node\stream\consumers.d.ts","no",
".\node_modules\@types\node\stream\promises.d.ts","no",
".\node_modules\@types\node\stream\web.d.ts","no",
".\node_modules\@types\node\timers\promises.d.ts","no",
".\node_modules\@types\node\ts5.6\compatibility\float16array.d.ts","no",
".\node_modules\@types\node\ts5.6\buffer.buffer.d.ts","no",
".\node_modules\@types\node\ts5.6\globals.typedarray.d.ts","no",
".\node_modules\@types\node\ts5.6\index.d.ts","no",
".\node_modules\@types\node\ts5.7\compatibility\float16array.d.ts","no",
".\node_modules\@types\node\ts5.7\index.d.ts","no",
".\node_modules\@types\node\web-globals\abortcontroller.d.ts","no",
".\node_modules\@types\node\web-globals\domexception.d.ts","no",
".\node_modules\@types\node\web-globals\events.d.ts","no",
".\node_modules\@types\node\web-globals\fetch.d.ts","no",
".\node_modules\@types\node\web-globals\navigator.d.ts","no",
".\node_modules\@types\node\web-globals\storage.d.ts","no",
".\node_modules\@types\node\assert.d.ts","no",
".\node_modules\@types\node\async_hooks.d.ts","no",
".\node_modules\@types\node\buffer.buffer.d.ts","no",
".\node_modules\@types\node\buffer.d.ts","no",
".\node_modules\@types\node\child_process.d.ts","no",
".\node_modules\@types\node\cluster.d.ts","yes",
".\node_modules\@types\node\console.d.ts","no",
".\node_modules\@types\node\constants.d.ts","no",
".\node_modules\@types\node\crypto.d.ts","no",
".\node_modules\@types\node\dgram.d.ts","no",
".\node_modules\@types\node\diagnostics_channel.d.ts","no",
".\node_modules\@types\node\dns.d.ts","no",
".\node_modules\@types\node\domain.d.ts","no",
".\node_modules\@types\node\events.d.ts","no",
".\node_modules\@types\node\fs.d.ts","no",
".\node_modules\@types\node\globals.d.ts","no",
".\node_modules\@types\node\globals.typedarray.d.ts","no",
".\node_modules\@types\node\http.d.ts","no",
".\node_modules\@types\node\http2.d.ts","no",
".\node_modules\@types\node\https.d.ts","no",
".\node_modules\@types\node\index.d.ts","no",
".\node_modules\@types\node\inspector.d.ts","no",
".\node_modules\@types\node\inspector.generated.d.ts","no",
".\node_modules\@types\node\module.d.ts","no",
".\node_modules\@types\node\net.d.ts","no",
".\node_modules\@types\node\os.d.ts","no",
".\node_modules\@types\node\path.d.ts","no",
".\node_modules\@types\node\perf_hooks.d.ts","no",
".\node_modules\@types\node\process.d.ts","no",
".\node_modules\@types\node\punycode.d.ts","no",
".\node_modules\@types\node\querystring.d.ts","no",
".\node_modules\@types\node\readline.d.ts","no",
".\node_modules\@types\node\repl.d.ts","no",
".\node_modules\@types\node\sea.d.ts","no",
".\node_modules\@types\node\sqlite.d.ts","no",
".\node_modules\@types\node\stream.d.ts","no",
".\node_modules\@types\node\string_decoder.d.ts","no",
".\node_modules\@types\node\test.d.ts","no",
".\node_modules\@types\node\timers.d.ts","no",
".\node_modules\@types\node\tls.d.ts","no",
".\node_modules\@types\node\trace_events.d.ts","no",
".\node_modules\@types\node\tty.d.ts","no",
".\node_modules\@types\node\url.d.ts","no",
".\node_modules\@types\node\util.d.ts","no",
".\node_modules\@types\node\v8.d.ts","no",
".\node_modules\@types\node\vm.d.ts","yes",
".\node_modules\@types\node\wasi.d.ts","no",
".\node_modules\@types\node\worker_threads.d.ts","yes",
".\node_modules\@types\node\zlib.d.ts","no",
".\node_modules\@types\pg\lib\connection-parameters.d.ts","no",
".\node_modules\@types\pg\lib\type-overrides.d.ts","no",
".\node_modules\@types\pg\index.d.ts","no",
".\node_modules\@types\pg-pool\index.d.ts","no",
".\node_modules\@types\shimmer\index.d.ts","no",
".\node_modules\@types\tedious\index.d.ts","no",
".\node_modules\@types\triple-beam\index.d.ts","no",
".\node_modules\@types\webidl-conversions\index.d.ts","no",
".\node_modules\@types\whatwg-url\lib\URL-impl.d.ts","no",
".\node_modules\@types\whatwg-url\lib\URL.d.ts","no",
".\node_modules\@types\whatwg-url\lib\URLSearchParams-impl.d.ts","no",
".\node_modules\@types\whatwg-url\lib\URLSearchParams.d.ts","no",
".\node_modules\@types\whatwg-url\index.d.ts","no",
".\node_modules\@types\whatwg-url\webidl2js-wrapper.d.ts","no",
".\node_modules\abort-controller\dist\abort-controller.d.ts","yes",
".\node_modules\acorn\dist\acorn.d.ts","no",
".\node_modules\agent-base\dist\helpers.d.ts","no",
".\node_modules\agent-base\dist\index.d.ts","no",
".\node_modules\algoliasearch\dist\algoliasearch-lite.d.ts","yes",
".\node_modules\algoliasearch\dist\algoliasearch.d.ts","yes",
".\node_modules\algoliasearch\index.d.ts","no",
".\node_modules\algoliasearch\lite.d.ts","no",
".\node_modules\ansi-regex\index.d.ts","yes",
".\node_modules\ansi-styles\index.d.ts","yes",
".\node_modules\anymatch\index.d.ts","yes",
".\node_modules\async-function\index.d.ts","no",
".\node_modules\async-generator-function\index.d.ts","no",
".\node_modules\axios\index.d.ts","yes",
".\node_modules\bare-events\global.d.ts","no",
".\node_modules\bare-events\index.d.ts","no",
".\node_modules\bare-events\web.d.ts","no",
".\node_modules\base64-js\index.d.ts","no",
".\node_modules\baseline-browser-mapping\dist\index.d.ts","no",
".\node_modules\bignumber.js\bignumber.d.ts","no",
".\node_modules\bignumber.js\types.d.ts","no",
".\node_modules\binary-extensions\binary-extensions.json.d.ts","no",
".\node_modules\binary-extensions\index.d.ts","no",
".\node_modules\browserslist\error.d.ts","no",
".\node_modules\browserslist\index.d.ts","no",
".\node_modules\bson\src\parser\on_demand\index.ts","no",
".\node_modules\bson\src\parser\on_demand\parse_to_elements.ts","no",
".\node_modules\bson\src\parser\calculate_size.ts","no",
".\node_modules\bson\src\parser\deserializer.ts","no",
".\node_modules\bson\src\parser\serializer.ts","no",
".\node_modules\bson\src\parser\utils.ts","no",
".\node_modules\bson\src\utils\byte_utils.ts","no",
".\node_modules\bson\src\utils\latin.ts","no",
".\node_modules\bson\src\utils\node_byte_utils.ts","no",
".\node_modules\bson\src\utils\number_utils.ts","no",
".\node_modules\bson\src\utils\string_utils.ts","no",
".\node_modules\bson\src\utils\web_byte_utils.ts","no",
".\node_modules\bson\src\binary.ts","no",
".\node_modules\bson\src\bson.ts","no",
".\node_modules\bson\src\bson_value.ts","no",
".\node_modules\bson\src\code.ts","no",
".\node_modules\bson\src\constants.ts","no",
".\node_modules\bson\src\db_ref.ts","no",
".\node_modules\bson\src\decimal128.ts","no",
".\node_modules\bson\src\double.ts","no",
".\node_modules\bson\src\error.ts","no",
".\node_modules\bson\src\extended_json.ts","no",
".\node_modules\bson\src\index.ts","no",
".\node_modules\bson\src\int_32.ts","no",
".\node_modules\bson\src\long.ts","no",
".\node_modules\bson\src\max_key.ts","no",
".\node_modules\bson\src\min_key.ts","no",
".\node_modules\bson\src\objectid.ts","no",
".\node_modules\bson\src\parse_utf8.ts","no",
".\node_modules\bson\src\regexp.ts","no",
".\node_modules\bson\src\symbol.ts","no",
".\node_modules\bson\src\timestamp.ts","no",
".\node_modules\bson\bson.d.ts","no",
".\node_modules\buffer\index.d.ts","no",
".\node_modules\buffer-crc32\index.d.ts","no",
".\node_modules\call-bind-apply-helpers\actualApply.d.ts","no",
".\node_modules\call-bind-apply-helpers\applyBind.d.ts","no",
".\node_modules\call-bind-apply-helpers\functionApply.d.ts","no",
".\node_modules\call-bind-apply-helpers\functionCall.d.ts","no",
".\node_modules\call-bind-apply-helpers\index.d.ts","no",
".\node_modules\call-bind-apply-helpers\reflectApply.d.ts","no",
".\node_modules\call-bound\index.d.ts","no",
".\node_modules\chokidar\types\index.d.ts","no",
".\node_modules\cjs-module-lexer\lexer.d.ts","no",
".\node_modules\cliui\node_modules\ansi-regex\index.d.ts","no",
".\node_modules\cliui\node_modules\ansi-styles\index.d.ts","no",
".\node_modules\cliui\node_modules\emoji-regex\index.d.ts","yes",
".\node_modules\cliui\node_modules\string-width\index.d.ts","no",
".\node_modules\cliui\node_modules\strip-ansi\index.d.ts","no",
".\node_modules\cluster-key-slot\index.d.ts","no",
".\node_modules\color\index.d.ts","yes",
".\node_modules\color-convert\index.d.ts","yes",
".\node_modules\color-string\index.d.ts","yes",
".\node_modules\concat-stream\node_modules\safe-buffer\index.d.ts","no",
".\node_modules\crc-32\types\index.d.ts","no",
".\node_modules\data-uri-to-buffer\dist\index.d.ts","yes",
".\node_modules\data-uri-to-buffer\src\index.ts","yes",
".\node_modules\denque\index.d.ts","no",
".\node_modules\dotenv\lib\main.d.ts","no",
".\node_modules\dotenv\config.d.ts","no",
".\node_modules\dunder-proto\get.d.ts","no",
".\node_modules\dunder-proto\set.d.ts","no",
".\node_modules\ecdsa-sig-formatter\src\ecdsa-sig-formatter.d.ts","no",
".\node_modules\emoji-regex\es2015\index.d.ts","no",
".\node_modules\emoji-regex\es2015\RGI_Emoji.d.ts","no",
".\node_modules\emoji-regex\es2015\text.d.ts","no",
".\node_modules\emoji-regex\index.d.ts","no",
".\node_modules\emoji-regex\RGI_Emoji.d.ts","no",
".\node_modules\emoji-regex\text.d.ts","no",
".\node_modules\es-define-property\index.d.ts","no",
".\node_modules\es-errors\eval.d.ts","no",
".\node_modules\es-errors\index.d.ts","no",
".\node_modules\es-errors\range.d.ts","no",
".\node_modules\es-errors\ref.d.ts","no",
".\node_modules\es-errors\syntax.d.ts","no",
".\node_modules\es-errors\type.d.ts","no",
".\node_modules\es-errors\uri.d.ts","no",
".\node_modules\es-object-atoms\index.d.ts","no",
".\node_modules\es-object-atoms\isObject.d.ts","no",
".\node_modules\es-object-atoms\RequireObjectCoercible.d.ts","no",
".\node_modules\es-object-atoms\ToObject.d.ts","no",
".\node_modules\es-set-tostringtag\index.d.ts","no",
".\node_modules\escalade\sync\index.d.ts","no",
".\node_modules\escalade\index.d.ts","no",
".\node_modules\event-target-shim\index.d.ts","yes",
".\node_modules\express-rate-limit\dist\index.d.ts","no",
".\node_modules\express-validator\lib\chain\context-handler-impl.d.ts","no",
".\node_modules\express-validator\lib\chain\context-handler.d.ts","no",
".\node_modules\express-validator\lib\chain\context-runner-impl.d.ts","no",
".\node_modules\express-validator\lib\chain\context-runner.d.ts","no",
".\node_modules\express-validator\lib\chain\index.d.ts","no",
".\node_modules\express-validator\lib\chain\sanitizers-impl.d.ts","no",
".\node_modules\express-validator\lib\chain\sanitizers.d.ts","no",
".\node_modules\express-validator\lib\chain\validation-chain.d.ts","no",
".\node_modules\express-validator\lib\chain\validators-impl.d.ts","no",
".\node_modules\express-validator\lib\chain\validators.d.ts","no",
".\node_modules\express-validator\lib\context-items\bail.d.ts","no",
".\node_modules\express-validator\lib\context-items\chain-condition.d.ts","no",
".\node_modules\express-validator\lib\context-items\context-item.d.ts","no",
".\node_modules\express-validator\lib\context-items\custom-condition.d.ts","no",
".\node_modules\express-validator\lib\context-items\custom-validation.d.ts","no",
".\node_modules\express-validator\lib\context-items\index.d.ts","no",
".\node_modules\express-validator\lib\context-items\sanitization.d.ts","no",
".\node_modules\express-validator\lib\context-items\standard-validation.d.ts","no",
".\node_modules\express-validator\lib\middlewares\check.d.ts","no",
".\node_modules\express-validator\lib\middlewares\exact.d.ts","no",
".\node_modules\express-validator\lib\middlewares\one-of.d.ts","no",
".\node_modules\express-validator\lib\middlewares\schema.d.ts","no",
".\node_modules\express-validator\lib\middlewares\validation-chain-builders.d.ts","no",
".\node_modules\express-validator\lib\base.d.ts","no",
".\node_modules\express-validator\lib\context-builder.d.ts","no",
".\node_modules\express-validator\lib\context.d.ts","no",
".\node_modules\express-validator\lib\express-validator.d.ts","no",
".\node_modules\express-validator\lib\field-selection.d.ts","no",
".\node_modules\express-validator\lib\index.d.ts","no",
".\node_modules\express-validator\lib\matched-data.d.ts","no",
".\node_modules\express-validator\lib\options.d.ts","no",
".\node_modules\express-validator\lib\utils.d.ts","no",
".\node_modules\express-validator\lib\validation-result.d.ts","no",
".\node_modules\fecha\lib\fecha.d.ts","yes",
".\node_modules\fecha\src\fecha.ts","yes",
".\node_modules\fetch-blob\file.d.ts","yes",
".\node_modules\fetch-blob\from.d.ts","yes",
".\node_modules\fetch-blob\index.d.ts","yes",
".\node_modules\foreground-child\dist\commonjs\all-signals.d.ts","no",
".\node_modules\foreground-child\dist\commonjs\index.d.ts","no",
".\node_modules\foreground-child\dist\commonjs\proxy-signals.d.ts","no",
".\node_modules\foreground-child\dist\commonjs\watchdog.d.ts","no",
".\node_modules\foreground-child\dist\esm\all-signals.d.ts","no",
".\node_modules\foreground-child\dist\esm\index.d.ts","no",
".\node_modules\foreground-child\dist\esm\proxy-signals.d.ts","no",
".\node_modules\foreground-child\dist\esm\watchdog.d.ts","no",
".\node_modules\form-data\index.d.ts","no",
".\node_modules\formdata-polyfill\esm.min.d.ts","no",
".\node_modules\forwarded-parse\index.d.ts","no",
".\node_modules\gaxios\build\cjs\browser-test\browser-test-runner.d.ts","no",
".\node_modules\gaxios\build\cjs\browser-test\test.browser.d.ts","no",
".\node_modules\gaxios\build\cjs\src\common.d.ts","no",
".\node_modules\gaxios\build\cjs\src\gaxios.d.ts","no",
".\node_modules\gaxios\build\cjs\src\index.d.ts","no",
".\node_modules\gaxios\build\cjs\src\interceptor.d.ts","no",
".\node_modules\gaxios\build\cjs\src\retry.d.ts","no",
".\node_modules\gaxios\build\cjs\system-test\test.install.d.ts","no",
".\node_modules\gaxios\build\cjs\test\test.getch.d.ts","no",
".\node_modules\gaxios\build\cjs\test\test.index.d.ts","no",
".\node_modules\gaxios\build\cjs\test\test.retry.d.ts","no",
".\node_modules\gaxios\build\esm\browser-test\browser-test-runner.d.ts","no",
".\node_modules\gaxios\build\esm\browser-test\test.browser.d.ts","no",
".\node_modules\gaxios\build\esm\src\common.d.ts","no",
".\node_modules\gaxios\build\esm\src\gaxios.d.ts","no",
".\node_modules\gaxios\build\esm\src\index.d.ts","no",
".\node_modules\gaxios\build\esm\src\interceptor.d.ts","no",
".\node_modules\gaxios\build\esm\src\retry.d.ts","no",
".\node_modules\gaxios\build\esm\system-test\test.install.d.ts","no",
".\node_modules\gaxios\build\esm\test\test.getch.d.ts","no",
".\node_modules\gaxios\build\esm\test\test.index.d.ts","no",
".\node_modules\gaxios\build\esm\test\test.retry.d.ts","no",
".\node_modules\gcp-metadata\build\src\gcp-residency.d.ts","no",
".\node_modules\gcp-metadata\build\src\index.d.ts","no",
".\node_modules\generator-function\index.d.ts","no",
".\node_modules\get-caller-file\index.d.ts","no",
".\node_modules\get-proto\index.d.ts","no",
".\node_modules\get-proto\Object.getPrototypeOf.d.ts","no",
".\node_modules\get-proto\Reflect.getPrototypeOf.d.ts","no",
".\node_modules\glob\dist\commonjs\glob.d.ts","no",
".\node_modules\glob\dist\commonjs\has-magic.d.ts","no",
".\node_modules\glob\dist\commonjs\ignore.d.ts","no",
".\node_modules\glob\dist\commonjs\index.d.ts","no",
".\node_modules\glob\dist\commonjs\pattern.d.ts","no",
".\node_modules\glob\dist\commonjs\processor.d.ts","no",
".\node_modules\glob\dist\commonjs\walker.d.ts","no",
".\node_modules\glob\dist\esm\glob.d.ts","no",
".\node_modules\glob\dist\esm\has-magic.d.ts","no",
".\node_modules\glob\dist\esm\ignore.d.ts","no",
".\node_modules\glob\dist\esm\index.d.ts","no",
".\node_modules\glob\dist\esm\pattern.d.ts","no",
".\node_modules\glob\dist\esm\processor.d.ts","no",
".\node_modules\glob\dist\esm\walker.d.ts","no",
".\node_modules\google-auth-library\build\src\auth\authclient.d.ts","no",
".\node_modules\google-auth-library\build\src\auth\awsclient.d.ts","no",
".\node_modules\google-auth-library\build\src\auth\awsrequestsigner.d.ts","no",
".\node_modules\google-auth-library\build\src\auth\baseexternalclient.d.ts","no",
".\node_modules\google-auth-library\build\src\auth\certificatesubjecttokensupplier.d.ts","no",
".\node_modules\google-auth-library\build\src\auth\computeclient.d.ts","no",
".\node_modules\google-auth-library\build\src\auth\credentials.d.ts","no",
".\node_modules\google-auth-library\build\src\auth\defaultawssecuritycredentialssupplier.d.ts","no",
".\node_modules\google-auth-library\build\src\auth\downscopedclient.d.ts","no",
".\node_modules\google-auth-library\build\src\auth\envDetect.d.ts","no",
".\node_modules\google-auth-library\build\src\auth\executable-response.d.ts","no",
".\node_modules\google-auth-library\build\src\auth\externalAccountAuthorizedUserClient.d.ts","no",
".\node_modules\google-auth-library\build\src\auth\externalclient.d.ts","no",
".\node_modules\google-auth-library\build\src\auth\filesubjecttokensupplier.d.ts","no",
".\node_modules\google-auth-library\build\src\auth\googleauth.d.ts","no",
".\node_modules\google-auth-library\build\src\auth\iam.d.ts","no",
".\node_modules\google-auth-library\build\src\auth\identitypoolclient.d.ts","no",
".\node_modules\google-auth-library\build\src\auth\idtokenclient.d.ts","no",
".\node_modules\google-auth-library\build\src\auth\impersonated.d.ts","no",
".\node_modules\google-auth-library\build\src\auth\jwtaccess.d.ts","no",
".\node_modules\google-auth-library\build\src\auth\jwtclient.d.ts","no",
".\node_modules\google-auth-library\build\src\auth\loginticket.d.ts","no",
".\node_modules\google-auth-library\build\src\auth\oauth2client.d.ts","no",
".\node_modules\google-auth-library\build\src\auth\oauth2common.d.ts","no",
".\node_modules\google-auth-library\build\src\auth\passthrough.d.ts","no",
".\node_modules\google-auth-library\build\src\auth\pluggable-auth-client.d.ts","no",
".\node_modules\google-auth-library\build\src\auth\pluggable-auth-handler.d.ts","no",
".\node_modules\google-auth-library\build\src\auth\refreshclient.d.ts","no",
".\node_modules\google-auth-library\build\src\auth\stscredentials.d.ts","no",
".\node_modules\google-auth-library\build\src\auth\urlsubjecttokensupplier.d.ts","no",
".\node_modules\google-auth-library\build\src\crypto\browser\crypto.d.ts","no",
".\node_modules\google-auth-library\build\src\crypto\node\crypto.d.ts","no",
".\node_modules\google-auth-library\build\src\crypto\crypto.d.ts","no",
".\node_modules\google-auth-library\build\src\crypto\shared.d.ts","no",
".\node_modules\google-auth-library\build\src\index.d.ts","no",
".\node_modules\google-auth-library\build\src\util.d.ts","no",
".\node_modules\google-gax\build\protos\compute_operations.d.ts","no",
".\node_modules\google-gax\build\protos\http.d.ts","no",
".\node_modules\google-gax\build\protos\iam_service.d.ts","no",
".\node_modules\google-gax\build\protos\locations.d.ts","no",
".\node_modules\google-gax\build\protos\operations.d.ts","no",
".\node_modules\google-gax\build\src\bundlingCalls\bundleApiCaller.d.ts","no",
".\node_modules\google-gax\build\src\bundlingCalls\bundleDescriptor.d.ts","no",
".\node_modules\google-gax\build\src\bundlingCalls\bundleExecutor.d.ts","no",
".\node_modules\google-gax\build\src\bundlingCalls\bundlingUtils.d.ts","no",
".\node_modules\google-gax\build\src\bundlingCalls\task.d.ts","no",
".\node_modules\google-gax\build\src\longRunningCalls\longrunning.d.ts","no",
".\node_modules\google-gax\build\src\longRunningCalls\longRunningApiCaller.d.ts","no",
".\node_modules\google-gax\build\src\longRunningCalls\longRunningDescriptor.d.ts","no",
".\node_modules\google-gax\build\src\normalCalls\normalApiCaller.d.ts","no",
".\node_modules\google-gax\build\src\normalCalls\retries.d.ts","no",
".\node_modules\google-gax\build\src\normalCalls\timeout.d.ts","no",
".\node_modules\google-gax\build\src\paginationCalls\pagedApiCaller.d.ts","no",
".\node_modules\google-gax\build\src\paginationCalls\pageDescriptor.d.ts","no",
".\node_modules\google-gax\build\src\paginationCalls\resourceCollector.d.ts","no",
".\node_modules\google-gax\build\src\streamingCalls\streamDescriptor.d.ts","no",
".\node_modules\google-gax\build\src\streamingCalls\streaming.d.ts","no",
".\node_modules\google-gax\build\src\streamingCalls\streamingApiCaller.d.ts","no",
".\node_modules\google-gax\build\src\apiCaller.d.ts","no",
".\node_modules\google-gax\build\src\apitypes.d.ts","no",
".\node_modules\google-gax\build\src\call.d.ts","no",
".\node_modules\google-gax\build\src\clientInterface.d.ts","no",
".\node_modules\google-gax\build\src\createApiCall.d.ts","no",
".\node_modules\google-gax\build\src\descriptor.d.ts","no",
".\node_modules\google-gax\build\src\fallback.d.ts","no",
".\node_modules\google-gax\build\src\fallbackRest.d.ts","no",
".\node_modules\google-gax\build\src\fallbackServiceStub.d.ts","no",
".\node_modules\google-gax\build\src\featureDetection.d.ts","no",
".\node_modules\google-gax\build\src\gax.d.ts","no",
".\node_modules\google-gax\build\src\googleError.d.ts","no",
".\node_modules\google-gax\build\src\grpc.d.ts","no",
".\node_modules\google-gax\build\src\iamService.d.ts","no",
".\node_modules\google-gax\build\src\index.d.ts","no",
".\node_modules\google-gax\build\src\locationService.d.ts","no",
".\node_modules\google-gax\build\src\operationsClient.d.ts","no",
".\node_modules\google-gax\build\src\pathTemplate.d.ts","no",
".\node_modules\google-gax\build\src\protobuf.d.ts","no",
".\node_modules\google-gax\build\src\routingHeader.d.ts","no",
".\node_modules\google-gax\build\src\status.d.ts","no",
".\node_modules\google-gax\build\src\streamArrayParser.d.ts","no",
".\node_modules\google-gax\build\src\transcoding.d.ts","no",
".\node_modules\google-gax\build\src\util.d.ts","no",
".\node_modules\google-gax\build\src\warnings.d.ts","no",
".\node_modules\google-logging-utils\build\src\colours.d.ts","no",
".\node_modules\google-logging-utils\build\src\index.d.ts","no",
".\node_modules\google-logging-utils\build\src\logging-utils.d.ts","no",
".\node_modules\google-logging-utils\build\src\temporal.d.ts","no",
".\node_modules\gopd\gOPD.d.ts","no",
".\node_modules\gopd\index.d.ts","no",
".\node_modules\gtoken\build\cjs\src\index.d.ts","no",
".\node_modules\gtoken\build\esm\src\index.d.ts","no",
".\node_modules\has-symbols\index.d.ts","no",
".\node_modules\has-symbols\shams.d.ts","no",
".\node_modules\has-tostringtag\index.d.ts","no",
".\node_modules\has-tostringtag\shams.d.ts","no",
".\node_modules\hasown\index.d.ts","no",
".\node_modules\http-proxy-agent\dist\agent.d.ts","yes",
".\node_modules\http-proxy-agent\dist\index.d.ts","no",
".\node_modules\http-proxy-agent\node_modules\agent-base\dist\src\index.d.ts","no",
".\node_modules\http-proxy-agent\node_modules\agent-base\dist\src\promisify.d.ts","yes",
".\node_modules\http-proxy-agent\node_modules\agent-base\src\index.ts","no",
".\node_modules\http-proxy-agent\node_modules\agent-base\src\promisify.ts","yes",
".\node_modules\https-proxy-agent\dist\index.d.ts","no",
".\node_modules\https-proxy-agent\dist\parse-proxy-response.d.ts","no",
".\node_modules\iconv-lite\lib\index.d.ts","no",
".\node_modules\ieee754\index.d.ts","no",
".\node_modules\import-in-the-middle\index.d.ts","yes",
".\node_modules\ioredis\built\cluster\ClusterOptions.d.ts","no",
".\node_modules\ioredis\built\cluster\ClusterSubscriber.d.ts","yes",
".\node_modules\ioredis\built\cluster\ClusterSubscriberGroup.d.ts","yes",
".\node_modules\ioredis\built\cluster\ConnectionPool.d.ts","yes",
".\node_modules\ioredis\built\cluster\DelayQueue.d.ts","yes",
".\node_modules\ioredis\built\cluster\index.d.ts","yes",
".\node_modules\ioredis\built\cluster\util.d.ts","no",
".\node_modules\ioredis\built\connectors\SentinelConnector\FailoverDetector.d.ts","no",
".\node_modules\ioredis\built\connectors\SentinelConnector\index.d.ts","yes",
".\node_modules\ioredis\built\connectors\SentinelConnector\SentinelIterator.d.ts","yes",
".\node_modules\ioredis\built\connectors\SentinelConnector\types.d.ts","no",
".\node_modules\ioredis\built\connectors\AbstractConnector.d.ts","yes",
".\node_modules\ioredis\built\connectors\ConnectorConstructor.d.ts","yes",
".\node_modules\ioredis\built\connectors\index.d.ts","no",
".\node_modules\ioredis\built\connectors\StandaloneConnector.d.ts","yes",
".\node_modules\ioredis\built\constants\TLSProfiles.d.ts","yes",
".\node_modules\ioredis\built\errors\ClusterAllFailedError.d.ts","yes",
".\node_modules\ioredis\built\errors\index.d.ts","no",
".\node_modules\ioredis\built\errors\MaxRetriesPerRequestError.d.ts","yes",
".\node_modules\ioredis\built\redis\event_handler.d.ts","no",
".\node_modules\ioredis\built\redis\RedisOptions.d.ts","no",
".\node_modules\ioredis\built\utils\applyMixin.d.ts","yes",
".\node_modules\ioredis\built\utils\Commander.d.ts","yes",
".\node_modules\ioredis\built\utils\debug.d.ts","yes",
".\node_modules\ioredis\built\utils\index.d.ts","no",
".\node_modules\ioredis\built\utils\lodash.d.ts","no",
".\node_modules\ioredis\built\utils\RedisCommander.d.ts","yes",
".\node_modules\ioredis\built\autoPipelining.d.ts","no",
".\node_modules\ioredis\built\Command.d.ts","yes",
".\node_modules\ioredis\built\DataHandler.d.ts","yes",
".\node_modules\ioredis\built\index.d.ts","no",
".\node_modules\ioredis\built\Pipeline.d.ts","yes",
".\node_modules\ioredis\built\Redis.d.ts","yes",
".\node_modules\ioredis\built\ScanStream.d.ts","yes",
".\node_modules\ioredis\built\Script.d.ts","yes",
".\node_modules\ioredis\built\SubscriptionSet.d.ts","yes",
".\node_modules\ioredis\built\transaction.d.ts","no",
".\node_modules\ioredis\built\types.d.ts","no",
".\node_modules\ipaddr.js\lib\ipaddr.js.d.ts","no",
".\node_modules\is-binary-path\index.d.ts","no",
".\node_modules\is-fullwidth-code-point\index.d.ts","yes",
".\node_modules\is-stream\index.d.ts","no",
".\node_modules\jackspeak\dist\commonjs\index.d.ts","no",
".\node_modules\jackspeak\dist\commonjs\parse-args.d.ts","no",
".\node_modules\jackspeak\dist\esm\index.d.ts","no",
".\node_modules\jackspeak\dist\esm\parse-args.d.ts","no",
".\node_modules\json5\lib\index.d.ts","no",
".\node_modules\json5\lib\parse.d.ts","no",
".\node_modules\json5\lib\stringify.d.ts","no",
".\node_modules\json5\lib\unicode.d.ts","no",
".\node_modules\json5\lib\util.d.ts","no",
".\node_modules\kareem\index.d.ts","yes",
".\node_modules\lazystream\node_modules\safe-buffer\index.d.ts","no",
".\node_modules\logform\index.d.ts","no",
".\node_modules\long\umd\index.d.ts","no",
".\node_modules\long\umd\types.d.ts","no",
".\node_modules\long\index.d.ts","yes",
".\node_modules\long\types.d.ts","no",
".\node_modules\lru-cache\dist\commonjs\index.d.ts","no",
".\node_modules\lru-cache\dist\esm\index.d.ts","no",
".\node_modules\math-intrinsics\constants\maxArrayLength.d.ts","no",
".\node_modules\math-intrinsics\constants\maxSafeInteger.d.ts","no",
".\node_modules\math-intrinsics\constants\maxValue.d.ts","no",
".\node_modules\math-intrinsics\abs.d.ts","no",
".\node_modules\math-intrinsics\floor.d.ts","no",
".\node_modules\math-intrinsics\isFinite.d.ts","no",
".\node_modules\math-intrinsics\isInteger.d.ts","no",
".\node_modules\math-intrinsics\isNaN.d.ts","no",
".\node_modules\math-intrinsics\isNegativeZero.d.ts","no",
".\node_modules\math-intrinsics\max.d.ts","no",
".\node_modules\math-intrinsics\min.d.ts","no",
".\node_modules\math-intrinsics\mod.d.ts","no",
".\node_modules\math-intrinsics\pow.d.ts","no",
".\node_modules\math-intrinsics\round.d.ts","no",
".\node_modules\math-intrinsics\sign.d.ts","no",
".\node_modules\minimatch\dist\commonjs\assert-valid-pattern.d.ts","no",
".\node_modules\minimatch\dist\commonjs\ast.d.ts","no",
".\node_modules\minimatch\dist\commonjs\brace-expressions.d.ts","no",
".\node_modules\minimatch\dist\commonjs\escape.d.ts","no",
".\node_modules\minimatch\dist\commonjs\index.d.ts","no",
".\node_modules\minimatch\dist\commonjs\unescape.d.ts","no",
".\node_modules\minimatch\dist\esm\assert-valid-pattern.d.ts","no",
".\node_modules\minimatch\dist\esm\ast.d.ts","no",
".\node_modules\minimatch\dist\esm\brace-expressions.d.ts","no",
".\node_modules\minimatch\dist\esm\escape.d.ts","no",
".\node_modules\minimatch\dist\esm\index.d.ts","no",
".\node_modules\minimatch\dist\esm\unescape.d.ts","no",
".\node_modules\minipass\dist\commonjs\index.d.ts","no",
".\node_modules\minipass\dist\esm\index.d.ts","no",
".\node_modules\moment\ts3.1-typings\moment.d.ts","no",
".\node_modules\moment\moment.d.ts","no",
".\node_modules\mongodb-connection-string-url\lib\index.d.ts","yes",
".\node_modules\mongodb-connection-string-url\lib\redact.d.ts","no",
".\node_modules\mongoose\node_modules\agent-base\dist\src\index.d.ts","no",
".\node_modules\mongoose\node_modules\agent-base\dist\src\promisify.d.ts","yes",
".\node_modules\mongoose\node_modules\agent-base\src\index.ts","no",
".\node_modules\mongoose\node_modules\agent-base\src\promisify.ts","yes",
".\node_modules\mongoose\node_modules\gaxios\build\src\common.d.ts","no",
".\node_modules\mongoose\node_modules\gaxios\build\src\gaxios.d.ts","no",
".\node_modules\mongoose\node_modules\gaxios\build\src\index.d.ts","no",
".\node_modules\mongoose\node_modules\gaxios\build\src\retry.d.ts","no",
".\node_modules\mongoose\node_modules\gcp-metadata\build\src\gcp-residency.d.ts","no",
".\node_modules\mongoose\node_modules\gcp-metadata\build\src\index.d.ts","no",
".\node_modules\mongoose\node_modules\https-proxy-agent\dist\agent.d.ts","yes",
".\node_modules\mongoose\node_modules\https-proxy-agent\dist\index.d.ts","no",
".\node_modules\mongoose\node_modules\https-proxy-agent\dist\parse-proxy-response.d.ts","yes",
".\node_modules\mongoose\node_modules\mongodb\lib\beta.d.ts","no",
".\node_modules\mongoose\node_modules\mongodb\src\bulk\common.ts","no",
".\node_modules\mongoose\node_modules\mongodb\src\bulk\ordered.ts","no",
".\node_modules\mongoose\node_modules\mongodb\src\bulk\unordered.ts","no",
".\node_modules\mongoose\node_modules\mongodb\src\client-side-encryption\providers\aws.ts","no",
".\node_modules\mongoose\node_modules\mongodb\src\client-side-encryption\providers\azure.ts","no",
".\node_modules\mongoose\node_modules\mongodb\src\client-side-encryption\providers\gcp.ts","no",
".\node_modules\mongoose\node_modules\mongodb\src\client-side-encryption\providers\index.ts","no",
".\node_modules\mongoose\node_modules\mongodb\src\client-side-encryption\auto_encrypter.ts","no",
".\node_modules\mongoose\node_modules\mongodb\src\client-side-encryption\client_encryption.ts","no",
".\node_modules\mongoose\node_modules\mongodb\src\client-side-encryption\crypto_callbacks.ts","no",
".\node_modules\mongoose\node_modules\mongodb\src\client-side-encryption\errors.ts","no",
".\node_modules\mongoose\node_modules\mongodb\src\client-side-encryption\mongocryptd_manager.ts","no",
".\node_modules\mongoose\node_modules\mongodb\src\client-side-encryption\state_machine.ts","no",
".\node_modules\mongoose\node_modules\mongodb\src\cmap\auth\mongodb_oidc\automated_callback_workflow.ts","no",
".\node_modules\mongoose\node_modules\mongodb\src\cmap\auth\mongodb_oidc\azure_machine_workflow.ts","no",
".\node_modules\mongoose\node_modules\mongodb\src\cmap\auth\mongodb_oidc\callback_workflow.ts","no",
".\node_modules\mongoose\node_modules\mongodb\src\cmap\auth\mongodb_oidc\command_builders.ts","no",
".\node_modules\mongoose\node_modules\mongodb\src\cmap\auth\mongodb_oidc\gcp_machine_workflow.ts","no",
".\node_modules\mongoose\node_modules\mongodb\src\cmap\auth\mongodb_oidc\human_callback_workflow.ts","no",
".\node_modules\mongoose\node_modules\mongodb\src\cmap\auth\mongodb_oidc\k8s_machine_workflow.ts","no",
".\node_modules\mongoose\node_modules\mongodb\src\cmap\auth\mongodb_oidc\token_cache.ts","no",
".\node_modules\mongoose\node_modules\mongodb\src\cmap\auth\mongodb_oidc\token_machine_workflow.ts","no",
".\node_modules\mongoose\node_modules\mongodb\src\cmap\auth\auth_provider.ts","no",
".\node_modules\mongoose\node_modules\mongodb\src\cmap\auth\aws_temporary_credentials.ts","no",
".\node_modules\mongoose\node_modules\mongodb\src\cmap\auth\gssapi.ts","no",
".\node_modules\mongoose\node_modules\mongodb\src\cmap\auth\mongodb_aws.ts","no",
".\node_modules\mongoose\node_modules\mongodb\src\cmap\auth\mongodb_oidc.ts","no",
".\node_modules\mongoose\node_modules\mongodb\src\cmap\auth\mongo_credentials.ts","no",
".\node_modules\mongoose\node_modules\mongodb\src\cmap\auth\plain.ts","no",
".\node_modules\mongoose\node_modules\mongodb\src\cmap\auth\providers.ts","no",
".\node_modules\mongoose\node_modules\mongodb\src\cmap\auth\scram.ts","no",
".\node_modules\mongoose\node_modules\mongodb\src\cmap\auth\x509.ts","no",
".\node_modules\mongoose\node_modules\mongodb\src\cmap\handshake\client_metadata.ts","no",
".\node_modules\mongoose\node_modules\mongodb\src\cmap\wire_protocol\on_demand\document.ts","no",
".\node_modules\mongoose\node_modules\mongodb\src\cmap\wire_protocol\compression.ts","no",
".\node_modules\mongoose\node_modules\mongodb\src\cmap\wire_protocol\constants.ts","no",
".\node_modules\mongoose\node_modules\mongodb\src\cmap\wire_protocol\on_data.ts","no",
".\node_modules\mongoose\node_modules\mongodb\src\cmap\wire_protocol\responses.ts","no",
".\node_modules\mongoose\node_modules\mongodb\src\cmap\wire_protocol\shared.ts","no",
".\node_modules\mongoose\node_modules\mongodb\src\cmap\commands.ts","no",
".\node_modules\mongoose\node_modules\mongodb\src\cmap\command_monitoring_events.ts","no",
".\node_modules\mongoose\node_modules\mongodb\src\cmap\connect.ts","no",
".\node_modules\mongoose\node_modules\mongodb\src\cmap\connection.ts","no",
".\node_modules\mongoose\node_modules\mongodb\src\cmap\connection_pool.ts","no",
".\node_modules\mongoose\node_modules\mongodb\src\cmap\connection_pool_events.ts","no",
".\node_modules\mongoose\node_modules\mongodb\src\cmap\errors.ts","no",
".\node_modules\mongoose\node_modules\mongodb\src\cmap\metrics.ts","no",
".\node_modules\mongoose\node_modules\mongodb\src\cmap\stream_description.ts","no",
".\node_modules\mongoose\node_modules\mongodb\src\cursor\abstract_cursor.ts","no",
".\node_modules\mongoose\node_modules\mongodb\src\cursor\aggregation_cursor.ts","no",
".\node_modules\mongoose\node_modules\mongodb\src\cursor\change_stream_cursor.ts","no",
".\node_modules\mongoose\node_modules\mongodb\src\cursor\client_bulk_write_cursor.ts","no",
".\node_modules\mongoose\node_modules\mongodb\src\cursor\find_cursor.ts","no",
".\node_modules\mongoose\node_modules\mongodb\src\cursor\list_collections_cursor.ts","no",
".\node_modules\mongoose\node_modules\mongodb\src\cursor\list_indexes_cursor.ts","no",
".\node_modules\mongoose\node_modules\mongodb\src\cursor\list_search_indexes_cursor.ts","no",
".\node_modules\mongoose\node_modules\mongodb\src\cursor\run_command_cursor.ts","no",
".\node_modules\mongoose\node_modules\mongodb\src\gridfs\download.ts","no",
".\node_modules\mongoose\node_modules\mongodb\src\gridfs\index.ts","no",
".\node_modules\mongoose\node_modules\mongodb\src\gridfs\upload.ts","no",
".\node_modules\mongoose\node_modules\mongodb\src\operations\client_bulk_write\client_bulk_write.ts","no",
".\node_modules\mongoose\node_modules\mongodb\src\operations\client_bulk_write\command_builder.ts","no",
".\node_modules\mongoose\node_modules\mongodb\src\operations\client_bulk_write\common.ts","no",
".\node_modules\mongoose\node_modules\mongodb\src\operations\client_bulk_write\executor.ts","no",
".\node_modules\mongoose\node_modules\mongodb\src\operations\client_bulk_write\results_merger.ts","no",
".\node_modules\mongoose\node_modules\mongodb\src\operations\search_indexes\create.ts","no",
".\node_modules\mongoose\node_modules\mongodb\src\operations\search_indexes\drop.ts","no",
".\node_modules\mongoose\node_modules\mongodb\src\operations\search_indexes\update.ts","no",
".\node_modules\mongoose\node_modules\mongodb\src\operations\aggregate.ts","no",
".\node_modules\mongoose\node_modules\mongodb\src\operations\bulk_write.ts","no",
".\node_modules\mongoose\node_modules\mongodb\src\operations\collections.ts","no",
".\node_modules\mongoose\node_modules\mongodb\src\operations\command.ts","no",
".\node_modules\mongoose\node_modules\mongodb\src\operations\count.ts","no",
".\node_modules\mongoose\node_modules\mongodb\src\operations\create_collection.ts","no",
".\node_modules\mongoose\node_modules\mongodb\src\operations\delete.ts","no",
".\node_modules\mongoose\node_modules\mongodb\src\operations\distinct.ts","no",
".\node_modules\mongoose\node_modules\mongodb\src\operations\drop.ts","no",
".\node_modules\mongoose\node_modules\mongodb\src\operations\estimated_document_count.ts","no",
".\node_modules\mongoose\node_modules\mongodb\src\operations\execute_operation.ts","no",
".\node_modules\mongoose\node_modules\mongodb\src\operations\find.ts","no",
".\node_modules\mongoose\node_modules\mongodb\src\operations\find_and_modify.ts","no",
".\node_modules\mongoose\node_modules\mongodb\src\operations\get_more.ts","no",
".\node_modules\mongoose\node_modules\mongodb\src\operations\indexes.ts","no",
".\node_modules\mongoose\node_modules\mongodb\src\operations\insert.ts","no",
".\node_modules\mongoose\node_modules\mongodb\src\operations\is_capped.ts","no",
".\node_modules\mongoose\node_modules\mongodb\src\operations\kill_cursors.ts","no",
".\node_modules\mongoose\node_modules\mongodb\src\operations\list_collections.ts","no",
".\node_modules\mongoose\node_modules\mongodb\src\operations\list_databases.ts","no",
".\node_modules\mongoose\node_modules\mongodb\src\operations\operation.ts","no",
".\node_modules\mongoose\node_modules\mongodb\src\operations\options_operation.ts","no",
".\node_modules\mongoose\node_modules\mongodb\src\operations\profiling_level.ts","no",
".\node_modules\mongoose\node_modules\mongodb\src\operations\remove_user.ts","no",
".\node_modules\mongoose\node_modules\mongodb\src\operations\rename.ts","no",
".\node_modules\mongoose\node_modules\mongodb\src\operations\run_command.ts","no",
".\node_modules\mongoose\node_modules\mongodb\src\operations\set_profiling_level.ts","no",
".\node_modules\mongoose\node_modules\mongodb\src\operations\stats.ts","no",
".\node_modules\mongoose\node_modules\mongodb\src\operations\update.ts","no",
".\node_modules\mongoose\node_modules\mongodb\src\operations\validate_collection.ts","no",
".\node_modules\mongoose\node_modules\mongodb\src\sdam\common.ts","no",
".\node_modules\mongoose\node_modules\mongodb\src\sdam\events.ts","no",
".\node_modules\mongoose\node_modules\mongodb\src\sdam\monitor.ts","no",
".\node_modules\mongoose\node_modules\mongodb\src\sdam\server.ts","no",
".\node_modules\mongoose\node_modules\mongodb\src\sdam\server_description.ts","no",
".\node_modules\mongoose\node_modules\mongodb\src\sdam\server_selection.ts","no",
".\node_modules\mongoose\node_modules\mongodb\src\sdam\server_selection_events.ts","no",
".\node_modules\mongoose\node_modules\mongodb\src\sdam\srv_polling.ts","no",
".\node_modules\mongoose\node_modules\mongodb\src\sdam\topology.ts","no",
".\node_modules\mongoose\node_modules\mongodb\src\sdam\topology_description.ts","no",
".\node_modules\mongoose\node_modules\mongodb\src\admin.ts","no",
".\node_modules\mongoose\node_modules\mongodb\src\beta.ts","no",
".\node_modules\mongoose\node_modules\mongodb\src\bson.ts","no",
".\node_modules\mongoose\node_modules\mongodb\src\change_stream.ts","no",
".\node_modules\mongoose\node_modules\mongodb\src\collection.ts","no",
".\node_modules\mongoose\node_modules\mongodb\src\connection_string.ts","no",
".\node_modules\mongoose\node_modules\mongodb\src\constants.ts","no",
".\node_modules\mongoose\node_modules\mongodb\src\db.ts","no",
".\node_modules\mongoose\node_modules\mongodb\src\deps.ts","no",
".\node_modules\mongoose\node_modules\mongodb\src\encrypter.ts","no",
".\node_modules\mongoose\node_modules\mongodb\src\error.ts","no",
".\node_modules\mongoose\node_modules\mongodb\src\explain.ts","no",
".\node_modules\mongoose\node_modules\mongodb\src\index.ts","no",
".\node_modules\mongoose\node_modules\mongodb\src\mongo_client.ts","no",
".\node_modules\mongoose\node_modules\mongodb\src\mongo_client_auth_providers.ts","no",
".\node_modules\mongoose\node_modules\mongodb\src\mongo_logger.ts","no",
".\node_modules\mongoose\node_modules\mongodb\src\mongo_types.ts","no",
".\node_modules\mongoose\node_modules\mongodb\src\read_concern.ts","no",
".\node_modules\mongoose\node_modules\mongodb\src\read_preference.ts","no",
".\node_modules\mongoose\node_modules\mongodb\src\resource_management.ts","no",
".\node_modules\mongoose\node_modules\mongodb\src\sessions.ts","no",
".\node_modules\mongoose\node_modules\mongodb\src\sort.ts","no",
".\node_modules\mongoose\node_modules\mongodb\src\timeout.ts","no",
".\node_modules\mongoose\node_modules\mongodb\src\transactions.ts","no",
".\node_modules\mongoose\node_modules\mongodb\src\utils.ts","no",
".\node_modules\mongoose\node_modules\mongodb\src\write_concern.ts","no",
".\node_modules\mongoose\node_modules\mongodb\mongodb.d.ts","no",
".\node_modules\mongoose\types\aggregate.d.ts","no",
".\node_modules\mongoose\types\augmentations.d.ts","no",
".\node_modules\mongoose\types\callback.d.ts","no",
".\node_modules\mongoose\types\collection.d.ts","no",
".\node_modules\mongoose\types\connection.d.ts","no",
".\node_modules\mongoose\types\cursor.d.ts","no",
".\node_modules\mongoose\types\document.d.ts","no",
".\node_modules\mongoose\types\error.d.ts","no",
".\node_modules\mongoose\types\expressions.d.ts","no",
".\node_modules\mongoose\types\helpers.d.ts","no",
".\node_modules\mongoose\types\index.d.ts","yes",
".\node_modules\mongoose\types\indexes.d.ts","no",
".\node_modules\mongoose\types\inferrawdoctype.d.ts","no",
".\node_modules\mongoose\types\inferschematype.d.ts","no",
".\node_modules\mongoose\types\middlewares.d.ts","no",
".\node_modules\mongoose\types\models.d.ts","no",
".\node_modules\mongoose\types\mongooseoptions.d.ts","no",
".\node_modules\mongoose\types\pipelinestage.d.ts","no",
".\node_modules\mongoose\types\populate.d.ts","no",
".\node_modules\mongoose\types\query.d.ts","no",
".\node_modules\mongoose\types\schemaoptions.d.ts","no",
".\node_modules\mongoose\types\schematypes.d.ts","no",
".\node_modules\mongoose\types\session.d.ts","no",
".\node_modules\mongoose\types\types.d.ts","no",
".\node_modules\mongoose\types\utility.d.ts","no",
".\node_modules\mongoose\types\validation.d.ts","no",
".\node_modules\mongoose\types\virtuals.d.ts","no",
".\node_modules\node-fetch\@types\index.d.ts","yes",
".\node_modules\nodemon\index.d.ts","no",
".\node_modules\package-json-from-dist\dist\commonjs\index.d.ts","no",
".\node_modules\package-json-from-dist\dist\esm\index.d.ts","no",
".\node_modules\path-key\index.d.ts","no",
".\node_modules\path-scurry\dist\commonjs\index.d.ts","no",
".\node_modules\path-scurry\dist\esm\index.d.ts","no",
".\node_modules\pg-protocol\dist\b.d.ts","no",
".\node_modules\pg-protocol\dist\buffer-reader.d.ts","no",
".\node_modules\pg-protocol\dist\buffer-writer.d.ts","no",
".\node_modules\pg-protocol\dist\inbound-parser.test.d.ts","no",
".\node_modules\pg-protocol\dist\index.d.ts","no",
".\node_modules\pg-protocol\dist\messages.d.ts","no",
".\node_modules\pg-protocol\dist\outbound-serializer.test.d.ts","no",
".\node_modules\pg-protocol\dist\parser.d.ts","no",
".\node_modules\pg-protocol\dist\serializer.d.ts","no",
".\node_modules\pg-protocol\src\testing\buffer-list.ts","yes",
".\node_modules\pg-protocol\src\testing\test-buffers.ts","yes",
".\node_modules\pg-protocol\src\types\chunky.d.ts","no",
".\node_modules\pg-protocol\src\b.ts","no",
".\node_modules\pg-protocol\src\buffer-reader.ts","no",
".\node_modules\pg-protocol\src\buffer-writer.ts","no",
".\node_modules\pg-protocol\src\inbound-parser.test.ts","no",
".\node_modules\pg-protocol\src\index.ts","no",
".\node_modules\pg-protocol\src\messages.ts","no",
".\node_modules\pg-protocol\src\outbound-serializer.test.ts","no",
".\node_modules\pg-protocol\src\parser.ts","no",
".\node_modules\pg-protocol\src\serializer.ts","no",
".\node_modules\pg-types\index.d.ts","no",
".\node_modules\pg-types\index.test-d.ts","no",
".\node_modules\picocolors\picocolors.d.ts","no",
".\node_modules\picocolors\types.d.ts","no",
".\node_modules\postgres-array\index.d.ts","no",
".\node_modules\postgres-interval\index.d.ts","no",
".\node_modules\proto3-json-serializer\build\src\any.d.ts","no",
".\node_modules\proto3-json-serializer\build\src\bytes.d.ts","no",
".\node_modules\proto3-json-serializer\build\src\duration.d.ts","no",
".\node_modules\proto3-json-serializer\build\src\enum.d.ts","no",
".\node_modules\proto3-json-serializer\build\src\fieldmask.d.ts","no",
".\node_modules\proto3-json-serializer\build\src\fromproto3json.d.ts","no",
".\node_modules\proto3-json-serializer\build\src\index.d.ts","no",
".\node_modules\proto3-json-serializer\build\src\timestamp.d.ts","no",
".\node_modules\proto3-json-serializer\build\src\toproto3json.d.ts","no",
".\node_modules\proto3-json-serializer\build\src\types.d.ts","no",
".\node_modules\proto3-json-serializer\build\src\util.d.ts","no",
".\node_modules\proto3-json-serializer\build\src\value.d.ts","no",
".\node_modules\proto3-json-serializer\build\src\wrappers.d.ts","no",
".\node_modules\protobufjs\ext\descriptor\index.d.ts","no",
".\node_modules\protobufjs\index.d.ts","no",
".\node_modules\protobufjs\light.d.ts","no",
".\node_modules\protobufjs\minimal.d.ts","no",
".\node_modules\rate-limit-redis\dist\index.d.ts","no",
".\node_modules\raw-body\index.d.ts","no",
".\node_modules\readdirp\index.d.ts","no",
".\node_modules\require-in-the-middle\types\index.d.ts","no",
".\node_modules\retry-request\index.d.ts","no",
".\node_modules\safe-buffer\index.d.ts","no",
".\node_modules\safe-stable-stringify\esm\wrapper.d.ts","yes",
".\node_modules\safe-stable-stringify\index.d.ts","yes",
".\node_modules\setprototypeof\index.d.ts","no",
".\node_modules\shebang-regex\index.d.ts","no",
".\node_modules\side-channel\index.d.ts","no",
".\node_modules\side-channel-list\index.d.ts","no",
".\node_modules\side-channel-list\list.d.ts","no",
".\node_modules\side-channel-map\index.d.ts","no",
".\node_modules\side-channel-weakmap\index.d.ts","no",
".\node_modules\sift\lib\core.d.ts","no",
".\node_modules\sift\lib\index.d.ts","yes",
".\node_modules\sift\lib\operations.d.ts","no",
".\node_modules\sift\lib\utils.d.ts","no",
".\node_modules\sift\src\core.ts","no",
".\node_modules\sift\src\index.ts","yes",
".\node_modules\sift\src\operations.ts","no",
".\node_modules\sift\src\utils.ts","no",
".\node_modules\sift\index.d.ts","yes",
".\node_modules\signal-exit\dist\cjs\browser.d.ts","no",
".\node_modules\signal-exit\dist\cjs\index.d.ts","no",
".\node_modules\signal-exit\dist\cjs\signals.d.ts","no",
".\node_modules\signal-exit\dist\mjs\browser.d.ts","no",
".\node_modules\signal-exit\dist\mjs\index.d.ts","no",
".\node_modules\signal-exit\dist\mjs\signals.d.ts","no",
".\node_modules\simple-update-notifier\build\index.d.ts","no",
".\node_modules\simple-update-notifier\src\borderedText.ts","yes",
".\node_modules\simple-update-notifier\src\cache.spec.ts","no",
".\node_modules\simple-update-notifier\src\cache.ts","no",
".\node_modules\simple-update-notifier\src\getDistVersion.spec.ts","no",
".\node_modules\simple-update-notifier\src\getDistVersion.ts","yes",
".\node_modules\simple-update-notifier\src\hasNewVersion.spec.ts","no",
".\node_modules\simple-update-notifier\src\hasNewVersion.ts","yes",
".\node_modules\simple-update-notifier\src\index.spec.ts","no",
".\node_modules\simple-update-notifier\src\index.ts","yes",
".\node_modules\simple-update-notifier\src\isNpmOrYarn.ts","yes",
".\node_modules\simple-update-notifier\src\types.ts","no",
".\node_modules\standard-as-callback\built\index.d.ts","yes",
".\node_modules\standard-as-callback\built\types.d.ts","no",
".\node_modules\standard-as-callback\built\utils.d.ts","no",
".\node_modules\stream-events\index.d.ts","no",
".\node_modules\string-width\index.d.ts","yes",
".\node_modules\string-width-cjs\node_modules\ansi-regex\index.d.ts","no",
".\node_modules\string-width-cjs\node_modules\emoji-regex\index.d.ts","yes",
".\node_modules\string-width-cjs\node_modules\strip-ansi\index.d.ts","no",
".\node_modules\string-width-cjs\index.d.ts","no",
".\node_modules\strip-ansi\index.d.ts","yes",
".\node_modules\strip-ansi-cjs\node_modules\ansi-regex\index.d.ts","no",
".\node_modules\strip-ansi-cjs\index.d.ts","no",
".\node_modules\teeny-request\build\src\agents.d.ts","no",
".\node_modules\teeny-request\build\src\index.d.ts","no",
".\node_modules\teeny-request\build\src\TeenyStatistics.d.ts","no",
".\node_modules\teeny-request\node_modules\agent-base\dist\src\index.d.ts","no",
".\node_modules\teeny-request\node_modules\agent-base\dist\src\promisify.d.ts","yes",
".\node_modules\teeny-request\node_modules\agent-base\src\index.ts","no",
".\node_modules\teeny-request\node_modules\agent-base\src\promisify.ts","yes",
".\node_modules\teeny-request\node_modules\https-proxy-agent\dist\agent.d.ts","yes",
".\node_modules\teeny-request\node_modules\https-proxy-agent\dist\index.d.ts","no",
".\node_modules\teeny-request\node_modules\https-proxy-agent\dist\parse-proxy-response.d.ts","yes",
".\node_modules\undici-types\agent.d.ts","yes",
".\node_modules\undici-types\api.d.ts","no",
".\node_modules\undici-types\balanced-pool.d.ts","yes",
".\node_modules\undici-types\cache-interceptor.d.ts","yes",
".\node_modules\undici-types\cache.d.ts","no",
".\node_modules\undici-types\client-stats.d.ts","yes",
".\node_modules\undici-types\client.d.ts","yes",
".\node_modules\undici-types\connector.d.ts","yes",
".\node_modules\undici-types\content-type.d.ts","no",
".\node_modules\undici-types\cookies.d.ts","no",
".\node_modules\undici-types\diagnostics-channel.d.ts","no",
".\node_modules\undici-types\dispatcher.d.ts","yes",
".\node_modules\undici-types\env-http-proxy-agent.d.ts","yes",
".\node_modules\undici-types\errors.d.ts","yes",
".\node_modules\undici-types\eventsource.d.ts","no",
".\node_modules\undici-types\fetch.d.ts","no",
".\node_modules\undici-types\formdata.d.ts","no",
".\node_modules\undici-types\global-dispatcher.d.ts","no",
".\node_modules\undici-types\global-origin.d.ts","no",
".\node_modules\undici-types\h2c-client.d.ts","yes",
".\node_modules\undici-types\handlers.d.ts","no",
".\node_modules\undici-types\header.d.ts","no",
".\node_modules\undici-types\index.d.ts","yes",
".\node_modules\undici-types\interceptors.d.ts","yes",
".\node_modules\undici-types\mock-agent.d.ts","yes",
".\node_modules\undici-types\mock-call-history.d.ts","no",
".\node_modules\undici-types\mock-client.d.ts","yes",
".\node_modules\undici-types\mock-errors.d.ts","yes",
".\node_modules\undici-types\mock-interceptor.d.ts","no",
".\node_modules\undici-types\mock-pool.d.ts","yes",
".\node_modules\undici-types\patch.d.ts","no",
".\node_modules\undici-types\pool-stats.d.ts","yes",
".\node_modules\undici-types\pool.d.ts","yes",
".\node_modules\undici-types\proxy-agent.d.ts","yes",
".\node_modules\undici-types\readable.d.ts","yes",
".\node_modules\undici-types\retry-agent.d.ts","yes",
".\node_modules\undici-types\retry-handler.d.ts","yes",
".\node_modules\undici-types\snapshot-agent.d.ts","no",
".\node_modules\undici-types\util.d.ts","no",
".\node_modules\undici-types\utility.d.ts","no",
".\node_modules\undici-types\webidl.d.ts","no",
".\node_modules\undici-types\websocket.d.ts","no",
".\node_modules\update-browserslist-db\index.d.ts","no",
".\node_modules\web-streams-polyfill\dist\types\ts3.6\polyfill.d.ts","no",
".\node_modules\web-streams-polyfill\dist\types\ts3.6\ponyfill.d.ts","no",
".\node_modules\web-streams-polyfill\dist\types\polyfill.d.ts","no",
".\node_modules\web-streams-polyfill\dist\types\ponyfill.d.ts","no",
".\node_modules\winston\lib\winston\config\index.d.ts","no",
".\node_modules\winston\lib\winston\transports\index.d.ts","no",
".\node_modules\winston\index.d.ts","no",
".\node_modules\winston-daily-rotate-file\index.d.ts","no",
".\node_modules\winston-transport\index.d.ts","no",
".\node_modules\wrap-ansi\index.d.ts","yes",
".\node_modules\wrap-ansi-cjs\node_modules\ansi-regex\index.d.ts","no",
".\node_modules\wrap-ansi-cjs\node_modules\ansi-styles\index.d.ts","no",
".\node_modules\wrap-ansi-cjs\node_modules\emoji-regex\index.d.ts","yes",
".\node_modules\wrap-ansi-cjs\node_modules\string-width\index.d.ts","no",
".\node_modules\wrap-ansi-cjs\node_modules\strip-ansi\index.d.ts","no",
".\node_modules\yargs\node_modules\ansi-regex\index.d.ts","no",
".\node_modules\yargs\node_modules\emoji-regex\index.d.ts","yes",
".\node_modules\yargs\node_modules\string-width\index.d.ts","no",
".\node_modules\yargs\node_modules\strip-ansi\index.d.ts","no",
".\node_modules\yargs\browser.d.ts","yes",
".\node_modules\zod\locales\index.d.ts","no",
".\node_modules\zod\mini\index.d.ts","no",
".\node_modules\zod\src\locales\index.ts","no",
".\node_modules\zod\src\mini\index.ts","no",
".\node_modules\zod\src\v3\benchmarks\datetime.ts","yes",
".\node_modules\zod\src\v3\benchmarks\discriminatedUnion.ts","yes",
".\node_modules\zod\src\v3\benchmarks\index.ts","no",
".\node_modules\zod\src\v3\benchmarks\ipv4.ts","yes",
".\node_modules\zod\src\v3\benchmarks\object.ts","yes",
".\node_modules\zod\src\v3\benchmarks\primitives.ts","yes",
".\node_modules\zod\src\v3\benchmarks\realworld.ts","yes",
".\node_modules\zod\src\v3\benchmarks\string.ts","yes",
".\node_modules\zod\src\v3\benchmarks\union.ts","yes",
".\node_modules\zod\src\v3\helpers\enumUtil.ts","no",
".\node_modules\zod\src\v3\helpers\errorUtil.ts","no",
".\node_modules\zod\src\v3\helpers\parseUtil.ts","no",
".\node_modules\zod\src\v3\helpers\partialUtil.ts","no",
".\node_modules\zod\src\v3\helpers\typeAliases.ts","no",
".\node_modules\zod\src\v3\helpers\util.ts","no",
".\node_modules\zod\src\v3\locales\en.ts","yes",
".\node_modules\zod\src\v3\tests\all-errors.test.ts","no",
".\node_modules\zod\src\v3\tests\anyunknown.test.ts","no",
".\node_modules\zod\src\v3\tests\array.test.ts","no",
".\node_modules\zod\src\v3\tests\async-parsing.test.ts","no",
".\node_modules\zod\src\v3\tests\async-refinements.test.ts","no",
".\node_modules\zod\src\v3\tests\base.test.ts","no",
".\node_modules\zod\src\v3\tests\bigint.test.ts","no",
".\node_modules\zod\src\v3\tests\branded.test.ts","no",
".\node_modules\zod\src\v3\tests\catch.test.ts","no",
".\node_modules\zod\src\v3\tests\coerce.test.ts","no",
".\node_modules\zod\src\v3\tests\complex.test.ts","no",
".\node_modules\zod\src\v3\tests\custom.test.ts","no",
".\node_modules\zod\src\v3\tests\date.test.ts","no",
".\node_modules\zod\src\v3\tests\deepmasking.test.ts","no",
".\node_modules\zod\src\v3\tests\default.test.ts","no",
".\node_modules\zod\src\v3\tests\description.test.ts","no",
".\node_modules\zod\src\v3\tests\discriminated-unions.test.ts","no",
".\node_modules\zod\src\v3\tests\enum.test.ts","no",
".\node_modules\zod\src\v3\tests\error.test.ts","no",
".\node_modules\zod\src\v3\tests\firstparty.test.ts","no",
".\node_modules\zod\src\v3\tests\firstpartyschematypes.test.ts","no",
".\node_modules\zod\src\v3\tests\function.test.ts","no",
".\node_modules\zod\src\v3\tests\generics.test.ts","no",
".\node_modules\zod\src\v3\tests\instanceof.test.ts","no",
".\node_modules\zod\src\v3\tests\intersection.test.ts","no",
".\node_modules\zod\src\v3\tests\language-server.source.ts","no",
".\node_modules\zod\src\v3\tests\language-server.test.ts","no",
".\node_modules\zod\src\v3\tests\literal.test.ts","no",
".\node_modules\zod\src\v3\tests\map.test.ts","no",
".\node_modules\zod\src\v3\tests\masking.test.ts","no",
".\node_modules\zod\src\v3\tests\mocker.test.ts","no",
".\node_modules\zod\src\v3\tests\Mocker.ts","no",
".\node_modules\zod\src\v3\tests\nan.test.ts","no",
".\node_modules\zod\src\v3\tests\nativeEnum.test.ts","no",
".\node_modules\zod\src\v3\tests\nullable.test.ts","no",
".\node_modules\zod\src\v3\tests\number.test.ts","no",
".\node_modules\zod\src\v3\tests\object-augmentation.test.ts","no",
".\node_modules\zod\src\v3\tests\object-in-es5-env.test.ts","no",
".\node_modules\zod\src\v3\tests\object.test.ts","no",
".\node_modules\zod\src\v3\tests\optional.test.ts","no",
".\node_modules\zod\src\v3\tests\parser.test.ts","no",
".\node_modules\zod\src\v3\tests\parseUtil.test.ts","no",
".\node_modules\zod\src\v3\tests\partials.test.ts","no",
".\node_modules\zod\src\v3\tests\pickomit.test.ts","no",
".\node_modules\zod\src\v3\tests\pipeline.test.ts","no",
".\node_modules\zod\src\v3\tests\preprocess.test.ts","no",
".\node_modules\zod\src\v3\tests\primitive.test.ts","no",
".\node_modules\zod\src\v3\tests\promise.test.ts","no",
".\node_modules\zod\src\v3\tests\readonly.test.ts","no",
".\node_modules\zod\src\v3\tests\record.test.ts","no",
".\node_modules\zod\src\v3\tests\recursive.test.ts","no",
".\node_modules\zod\src\v3\tests\refine.test.ts","no",
".\node_modules\zod\src\v3\tests\safeparse.test.ts","no",
".\node_modules\zod\src\v3\tests\set.test.ts","no",
".\node_modules\zod\src\v3\tests\standard-schema.test.ts","no",
".\node_modules\zod\src\v3\tests\string.test.ts","no",
".\node_modules\zod\src\v3\tests\transformer.test.ts","no",
".\node_modules\zod\src\v3\tests\tuple.test.ts","no",
".\node_modules\zod\src\v3\tests\unions.test.ts","no",
".\node_modules\zod\src\v3\tests\validations.test.ts","no",
".\node_modules\zod\src\v3\tests\void.test.ts","no",
".\node_modules\zod\src\v3\errors.ts","no",
".\node_modules\zod\src\v3\external.ts","no",
".\node_modules\zod\src\v3\index.ts","yes",
".\node_modules\zod\src\v3\standard-schema.ts","no",
".\node_modules\zod\src\v3\types.ts","no",
".\node_modules\zod\src\v3\ZodError.ts","no",
".\node_modules\zod\src\v4\classic\tests\anyunknown.test.ts","no",
".\node_modules\zod\src\v4\classic\tests\array.test.ts","no",
".\node_modules\zod\src\v4\classic\tests\assignability.test.ts","no",
".\node_modules\zod\src\v4\classic\tests\async-parsing.test.ts","no",
".\node_modules\zod\src\v4\classic\tests\async-refinements.test.ts","no",
".\node_modules\zod\src\v4\classic\tests\base.test.ts","no",
".\node_modules\zod\src\v4\classic\tests\bigint.test.ts","no",
".\node_modules\zod\src\v4\classic\tests\brand.test.ts","no",
".\node_modules\zod\src\v4\classic\tests\catch.test.ts","no",
".\node_modules\zod\src\v4\classic\tests\coalesce.test.ts","no",
".\node_modules\zod\src\v4\classic\tests\codec-examples.test.ts","no",
".\node_modules\zod\src\v4\classic\tests\codec.test.ts","no",
".\node_modules\zod\src\v4\classic\tests\coerce.test.ts","no",
".\node_modules\zod\src\v4\classic\tests\continuability.test.ts","no",
".\node_modules\zod\src\v4\classic\tests\custom.test.ts","no",
".\node_modules\zod\src\v4\classic\tests\date.test.ts","no",
".\node_modules\zod\src\v4\classic\tests\datetime.test.ts","no",
".\node_modules\zod\src\v4\classic\tests\default.test.ts","no",
".\node_modules\zod\src\v4\classic\tests\description.test.ts","no",
".\node_modules\zod\src\v4\classic\tests\discriminated-unions.test.ts","no",
".\node_modules\zod\src\v4\classic\tests\enum.test.ts","no",
".\node_modules\zod\src\v4\classic\tests\error-utils.test.ts","no",
".\node_modules\zod\src\v4\classic\tests\error.test.ts","no",
".\node_modules\zod\src\v4\classic\tests\file.test.ts","no",
".\node_modules\zod\src\v4\classic\tests\firstparty.test.ts","no",
".\node_modules\zod\src\v4\classic\tests\function.test.ts","no",
".\node_modules\zod\src\v4\classic\tests\generics.test.ts","no",
".\node_modules\zod\src\v4\classic\tests\hash.test.ts","no",
".\node_modules\zod\src\v4\classic\tests\index.test.ts","no",
".\node_modules\zod\src\v4\classic\tests\instanceof.test.ts","no",
".\node_modules\zod\src\v4\classic\tests\intersection.test.ts","no",
".\node_modules\zod\src\v4\classic\tests\json.test.ts","no",
".\node_modules\zod\src\v4\classic\tests\lazy.test.ts","no",
".\node_modules\zod\src\v4\classic\tests\literal.test.ts","no",
".\node_modules\zod\src\v4\classic\tests\map.test.ts","no",
".\node_modules\zod\src\v4\classic\tests\nan.test.ts","no",
".\node_modules\zod\src\v4\classic\tests\nested-refine.test.ts","no",
".\node_modules\zod\src\v4\classic\tests\nonoptional.test.ts","no",
".\node_modules\zod\src\v4\classic\tests\nullable.test.ts","no",
".\node_modules\zod\src\v4\classic\tests\number.test.ts","no",
".\node_modules\zod\src\v4\classic\tests\object.test.ts","no",
".\node_modules\zod\src\v4\classic\tests\optional.test.ts","no",
".\node_modules\zod\src\v4\classic\tests\partial.test.ts","no",
".\node_modules\zod\src\v4\classic\tests\pickomit.test.ts","no",
".\node_modules\zod\src\v4\classic\tests\pipe.test.ts","no",
".\node_modules\zod\src\v4\classic\tests\prefault.test.ts","no",
".\node_modules\zod\src\v4\classic\tests\preprocess.test.ts","no",
".\node_modules\zod\src\v4\classic\tests\primitive.test.ts","no",
".\node_modules\zod\src\v4\classic\tests\promise.test.ts","no",
".\node_modules\zod\src\v4\classic\tests\prototypes.test.ts","no",
".\node_modules\zod\src\v4\classic\tests\readonly.test.ts","no",
".\node_modules\zod\src\v4\classic\tests\record.test.ts","no",
".\node_modules\zod\src\v4\classic\tests\recursive-types.test.ts","no",
".\node_modules\zod\src\v4\classic\tests\refine.test.ts","no",
".\node_modules\zod\src\v4\classic\tests\registries.test.ts","no",
".\node_modules\zod\src\v4\classic\tests\set.test.ts","no",
".\node_modules\zod\src\v4\classic\tests\standard-schema.test.ts","no",
".\node_modules\zod\src\v4\classic\tests\string-formats.test.ts","no",
".\node_modules\zod\src\v4\classic\tests\string.test.ts","no",
".\node_modules\zod\src\v4\classic\tests\stringbool.test.ts","no",
".\node_modules\zod\src\v4\classic\tests\template-literal.test.ts","no",
".\node_modules\zod\src\v4\classic\tests\to-json-schema.test.ts","no",
".\node_modules\zod\src\v4\classic\tests\transform.test.ts","no",
".\node_modules\zod\src\v4\classic\tests\tuple.test.ts","no",
".\node_modules\zod\src\v4\classic\tests\union.test.ts","no",
".\node_modules\zod\src\v4\classic\tests\validations.test.ts","no",
".\node_modules\zod\src\v4\classic\tests\void.test.ts","no",
".\node_modules\zod\src\v4\classic\checks.ts","no",
".\node_modules\zod\src\v4\classic\coerce.ts","no",
".\node_modules\zod\src\v4\classic\compat.ts","no",
".\node_modules\zod\src\v4\classic\errors.ts","no",
".\node_modules\zod\src\v4\classic\external.ts","no",
".\node_modules\zod\src\v4\classic\index.ts","yes",
".\node_modules\zod\src\v4\classic\iso.ts","no",
".\node_modules\zod\src\v4\classic\parse.ts","no",
".\node_modules\zod\src\v4\classic\schemas.ts","no",
".\node_modules\zod\src\v4\core\tests\locales\be.test.ts","no",
".\node_modules\zod\src\v4\core\tests\locales\en.test.ts","no",
".\node_modules\zod\src\v4\core\tests\locales\es.test.ts","no",
".\node_modules\zod\src\v4\core\tests\locales\ru.test.ts","no",
".\node_modules\zod\src\v4\core\tests\locales\tr.test.ts","no",
".\node_modules\zod\src\v4\core\tests\extend.test.ts","no",
".\node_modules\zod\src\v4\core\tests\index.test.ts","no",
".\node_modules\zod\src\v4\core\api.ts","no",
".\node_modules\zod\src\v4\core\checks.ts","no",
".\node_modules\zod\src\v4\core\config.ts","no",
".\node_modules\zod\src\v4\core\core.ts","no",
".\node_modules\zod\src\v4\core\doc.ts","no",
".\node_modules\zod\src\v4\core\errors.ts","no",
".\node_modules\zod\src\v4\core\index.ts","no",
".\node_modules\zod\src\v4\core\json-schema.ts","no",
".\node_modules\zod\src\v4\core\parse.ts","no",
".\node_modules\zod\src\v4\core\regexes.ts","no",
".\node_modules\zod\src\v4\core\registries.ts","no",
".\node_modules\zod\src\v4\core\schemas.ts","no",
".\node_modules\zod\src\v4\core\standard-schema.ts","no",
".\node_modules\zod\src\v4\core\to-json-schema.ts","no",
".\node_modules\zod\src\v4\core\util.ts","no",
".\node_modules\zod\src\v4\core\versions.ts","no",
".\node_modules\zod\src\v4\core\zsf.ts","no",
".\node_modules\zod\src\v4\locales\ar.ts","yes",
".\node_modules\zod\src\v4\locales\az.ts","yes",
".\node_modules\zod\src\v4\locales\be.ts","yes",
".\node_modules\zod\src\v4\locales\bg.ts","yes",
".\node_modules\zod\src\v4\locales\ca.ts","yes",
".\node_modules\zod\src\v4\locales\cs.ts","yes",
".\node_modules\zod\src\v4\locales\da.ts","yes",
".\node_modules\zod\src\v4\locales\de.ts","yes",
".\node_modules\zod\src\v4\locales\en.ts","yes",
".\node_modules\zod\src\v4\locales\eo.ts","yes",
".\node_modules\zod\src\v4\locales\es.ts","yes",
".\node_modules\zod\src\v4\locales\fa.ts","yes",
".\node_modules\zod\src\v4\locales\fi.ts","yes",
".\node_modules\zod\src\v4\locales\fr-CA.ts","yes",
".\node_modules\zod\src\v4\locales\fr.ts","yes",
".\node_modules\zod\src\v4\locales\he.ts","yes",
".\node_modules\zod\src\v4\locales\hu.ts","yes",
".\node_modules\zod\src\v4\locales\id.ts","yes",
".\node_modules\zod\src\v4\locales\index.ts","no",
".\node_modules\zod\src\v4\locales\is.ts","yes",
".\node_modules\zod\src\v4\locales\it.ts","yes",
".\node_modules\zod\src\v4\locales\ja.ts","yes",
".\node_modules\zod\src\v4\locales\ka.ts","yes",
".\node_modules\zod\src\v4\locales\kh.ts","yes",
".\node_modules\zod\src\v4\locales\km.ts","yes",
".\node_modules\zod\src\v4\locales\ko.ts","yes",
".\node_modules\zod\src\v4\locales\lt.ts","yes",
".\node_modules\zod\src\v4\locales\mk.ts","yes",
".\node_modules\zod\src\v4\locales\ms.ts","yes",
".\node_modules\zod\src\v4\locales\nl.ts","yes",
".\node_modules\zod\src\v4\locales\no.ts","yes",
".\node_modules\zod\src\v4\locales\ota.ts","yes",
".\node_modules\zod\src\v4\locales\pl.ts","yes",
".\node_modules\zod\src\v4\locales\ps.ts","yes",
".\node_modules\zod\src\v4\locales\pt.ts","yes",
".\node_modules\zod\src\v4\locales\ru.ts","yes",
".\node_modules\zod\src\v4\locales\sl.ts","yes",
".\node_modules\zod\src\v4\locales\sv.ts","yes",
".\node_modules\zod\src\v4\locales\ta.ts","yes",
".\node_modules\zod\src\v4\locales\th.ts","yes",
".\node_modules\zod\src\v4\locales\tr.ts","yes",
".\node_modules\zod\src\v4\locales\ua.ts","yes",
".\node_modules\zod\src\v4\locales\uk.ts","yes",
".\node_modules\zod\src\v4\locales\ur.ts","yes",
".\node_modules\zod\src\v4\locales\vi.ts","yes",
".\node_modules\zod\src\v4\locales\yo.ts","yes",
".\node_modules\zod\src\v4\locales\zh-CN.ts","yes",
".\node_modules\zod\src\v4\locales\zh-TW.ts","yes",
".\node_modules\zod\src\v4\mini\tests\assignability.test.ts","no",
".\node_modules\zod\src\v4\mini\tests\brand.test.ts","no",
".\node_modules\zod\src\v4\mini\tests\checks.test.ts","no",
".\node_modules\zod\src\v4\mini\tests\codec.test.ts","no",
".\node_modules\zod\src\v4\mini\tests\computed.test.ts","no",
".\node_modules\zod\src\v4\mini\tests\error.test.ts","no",
".\node_modules\zod\src\v4\mini\tests\functions.test.ts","no",
".\node_modules\zod\src\v4\mini\tests\index.test.ts","no",
".\node_modules\zod\src\v4\mini\tests\number.test.ts","no",
".\node_modules\zod\src\v4\mini\tests\object.test.ts","no",
".\node_modules\zod\src\v4\mini\tests\prototypes.test.ts","no",
".\node_modules\zod\src\v4\mini\tests\recursive-types.test.ts","no",
".\node_modules\zod\src\v4\mini\tests\string.test.ts","no",
".\node_modules\zod\src\v4\mini\checks.ts","no",
".\node_modules\zod\src\v4\mini\coerce.ts","no",
".\node_modules\zod\src\v4\mini\external.ts","no",
".\node_modules\zod\src\v4\mini\index.ts","no",
".\node_modules\zod\src\v4\mini\iso.ts","no",
".\node_modules\zod\src\v4\mini\parse.ts","no",
".\node_modules\zod\src\v4\mini\schemas.ts","no",
".\node_modules\zod\src\v4\index.ts","yes",
".\node_modules\zod\src\v4-mini\index.ts","no",
".\node_modules\zod\src\index.ts","yes",
".\node_modules\zod\v3\helpers\enumUtil.d.ts","no",
".\node_modules\zod\v3\helpers\errorUtil.d.ts","no",
".\node_modules\zod\v3\helpers\parseUtil.d.ts","no",
".\node_modules\zod\v3\helpers\partialUtil.d.ts","no",
".\node_modules\zod\v3\helpers\typeAliases.d.ts","no",
".\node_modules\zod\v3\helpers\util.d.ts","no",
".\node_modules\zod\v3\locales\en.d.ts","yes",
".\node_modules\zod\v3\errors.d.ts","no",
".\node_modules\zod\v3\external.d.ts","no",
".\node_modules\zod\v3\index.d.ts","yes",
".\node_modules\zod\v3\standard-schema.d.ts","no",
".\node_modules\zod\v3\types.d.ts","no",
".\node_modules\zod\v3\ZodError.d.ts","no",
".\node_modules\zod\v4\classic\checks.d.ts","no",
".\node_modules\zod\v4\classic\coerce.d.ts","no",
".\node_modules\zod\v4\classic\compat.d.ts","no",
".\node_modules\zod\v4\classic\errors.d.ts","no",
".\node_modules\zod\v4\classic\external.d.ts","no",
".\node_modules\zod\v4\classic\index.d.ts","yes",
".\node_modules\zod\v4\classic\iso.d.ts","no",
".\node_modules\zod\v4\classic\parse.d.ts","no",
".\node_modules\zod\v4\classic\schemas.d.ts","no",
".\node_modules\zod\v4\core\api.d.ts","no",
".\node_modules\zod\v4\core\checks.d.ts","no",
".\node_modules\zod\v4\core\core.d.ts","no",
".\node_modules\zod\v4\core\doc.d.ts","no",
".\node_modules\zod\v4\core\errors.d.ts","no",
".\node_modules\zod\v4\core\index.d.ts","no",
".\node_modules\zod\v4\core\json-schema.d.ts","no",
".\node_modules\zod\v4\core\parse.d.ts","no",
".\node_modules\zod\v4\core\regexes.d.ts","no",
".\node_modules\zod\v4\core\registries.d.ts","no",
".\node_modules\zod\v4\core\schemas.d.ts","no",
".\node_modules\zod\v4\core\standard-schema.d.ts","no",
".\node_modules\zod\v4\core\to-json-schema.d.ts","no",
".\node_modules\zod\v4\core\util.d.ts","no",
".\node_modules\zod\v4\core\versions.d.ts","no",
".\node_modules\zod\v4\locales\ar.d.ts","yes",
".\node_modules\zod\v4\locales\az.d.ts","yes",
".\node_modules\zod\v4\locales\be.d.ts","yes",
".\node_modules\zod\v4\locales\bg.d.ts","yes",
".\node_modules\zod\v4\locales\ca.d.ts","yes",
".\node_modules\zod\v4\locales\cs.d.ts","yes",
".\node_modules\zod\v4\locales\da.d.ts","yes",
".\node_modules\zod\v4\locales\de.d.ts","yes",
".\node_modules\zod\v4\locales\en.d.ts","yes",
".\node_modules\zod\v4\locales\eo.d.ts","yes",
".\node_modules\zod\v4\locales\es.d.ts","yes",
".\node_modules\zod\v4\locales\fa.d.ts","yes",
".\node_modules\zod\v4\locales\fi.d.ts","yes",
".\node_modules\zod\v4\locales\fr-CA.d.ts","yes",
".\node_modules\zod\v4\locales\fr.d.ts","yes",
".\node_modules\zod\v4\locales\he.d.ts","yes",
".\node_modules\zod\v4\locales\hu.d.ts","yes",
".\node_modules\zod\v4\locales\id.d.ts","yes",
".\node_modules\zod\v4\locales\index.d.ts","no",
".\node_modules\zod\v4\locales\is.d.ts","yes",
".\node_modules\zod\v4\locales\it.d.ts","yes",
".\node_modules\zod\v4\locales\ja.d.ts","yes",
".\node_modules\zod\v4\locales\ka.d.ts","yes",
".\node_modules\zod\v4\locales\kh.d.ts","yes",
".\node_modules\zod\v4\locales\km.d.ts","yes",
".\node_modules\zod\v4\locales\ko.d.ts","yes",
".\node_modules\zod\v4\locales\lt.d.ts","yes",
".\node_modules\zod\v4\locales\mk.d.ts","yes",
".\node_modules\zod\v4\locales\ms.d.ts","yes",
".\node_modules\zod\v4\locales\nl.d.ts","yes",
".\node_modules\zod\v4\locales\no.d.ts","yes",
".\node_modules\zod\v4\locales\ota.d.ts","yes",
".\node_modules\zod\v4\locales\pl.d.ts","yes",
".\node_modules\zod\v4\locales\ps.d.ts","yes",
".\node_modules\zod\v4\locales\pt.d.ts","yes",
".\node_modules\zod\v4\locales\ru.d.ts","yes",
".\node_modules\zod\v4\locales\sl.d.ts","yes",
".\node_modules\zod\v4\locales\sv.d.ts","yes",
".\node_modules\zod\v4\locales\ta.d.ts","yes",
".\node_modules\zod\v4\locales\th.d.ts","yes",
".\node_modules\zod\v4\locales\tr.d.ts","yes",
".\node_modules\zod\v4\locales\ua.d.ts","yes",
".\node_modules\zod\v4\locales\uk.d.ts","yes",
".\node_modules\zod\v4\locales\ur.d.ts","yes",
".\node_modules\zod\v4\locales\vi.d.ts","yes",
".\node_modules\zod\v4\locales\yo.d.ts","yes",
".\node_modules\zod\v4\locales\zh-CN.d.ts","yes",
".\node_modules\zod\v4\locales\zh-TW.d.ts","yes",
".\node_modules\zod\v4\mini\checks.d.ts","no",
".\node_modules\zod\v4\mini\coerce.d.ts","no",
".\node_modules\zod\v4\mini\external.d.ts","no",
".\node_modules\zod\v4\mini\index.d.ts","no",
".\node_modules\zod\v4\mini\iso.d.ts","no",
".\node_modules\zod\v4\mini\parse.d.ts","no",
".\node_modules\zod\v4\mini\schemas.d.ts","no",
".\node_modules\zod\v4\index.d.ts","yes",
".\node_modules\zod\v4-mini\index.d.ts","no",
".\node_modules\zod\index.d.ts","yes",
".\src\auth\middleware\auth.ts","yes",
".\src\auth\repositories\SessionRepository.ts","no",
".\src\auth\repositories\UserRepository.ts","no",
".\src\auth\services\AuthService.ts","yes",
".\src\auth\services\EmailService.ts","no",
".\src\auth\services\EmailValidationService.ts","no",
".\src\auth\types\AuthTypes.ts","no",
".\src\auth\utils\jwt.ts","no",
".\src\components\PremiumCTA.tsx","yes",
".\src\config\mongodb.ts","no",
".\src\config\redis.ts","no",
".\src\controllers\cosmeticController.ts","no",
".\src\controllers\deepseek.controller.ts","no",
".\src\controllers\detergentController.ts","no",
".\src\controllers\product.controller.ts","no",
".\src\controllers\scanController.ts","no",
".\src\controllers\similar.controller.ts","no",
".\src\controllers\track.controller.ts","no",
".\src\data\scientificSources2024.ts","yes",
".\src\db\pool.ts","no",
".\src\docs\swagger.ts","no",
".\src\lib\algolia.ts","yes",
".\src\lib\deepseek.ts","no",
".\src\lib\http.ts","yes",
".\src\lib\prisma.ts","no",
".\src\middleware\cacheAuthMiddleware.ts","no",
".\src\middleware\rateLimit.ts","no",
".\src\middleware\security (2).ts","no",
".\src\middleware\security.ts","no",
".\src\middleware\validation.ts","no",
".\src\models\AnalysisCache.ts","yes",
".\src\models\ChatHistory.ts","yes",
".\src\models\Product.ts","yes",
".\src\models\ProductAnalysis.ts","no",
".\src\models\User.ts","yes",
".\src\models\UserAnalytics.ts","yes",
".\src\orchestrator\jobs\dataIngestion.ts","yes",
".\src\orchestrator\index.ts","yes",
".\src\repositories\SessionRepository.ts","no",
".\src\repositories\UserRepository.ts","no",
".\src\routes\_archive_old_routes\admin.routes.ts","yes",
".\src\routes\_archive_old_routes\analyze.routes.cached.ts","no",
".\src\routes\_archive_old_routes\chat.routes.ts","no",
".\src\routes\_archive_old_routes\eco-score.routes.ts","yes",
".\src\routes\_archive_old_routes\emailValidation.ts","yes",
".\src\routes\_archive_old_routes\health.routes - Copie.ts","yes",
".\src\routes\_archive_old_routes\health.routes.ts","yes",
".\src\routes\_archive_old_routes\health.ts","yes",
".\src\routes\_archive_old_routes\multiCategory.routes.ts","yes",
".\src\routes\_archive_old_routes\productAnalysis.ts","yes",
".\src\routes\_archive_old_routes\scan.routes.ts","yes",
".\src\routes\analyze.ts","yes",
".\src\routes\chat.routes.ts","yes",
".\src\routes\compat.routes.ts","yes",
".\src\routes\vision.ts","yes",
".\src\scorers\cosmeticsScorer.ts","no",
".\src\scorers\detergentScorer.ts","no",
".\src\scorers\foodScorer.ts","no",
".\src\scripts\importOpenFoodFactsAdapted.ts","yes",
".\src\scripts\seed-affiliation.ts","no",
".\src\scripts\start-free.ts","no",
".\src\scripts\syncAlgolia.ts","yes",
".\src\scripts\testInsert.ts","no",
".\src\scripts\testRedis.ts","no",
".\src\scripts\testRedisDebug.ts","no",
".\src\services\ai\AIAnalysisService.ts","no",
".\src\services\ai\barcodeAnalyzer - Copie.ts","no",
".\src\services\ai\barcodeAnalyzer.ts","no",
".\src\services\ai\categoryDetector - Copie.ts","no",
".\src\services\ai\categoryDetector.ts","no",
".\src\services\ai\conversationalAI - Copie.ts","yes",
".\src\services\ai\conversationalAI.ts","yes",
".\src\services\ai\cosmeticClassifier - Copie.ts","no",
".\src\services\ai\cosmeticClassifier.ts","no",
".\src\services\ai\cosmeticsAnalyzer - Copie.ts","no",
".\src\services\ai\cosmeticsAnalyzer.ts","no",
".\src\services\ai\DeepSeekClient - Copie.ts","no",
".\src\services\ai\DeepSeekClient.ts","no",
".\src\services\ai\deepseekEnhanced - Copie.ts","yes",
".\src\services\ai\deepseekEnhanced.ts","yes",
".\src\services\ai\detergentClassifier - Copie.ts","no",
".\src\services\ai\detergentClassifier.ts","no",
".\src\services\ai\detergentsAnalyzer - Copie.ts","no",
".\src\services\ai\detergentsAnalyzer.ts","no",
".\src\services\ai\educationalInsights - Copie.ts","yes",
".\src\services\ai\educationalInsights.ts","yes",
".\src\services\ai\HealthScoreCalculator - Copie.ts","no",
".\src\services\ai\HealthScoreCalculator.ts","no",
".\src\services\ai\novaClassifier - Copie.ts","yes",
".\src\services\ai\novaClassifier.ts","yes",
".\src\services\ai\productTypeDetector - Copie.ts","yes",
".\src\services\ai\ultraTransformAnalyzer.ts","no",
".\src\services\cache\AnalysisCache.ts","no",
".\src\services\cache\CacheManager.ts","no",
".\src\services\cache\SessionCache.ts","no",
".\src\services\external\openFoodFactsService.ts","no",
".\src\services\analyzeService.ts","no",
".\src\services\CacheService.ts","no",
".\src\services\dedupService.ts","no",
".\src\services\eco-score.service.ts","yes",
".\src\services\LemonSqueezyService.ts","no",
".\src\services\MongoDBService.ts","no",
".\src\services\offClient.ts","no",
".\src\services\product.service.ts","yes",
".\src\services\productAnalysisService.ts","no",
".\src\services\QuotaManager.ts","no",
".\src\services\similar.service.ts","no",
".\src\services\user.service.ts","no",
".\src\services\vision.ts","no",
".\src\types\cacheTypes.ts","no",
".\src\types\express.d.ts","no",
".\src\types\scientific-analysis.types.ts","no",
".\src\types\swagger-jsdoc.d.ts","no",
".\src\types\ultra-transform.types.ts","yes",
".\src\types\user.types.ts","no",
".\src\utils\checkPremium.ts","no",
".\src\utils\errors.ts","no",
".\src\validators\product.schema.ts","no",
".\src\app.ts","yes",
".\src\index.ts","no",
".\src\server.ts","no",
".\src\testUltra.ts","no",
".\tests\products.test.ts","no",
